{"id":1,"label":"\u5934\u6761","prev":"https:\/\/api.dongqiudi.com\/app\/tabs\/web\/1.json?before=1578114864","fresh":"https:\/\/api.dongqiudi.com\/app\/tabs\/web\/1.json?action=fresh","next":"https:\/\/api.dongqiudi.com\/app\/tabs\/web\/1.json?after=1578107473&page=2","max":1578114864,"min":1578107473,"page":1,"url":"https:\/\/api.dongqiudi.com\/app\/tabs\/web\/1.json?","articles":[{"id":1311777,"title":"C\u7f57\u4e3a\u81ea\u5df1\u52a0\u6cb9\u6253\u6c14\uff1a\u65b0\u7684\u4e00\u5e74\uff0c\u76f8\u540c\u7684\u52a8\u529b","share_title":"C\u7f57\u4e3a\u81ea\u5df1\u52a0\u6cb9\u6253\u6c14\uff1a\u65b0\u7684\u4e00\u5e74\uff0c\u76f8\u540c\u7684\u52a8\u529b","description":"","b_description":"","comments_total":13,"share":"https:\/\/www.dongqiudi.com\/article\/1311777","thumb":"https:\/\/csimg2.qunliao.info\/fastdfs4\/M00\/F9\/64\/280x210\/crop\/-\/ChMf8F4QHfOAJ4E7AACp-V6p1jU710.jpg","top":false,"top_color":"","url":"https:\/\/api.dongqiudi.com\/article\/1311777.html?from=tab_1","url1":"https:\/\/api.dongqiudi.com\/article\/1311777.html?from=tab_1","scheme":"dongqiudi:\/\/\/news\/1311777","is_video":false,"new_video_detail":null,"collection_type":null,"add_to_tab":"0","is_redirect_h5":false,"ignore":"","template":"https://www.dongqiudi.com/api/app/tabs/web/news.html","show_comments":true,"published_at":"2020-01-04 13:14:24","sort_timestamp":1578114864,"channel":"article","changetop":0,"lasttime":1578114949,"relate_type":"0","click_from":"tab_1","show_time":1578114864,"stat_data":{"stat_from":"tab_1","stat_type":"article"}},{"id":1311773,"title":"\u9001\u201c\u547d\u201d\u9898\uff1f\u5fc5\u987b\u4ece\u7537\u8db3\u3001\u7537\u6392\u548c\u7537\u7bee\u4e2d\u9009\u5bf9\u8c61\uff0c\u6731\u5a77\u4f1a\u9009\u8c01\uff1f","share_title":"\u9001\u201c\u547d\u201d\u9898\uff1f\u5fc5\u987b\u4ece\u7537\u8db3\u3001\u7537\u6392\u548c\u7537\u7bee\u4e2d\u9009\u5bf9\u8c61\uff0c\u6731\u5a77\u4f1a\u9009\u8c01\uff1f","description":"","b_description":"","comments_total":19,"share":"https:\/\/www.dongqiudi.com\/article\/1311773","thumb":"https:\/\/bdimg1.qunliao.info\/tos-cn-i-j5hyufq5o6\/fastdfs4\/M00\/F9\/62\/ChNLkl4QG4SAAbVeAAYW7d79svg523.png~tplv-j5hyufq5o6-crop:280:210.jpeg","top":false,"top_color":"","url":"https:\/\/api.dongqiudi.com\/v2\/feed\/1311773.html?from=tab_1","url1":"https:\/\/api.dongqiudi.com\/v2\/feed\/1311773.html?from=tab_1","scheme":"dongqiudi:\/\/\/feed_video_detail\/1311773","is_video":true,"new_video_detail":1,"collection_type":null,"add_to_tab":null,"is_redirect_h5":false,"ignore":"","video_info":{"video_src":"https:\/\/img.qunliao.info\/IYKZ1fGL_3843118751.mp4","video_hash":"62652a93c6b0c509320550f0361b68f2","video_time":"01:02","video_mode":"player","video_width":640,"video_height":368,"visit_total":51505,"vertical_screen":0,"size":5,"video_scheme":"dongqiudi:\/\/v1\/videoFullscreen\/article\/1311773","video_image":"https:\/\/img.qunliao.info\/IYKZ1fGL_3843118751.mp4?vframe\/jpg\/offset\/1","vid":"v028406b0000bo81qjo6h8rq9d93g3g0","vid_token":"https:\/\/vod.bytedanceapi.com\/?Action=GetPlayInfo&Version=2019-03-15&video_id=v028406b0000bo81qjo6h8rq9d93g3g0&X-Amz-Expires=31622400&X-Amz-Date=20200104T050823Z&X-Amz-Algorithm=AWS4-HMAC-SHA256&X-Amz-Credential=AKLTZTI4ZjVjYzJjYTVmNDc2Yzg1ZjIxNmI2YzViYTcxODI%2F20200104%2Fcn-north-1%2Fvod%2Faws4_request&X-Amz-SignedHeaders=&X-Amz-SignedQueries=Action%3BVersion%3BX-Amz-Algorithm%3BX-Amz-Credential%3BX-Amz-Date%3BX-Amz-Expires%3BX-Amz-SignedHeaders%3Bvideo_id&X-Amz-Signature=d1a3d3c076a7f776d9c86435770f959d4639e34b3f7f2db34625c0923aca8406"},"cover":{"pic":"https:\/\/img1.qunliao.info\/fastdfs4\/M00\/F9\/62\/640x400\/-\/-\/ChNLkl4QG4SAAbVeAAYW7d79svg523.png"},"template":"https://www.dongqiudi.com/api/app/tabs/web/feed.html","show_comments":true,"published_at":"2020-01-04 13:06:20","sort_timestamp":1578114380,"author":{"name":"\u6c89\u9ed8\u7684\u8052\u566a","bg_image":"","user_id":5331152,"avatar":"https:\/\/bdimg2.qunliao.info\/tos-cn-i-j5hyufq5o6\/fastdfs2\/M00\/4A\/D4\/ChNy21p4S1-AJXdqAABEwWfGlOI241.jpg~tplv-j5hyufq5o6-scaleimage:100:0.image","icon":"https:\/\/bdimg2.qunliao.info\/tos-cn-i-j5hyufq5o6\/fastdfs2\/M00\/4A\/D4\/ChNy21p4S1-AJXdqAABEwWfGlOI241.jpg~tplv-j5hyufq5o6-scaleimage:100:0.image","level":"normal","medal_url":"","hide_declaration":"","scheme":"dongqiudi:\/\/v1\/user\/index\/5331152"},"channel":"feed_video","extend":["cover"],"changetop":0,"lasttime":1578114902,"relate_type":"0","click_from":"tab_1","show_time":1578114380,"stat_data":{"stat_from":"tab_1","stat_type":"feed_video"}},{"id":1311768,"title":"\u7533\u82b1\u68af\u961f\u6559\u7ec3\uff1a\u4e2d\u56fd\u8db3\u7403\u6b63\u5728\u8fdb\u6b65\uff0c\u4f46\u4e00\u4e9b\u89c2\u5ff5\u9700\u8981\u6539\u53d8","share_title":"\u7533\u82b1\u68af\u961f\u6559\u7ec3\uff1a\u4e2d\u56fd\u8db3\u7403\u6b63\u5728\u8fdb\u6b65\uff0c\u4f46\u4e00\u4e9b\u89c2\u5ff5\u9700\u8981\u6539\u53d8","description":"","b_description":"","comments_total":12,"share":"https:\/\/www.dongqiudi.com\/article\/1311768","thumb":"https:\/\/bdimg1.qunliao.info\/tos-cn-i-j5hyufq5o6\/fastdfs4\/M00\/F9\/63\/ChMf8F4QGUGAJYrPAAG2DsPQXcE638.jpg~tplv-j5hyufq5o6-crop:280:210.jpeg","top":false,"top_color":"","url":"https:\/\/api.dongqiudi.com\/article\/1311768.html?from=tab_1","url1":"https:\/\/api.dongqiudi.com\/article\/1311768.html?from=tab_1","scheme":"dongqiudi:\/\/\/news\/1311768","is_video":false,"new_video_detail":null,"collection_type":null,"add_to_tab":"0","is_redirect_h5":false,"ignore":"","template":"https://www.dongqiudi.com/api/app/tabs/web/news.html","show_comments":true,"published_at":"2020-01-04 12:53:16","sort_timestamp":1578113596,"channel":"article","changetop":0,"lasttime":1578114903,"relate_type":"0","click_from":"tab_1","show_time":1578113596,"stat_data":{"stat_from":"tab_1","stat_type":"article"}},{"id":1311765,"title":"\u867e\u4ec1\u732a\u5fc3\uff01\u73a9\u6e38\u620f\u83b7\u80dc\uff0c\u963f\u62c9\u5df4\u6492\u76d0\u5e86\u795d\u5632\u8bbd\u683c\u7eb3\u5e03\u91cc","share_title":"\u867e\u4ec1\u732a\u5fc3\uff01\u73a9\u6e38\u620f\u83b7\u80dc\uff0c\u963f\u62c9\u5df4\u6492\u76d0\u5e86\u795d\u5632\u8bbd\u683c\u7eb3\u5e03\u91cc","b_description":"","comments_total":13,"share":"https:\/\/www.dongqiudi.com\/article\/1311765","thumb":"https:\/\/csimg2.qunliao.info\/fastdfs4\/M00\/F9\/61\/280x210\/crop\/-\/ChNLkl4QGC6ARuibAAGS6oj6nJ0963.png","top":false,"top_color":"","url":"https:\/\/api.dongqiudi.com\/article\/1311765.html?from=tab_1","url1":"https:\/\/api.dongqiudi.com\/article\/1311765.html?from=tab_1","scheme":"dongqiudi:\/\/\/video_detail\/1311765","is_video":true,"new_video_detail":1,"collection_type":null,"add_to_tab":null,"is_redirect_h5":false,"ignore":"","video_info":{"video_src":"https:\/\/img.qunliao.info\/RaDiLVWn_6482118751.mp4","video_hash":"6775b01bcfb356b8fb075afd70fadef9","video_time":"00:21","video_mode":"player","video_width":288,"video_height":368,"visit_total":73290,"vertical_screen":0,"size":2,"video_scheme":"dongqiudi:\/\/v1\/videoFullscreen\/article\/1311765","video_image":"https:\/\/img.qunliao.info\/RaDiLVWn_6482118751.mp4?vframe\/jpg\/offset\/1","vid":"v02840190000bo81ib3rh3pa3ucjk6kg","vid_token":"https:\/\/vod.bytedanceapi.com\/?Action=GetPlayInfo&Version=2019-03-15&video_id=v02840190000bo81ib3rh3pa3ucjk6kg&X-Amz-Expires=31622400&X-Amz-Date=20200104T045042Z&X-Amz-Algorithm=AWS4-HMAC-SHA256&X-Amz-Credential=AKLTZTI4ZjVjYzJjYTVmNDc2Yzg1ZjIxNmI2YzViYTcxODI%2F20200104%2Fcn-north-1%2Fvod%2Faws4_request&X-Amz-SignedHeaders=&X-Amz-SignedQueries=Action%3BVersion%3BX-Amz-Algorithm%3BX-Amz-Credential%3BX-Amz-Date%3BX-Amz-Expires%3BX-Amz-SignedHeaders%3Bvideo_id&X-Amz-Signature=838d8019424658e0e583062ed094dfeb7ca9cda2b96c1e4b24f6a3ce4ca181b5"},"cover":{"pic":"https:\/\/img1.qunliao.info\/fastdfs4\/M00\/F9\/61\/640x400\/-\/-\/ChNLkl4QGC6ARuibAAGS6oj6nJ0963.png"},"template":"https://www.dongqiudi.com/api/app/tabs/web/top.html","show_comments":true,"published_at":"2020-01-04 12:48:39","sort_timestamp":1578113319,"channel":"video","extend":["cover"],"changetop":0,"lasttime":1578114903,"relate_type":"0","description":"","click_from":"tab_1","show_time":1578113319,"stat_data":{"stat_from":"tab_1","stat_type":"video"}},{"id":1311760,"title":"\u90ae\u62a5\uff1a\u65b0\u7ecf\u7eaa\u4eba\u548c\u963f\u5e03\u5173\u7cfb\u5f88\u597d\uff0c\u624e\u54c8\u8f6c\u4f1a\u5207\u5c14\u897f\u53ef\u80fd\u6027\u589e\u52a0","share_title":"\u90ae\u62a5\uff1a\u65b0\u7ecf\u7eaa\u4eba\u548c\u963f\u5e03\u5173\u7cfb\u5f88\u597d\uff0c\u624e\u54c8\u8f6c\u4f1a\u5207\u5c14\u897f\u53ef\u80fd\u6027\u589e\u52a0","description":"","b_description":"","comments_total":43,"share":"https:\/\/www.dongqiudi.com\/article\/1311760","thumb":"https:\/\/bdimg1.qunliao.info\/tos-cn-i-j5hyufq5o6\/fastdfs4\/M00\/F8\/B3\/ChMf8F4LT6CAS32SAAGcC3slxhM520.jpg~tplv-j5hyufq5o6-crop:280:210.jpeg","top":false,"top_color":"","url":"https:\/\/api.dongqiudi.com\/article\/1311760.html?from=tab_1","url1":"https:\/\/api.dongqiudi.com\/article\/1311760.html?from=tab_1","scheme":"dongqiudi:\/\/\/news\/1311760","is_video":false,"new_video_detail":null,"collection_type":null,"add_to_tab":"0","is_redirect_h5":false,"ignore":"","template":"https://www.dongqiudi.com/api/app/tabs/web/news.html","show_comments":true,"published_at":"2020-01-04 12:36:19","sort_timestamp":1578112579,"channel":"article","changetop":0,"lasttime":1578114904,"relate_type":"0","click_from":"tab_1","show_time":1578112579,"stat_data":{"stat_from":"tab_1","stat_type":"article"}},{"id":1311752,"title":"132\u5e74\u82f1\u56fd\u9876\u7ea7\u8054\u8d5b\u603b\u5f97\u5206\u699c\u53d8\u5316\u6392\u884c\uff1a\u7ea2\u519b\u9886\u8854\uff0c\u7fa4\u96c4\u9010\u9e7f","share_title":"132\u5e74\u82f1\u56fd\u9876\u7ea7\u8054\u8d5b\u603b\u5f97\u5206\u699c\u53d8\u5316\u6392\u884c\uff1a\u7ea2\u519b\u9886\u8854\uff0c\u7fa4\u96c4\u9010\u9e7f","b_description":"","comments_total":191,"share":"https:\/\/www.dongqiudi.com\/article\/1311752","thumb":"https:\/\/bdimg1.qunliao.info\/tos-cn-i-j5hyufq5o6\/fastdfs4\/M00\/F9\/60\/ChNLkl4QEJmACdFlAAcW3T-jpvo177.png~tplv-j5hyufq5o6-crop:280:210.jpeg","top":false,"top_color":"","url":"https:\/\/api.dongqiudi.com\/article\/1311752.html?from=tab_1","url1":"https:\/\/api.dongqiudi.com\/article\/1311752.html?from=tab_1","scheme":"dongqiudi:\/\/\/video_detail\/1311752","is_video":true,"new_video_detail":1,"collection_type":null,"add_to_tab":null,"is_redirect_h5":false,"ignore":"","video_info":{"video_src":"https:\/\/img.qunliao.info\/sXsmDgww_4811118751.mp4","video_hash":"1e102e2025358f285ba36d79c8bcac25","video_time":"01:36","video_mode":"player","video_width":480,"video_height":368,"visit_total":"200000+","vertical_screen":0,"size":8,"video_scheme":"dongqiudi:\/\/v1\/videoFullscreen\/article\/1311752","video_image":"https:\/\/img.qunliao.info\/sXsmDgww_4811118751.mp4?vframe\/jpg\/offset\/1","vid":"v028406b0000bo814o26tgq24rgmh300","vid_token":"https:\/\/vod.bytedanceapi.com\/?Action=GetPlayInfo&Version=2019-03-15&video_id=v028406b0000bo814o26tgq24rgmh300&X-Amz-Expires=31622400&X-Amz-Date=20200104T042144Z&X-Amz-Algorithm=AWS4-HMAC-SHA256&X-Amz-Credential=AKLTZTI4ZjVjYzJjYTVmNDc2Yzg1ZjIxNmI2YzViYTcxODI%2F20200104%2Fcn-north-1%2Fvod%2Faws4_request&X-Amz-SignedHeaders=&X-Amz-SignedQueries=Action%3BVersion%3BX-Amz-Algorithm%3BX-Amz-Credential%3BX-Amz-Date%3BX-Amz-Expires%3BX-Amz-SignedHeaders%3Bvideo_id&X-Amz-Signature=7d54ace0c57d597dddae32975f627cc7f09edac289d549d92e1cba99b806772d"},"cover":{"pic":"https:\/\/img1.qunliao.info\/fastdfs4\/M00\/F9\/60\/640x400\/-\/-\/ChNLkl4QEJmACdFlAAcW3T-jpvo177.png"},"template":"https://www.dongqiudi.com/api/app/tabs/web/top.html","show_comments":true,"published_at":"2020-01-04 12:19:41","sort_timestamp":1578111581,"channel":"video","extend":["cover"],"changetop":0,"lasttime":1578114904,"relate_type":"0","description":"","click_from":"tab_1","show_time":1578111581,"stat_data":{"stat_from":"tab_1","stat_type":"video"}},{"id":1311747,"title":"\u5bcc\u529b\u8463\u4e8b\u957f\uff1a\u65b0\u8d5b\u5b63\u76ee\u6807\u524d\u516b\u540d\uff0c\u624e\u54c8\u7ef4\u8fd8\u6709\u4e00\u5e74\u5408\u7ea6","share_title":"\u5bcc\u529b\u8463\u4e8b\u957f\uff1a\u65b0\u8d5b\u5b63\u76ee\u6807\u524d\u516b\u540d\uff0c\u624e\u54c8\u7ef4\u8fd8\u6709\u4e00\u5e74\u5408\u7ea6","description":"","b_description":"","comments_total":92,"share":"https:\/\/www.dongqiudi.com\/article\/1311747","thumb":"https:\/\/bdimg1.qunliao.info\/tos-cn-i-j5hyufq5o6\/fastdfs4\/M00\/F9\/5F\/ChNLkl4QDvmAd2yZAACOuNXMNZ0073.jpg~tplv-j5hyufq5o6-crop:280:210.jpeg","top":false,"top_color":"","url":"https:\/\/api.dongqiudi.com\/article\/1311747.html?from=tab_1","url1":"https:\/\/api.dongqiudi.com\/article\/1311747.html?from=tab_1","scheme":"dongqiudi:\/\/\/news\/1311747","is_video":false,"new_video_detail":null,"collection_type":null,"add_to_tab":"0","is_redirect_h5":false,"ignore":"","template":"https://www.dongqiudi.com/api/app/tabs/web/news.html","show_comments":true,"published_at":"2020-01-04 12:13:41","sort_timestamp":1578111221,"channel":"article","changetop":0,"lasttime":1578114905,"relate_type":"0","click_from":"tab_1","show_time":1578111221,"stat_data":{"stat_from":"tab_1","stat_type":"article"}},{"id":1311746,"title":"\u83ab\u8036\u65af\uff1a\u6211\u8ddf\u5b89\u5fb7\u68ee\u8bf4\uff0c\u8981\u8bc1\u660e\u81ea\u5df1\u662f\u5df4\u897f\u4eba\u5c31\u6765\u4e2a\u6851\u5df4\u5f0f\u8fdb\u7403","share_title":"\u83ab\u8036\u65af\uff1a\u6211\u8ddf\u5b89\u5fb7\u68ee\u8bf4\uff0c\u8981\u8bc1\u660e\u81ea\u5df1\u662f\u5df4\u897f\u4eba\u5c31\u6765\u4e2a\u6851\u5df4\u5f0f\u8fdb\u7403","description":"","b_description":"","comments_total":31,"share":"https:\/\/www.dongqiudi.com\/article\/1311746","thumb":"https:\/\/csimg2.qunliao.info\/fastdfs4\/M00\/F9\/5F\/280x210\/crop\/-\/ChNLkl4QDoCAO-WBAABrmoOK6-4837.jpg","top":false,"top_color":"","url":"https:\/\/api.dongqiudi.com\/article\/1311746.html?from=tab_1","url1":"https:\/\/api.dongqiudi.com\/article\/1311746.html?from=tab_1","scheme":"dongqiudi:\/\/\/news\/1311746","is_video":false,"new_video_detail":null,"collection_type":null,"add_to_tab":"0","is_redirect_h5":false,"ignore":"","template":"https://www.dongqiudi.com/api/app/tabs/web/news.html","show_comments":true,"published_at":"2020-01-04 12:09:05","sort_timestamp":1578110945,"channel":"article","changetop":0,"lasttime":1578114905,"relate_type":"0","click_from":"tab_1","show_time":1578110945,"stat_data":{"stat_from":"tab_1","stat_type":"article"}},{"id":1311659,"title":"\u516c\u544a\uff1a\u8303\u5e03\u9686\u514b\u970d\u65af\u7279\u51fa\u4efb\u5e7f\u5dde\u5bcc\u529b\u4e3b\u6559\u7ec3","share_title":"\u516c\u544a\uff1a\u8303\u5e03\u9686\u514b\u970d\u65af\u7279\u51fa\u4efb\u5e7f\u5dde\u5bcc\u529b\u4e3b\u6559\u7ec3","description":"","b_description":"","comments_total":1090,"share":"https:\/\/www.dongqiudi.com\/article\/1311659","thumb":"https:\/\/bdimg1.qunliao.info\/tos-cn-i-j5hyufq5o6\/fastdfs3\/M00\/E0\/CB\/ChONol4P2q-AOElHADHHMleh5z028.jpeg~tplv-j5hyufq5o6-crop:280:210.jpeg","top":false,"top_color":"","url":"https:\/\/api.dongqiudi.com\/v2\/feed\/1311659.html?from=tab_1","url1":"https:\/\/api.dongqiudi.com\/v2\/feed\/1311659.html?from=tab_1","scheme":"dongqiudi:\/\/\/feed\/1311659","is_video":false,"new_video_detail":null,"collection_type":null,"add_to_tab":"0","is_redirect_h5":false,"ignore":"","template":"https://www.dongqiudi.com/api/app/tabs/web/feed.html","show_comments":true,"published_at":"2020-01-04 12:02:03","sort_timestamp":1578110523,"author":{"name":"\u5e7f\u5dde\u5bcc\u529b\u8db3\u7403\u4ff1\u4e50\u90e8","bg_image":"","user_id":640957,"avatar":"https:\/\/bdimg2.qunliao.info\/tos-cn-i-j5hyufq5o6\/fastdfs4\/M00\/A2\/FE\/ChMf8FxH8euAQxevAABHuCCJDzM227.jpg~tplv-j5hyufq5o6-scaleimage:100:0.image","icon":"https:\/\/bdimg2.qunliao.info\/tos-cn-i-j5hyufq5o6\/fastdfs4\/M00\/A2\/FE\/ChMf8FxH8euAQxevAABHuCCJDzM227.jpg~tplv-j5hyufq5o6-scaleimage:100:0.image","level":"normal","medal_url":"https:\/\/img1.dongqiudi.com\/fastdfs1\/M00\/63\/B3\/o4YBAFj5pYKAetOzAAAGhNXa-yY637.png","hide_declaration":"","scheme":"dongqiudi:\/\/v1\/user\/index\/640957"},"channel":"feed","changetop":0,"lasttime":1578114906,"relate_type":"0","click_from":"tab_1","show_time":1578103200,"stat_data":{"stat_from":"tab_1","stat_type":"feed"}},{"id":1311740,"title":"\u7c73\u4f53\uff1a\u4e2d\u56fd\u548c\u4fc4\u7f57\u65af\u7403\u961f\u90fd\u6709\u610f\u90fd\u7075\u524d\u950b\u624e\u624e","share_title":"\u7c73\u4f53\uff1a\u4e2d\u56fd\u548c\u4fc4\u7f57\u65af\u7403\u961f\u90fd\u6709\u610f\u90fd\u7075\u524d\u950b\u624e\u624e","description":"","b_description":"","comments_total":91,"share":"https:\/\/www.dongqiudi.com\/article\/1311740","thumb":"https:\/\/bdimg1.qunliao.info\/tos-cn-i-j5hyufq5o6\/fastdfs4\/M00\/F9\/60\/ChNLkl4QETaAMRmHAAFq9I4edbU956.jpg~tplv-j5hyufq5o6-crop:280:210.jpeg","top":false,"top_color":"","url":"https:\/\/api.dongqiudi.com\/article\/1311740.html?from=tab_1","url1":"https:\/\/api.dongqiudi.com\/article\/1311740.html?from=tab_1","scheme":"dongqiudi:\/\/\/news\/1311740","is_video":false,"new_video_detail":null,"collection_type":null,"add_to_tab":"0","is_redirect_h5":false,"ignore":"","template":"https://www.dongqiudi.com/api/app/tabs/web/news.html","show_comments":true,"published_at":"2020-01-04 11:57:40","sort_timestamp":1578110260,"channel":"article","changetop":0,"lasttime":1578114909,"relate_type":"0","click_from":"tab_1","show_time":1578110260,"stat_data":{"stat_from":"tab_1","stat_type":"article"}},{"id":1311736,"title":"\u683c\u4f26-\u7ea6\u7ff0\u900a\uff1a\u6709\u8303\u6234\u514b\u7684\u5e2e\u52a9\u963f\u8bfa\u5fb7\u624d\u53d8\u5f97\u66f4\u5f3a","share_title":"\u683c\u4f26-\u7ea6\u7ff0\u900a\uff1a\u6709\u8303\u6234\u514b\u7684\u5e2e\u52a9\u963f\u8bfa\u5fb7\u624d\u53d8\u5f97\u66f4\u5f3a","description":"","b_description":"","comments_total":148,"share":"https:\/\/www.dongqiudi.com\/article\/1311736","thumb":"https:\/\/bdimg1.qunliao.info\/tos-cn-i-j5hyufq5o6\/fastdfs4\/M00\/F9\/60\/ChMf8F4QBqmABMhZAAEnq7dMt4g398.jpg~tplv-j5hyufq5o6-crop:280:210.jpeg","top":false,"top_color":"","url":"https:\/\/api.dongqiudi.com\/article\/1311736.html?from=tab_1","url1":"https:\/\/api.dongqiudi.com\/article\/1311736.html?from=tab_1","scheme":"dongqiudi:\/\/\/news\/1311736","is_video":false,"new_video_detail":null,"collection_type":null,"add_to_tab":"0","is_redirect_h5":false,"ignore":"","template":"https://www.dongqiudi.com/api/app/tabs/web/news.html","show_comments":true,"published_at":"2020-01-04 11:49:26","sort_timestamp":1578109766,"channel":"article","changetop":0,"lasttime":1578114911,"relate_type":"0","click_from":"tab_1","show_time":1578109766,"stat_data":{"stat_from":"tab_1","stat_type":"article"}},{"id":1311735,"title":"BBC\u8bb0\u8005\uff1a\u7d22\u5c14\u65af\u514b\u4e9a\u786e\u8ba4\u9a6c\u8482\u5947\u5c06\u7559\u5728\u66fc\u8054","share_title":"BBC\u8bb0\u8005\uff1a\u7d22\u5c14\u65af\u514b\u4e9a\u786e\u8ba4\u9a6c\u8482\u5947\u5c06\u7559\u5728\u66fc\u8054","description":"","b_description":"","comments_total":81,"share":"https:\/\/www.dongqiudi.com\/article\/1311735","thumb":"https:\/\/csimg2.qunliao.info\/fastdfs4\/M00\/E7\/DB\/280x210\/crop\/-\/ChMf8F2vmoyAIXznAAKRJIWMHNM015.jpg","top":false,"top_color":"","url":"https:\/\/api.dongqiudi.com\/article\/1311735.html?from=tab_1","url1":"https:\/\/api.dongqiudi.com\/article\/1311735.html?from=tab_1","scheme":"dongqiudi:\/\/\/news\/1311735","is_video":false,"new_video_detail":null,"collection_type":null,"add_to_tab":"0","is_redirect_h5":false,"ignore":"","template":"https://www.dongqiudi.com/api/app/tabs/web/news.html","show_comments":true,"published_at":"2020-01-04 11:44:57","sort_timestamp":1578109497,"channel":"article","changetop":0,"lasttime":1578114911,"relate_type":"0","click_from":"tab_1","show_time":1578109497,"stat_data":{"stat_from":"tab_1","stat_type":"article"}},{"id":1311734,"title":"\u5fb7\u5a92\u8bc4\u6c99\u5c14\u514b\u8fc7\u53bb\u5341\u5e74\u6700\u4f73\u9635\u5bb9\uff1a\u4ea8\u7279\u62c9\u5c14\u548c\u52b3\u5c14\u9886\u8854","share_title":"\u5fb7\u5a92\u8bc4\u6c99\u5c14\u514b\u8fc7\u53bb\u5341\u5e74\u6700\u4f73\u9635\u5bb9\uff1a\u4ea8\u7279\u62c9\u5c14\u548c\u52b3\u5c14\u9886\u8854","description":"","b_description":"","comments_total":81,"share":"https:\/\/www.dongqiudi.com\/article\/1311734","thumb":"https:\/\/bdimg1.qunliao.info\/tos-cn-i-j5hyufq5o6\/fastdfs4\/M00\/F9\/61\/ChMf8F4QB9mAJdi6AAFDQrdXBkM173.jpg~tplv-j5hyufq5o6-crop:280:210.jpeg","top":false,"top_color":"","url":"https:\/\/api.dongqiudi.com\/article\/1311734.html?from=tab_1","url1":"https:\/\/api.dongqiudi.com\/article\/1311734.html?from=tab_1","scheme":"dongqiudi:\/\/\/news\/1311734","is_video":false,"new_video_detail":null,"collection_type":null,"add_to_tab":"0","is_redirect_h5":false,"ignore":"","template":"https://www.dongqiudi.com/api/app/tabs/web/news.html","show_comments":true,"published_at":"2020-01-04 11:38:52","sort_timestamp":1578109132,"channel":"article","changetop":0,"lasttime":1578114912,"relate_type":"0","click_from":"tab_1","show_time":1578109132,"stat_data":{"stat_from":"tab_1","stat_type":"article"}},{"id":1311732,"title":"\u771f\u5feb\u4e50\u8db3\u7403\uff01\u66fc\u57ce\u961f\u5185\u8bad\u7ec3\u53d8\u821e\u738b\u5927\u8d5b\uff0c\u8c01\u7684\u821e\u59ff\u6700\u9a9a\u6c14\uff1f","share_title":"\u771f\u5feb\u4e50\u8db3\u7403\uff01\u66fc\u57ce\u961f\u5185\u8bad\u7ec3\u53d8\u821e\u738b\u5927\u8d5b\uff0c\u8c01\u7684\u821e\u59ff\u6700\u9a9a\u6c14\uff1f","b_description":"","comments_total":46,"share":"https:\/\/www.dongqiudi.com\/article\/1311732","thumb":"https:\/\/bdimg1.qunliao.info\/tos-cn-i-j5hyufq5o6\/fastdfs4\/M00\/F9\/5E\/ChNLkl4QBpSARLqcAAfiJR-_vq4291.png~tplv-j5hyufq5o6-crop:280:210.jpeg","top":false,"top_color":"","url":"https:\/\/api.dongqiudi.com\/article\/1311732.html?from=tab_1","url1":"https:\/\/api.dongqiudi.com\/article\/1311732.html?from=tab_1","scheme":"dongqiudi:\/\/\/video_detail\/1311732","is_video":true,"new_video_detail":1,"collection_type":null,"add_to_tab":null,"is_redirect_h5":false,"ignore":"","video_info":{"video_src":"https:\/\/img.qunliao.info\/bdDQDGes_2358018751.mp4","video_hash":"8faff45b360bbdfb943378c8f925874f","video_time":"01:04","video_mode":"player","video_width":640,"video_height":368,"visit_total":"200000+","vertical_screen":0,"size":5,"video_scheme":"dongqiudi:\/\/v1\/videoFullscreen\/article\/1311732","video_image":"https:\/\/img.qunliao.info\/bdDQDGes_2358018751.mp4?vframe\/jpg\/offset\/1","vid":"v028406b0000bo80g4mj5ugls1gd89qg","vid_token":"https:\/\/vod.bytedanceapi.com\/?Action=GetPlayInfo&Version=2019-03-15&video_id=v028406b0000bo80g4mj5ugls1gd89qg&X-Amz-Expires=31622400&X-Amz-Date=20200104T033744Z&X-Amz-Algorithm=AWS4-HMAC-SHA256&X-Amz-Credential=AKLTZTI4ZjVjYzJjYTVmNDc2Yzg1ZjIxNmI2YzViYTcxODI%2F20200104%2Fcn-north-1%2Fvod%2Faws4_request&X-Amz-SignedHeaders=&X-Amz-SignedQueries=Action%3BVersion%3BX-Amz-Algorithm%3BX-Amz-Credential%3BX-Amz-Date%3BX-Amz-Expires%3BX-Amz-SignedHeaders%3Bvideo_id&X-Amz-Signature=2f8e191c0d0ce2053909a0b58412d23bc5d96413092b6cb06cb044039746b120"},"cover":{"pic":"https:\/\/img1.qunliao.info\/fastdfs4\/M00\/F9\/5E\/640x400\/-\/-\/ChNLkl4QBpSARLqcAAfiJR-_vq4291.png"},"template":"https://www.dongqiudi.com/api/app/tabs/web/top.html","show_comments":true,"published_at":"2020-01-04 11:35:41","sort_timestamp":1578108941,"channel":"video","extend":["cover"],"changetop":0,"lasttime":1578114612,"relate_type":"0","description":"","click_from":"tab_1","show_time":1578108941,"stat_data":{"stat_from":"tab_1","stat_type":"video"}},{"id":1311727,"title":"\u5b98\u65b9\uff1a\u524d\u56fd\u5b89\u4e3b\u5e05\u4f55\u585e-\u5188\u8428\u96f7\u65af\u6267\u6559\u6b66\u6c49","share_title":"\u5b98\u65b9\uff1a\u524d\u56fd\u5b89\u4e3b\u5e05\u4f55\u585e-\u5188\u8428\u96f7\u65af\u6267\u6559\u6b66\u6c49","description":"","b_description":"","comments_total":923,"share":"https:\/\/www.dongqiudi.com\/article\/1311727","thumb":"https:\/\/csimg2.qunliao.info\/fastdfs4\/M00\/F9\/5E\/280x210\/crop\/-\/ChNLkl4QBjqASz9OAAoYi14obmM626.png","top":false,"top_color":"","url":"https:\/\/api.dongqiudi.com\/article\/1311727.html?from=tab_1","url1":"https:\/\/api.dongqiudi.com\/article\/1311727.html?from=tab_1","scheme":"dongqiudi:\/\/\/news\/1311727","is_video":false,"new_video_detail":null,"collection_type":null,"add_to_tab":"0","is_redirect_h5":false,"ignore":"","template":"https://www.dongqiudi.com/api/app/tabs/web/news.html","show_comments":true,"published_at":"2020-01-04 11:27:02","sort_timestamp":1578108422,"channel":"article","changetop":0,"lasttime":1578114909,"relate_type":"0","click_from":"tab_1","show_time":1578108422,"stat_data":{"stat_from":"tab_1","stat_type":"article"}},{"id":1311724,"title":"\u8ddf\u961f\u8bb0\u8005\uff1a\u6258\u8fea\u535a\u503e\u5411\u4e8e\u52a0\u76df\u7c73\u5170\uff0c\u660e\u5929\u53ef\u80fd\u544a\u77e5\u7ecf\u7eaa\u4eba\u548c\u7403\u961f","share_title":"\u8ddf\u961f\u8bb0\u8005\uff1a\u6258\u8fea\u535a\u503e\u5411\u4e8e\u52a0\u76df\u7c73\u5170\uff0c\u660e\u5929\u53ef\u80fd\u544a\u77e5\u7ecf\u7eaa\u4eba\u548c\u7403\u961f","description":"","b_description":"","comments_total":105,"share":"https:\/\/www.dongqiudi.com\/article\/1311724","thumb":"https:\/\/bdimg1.qunliao.info\/tos-cn-i-j5hyufq5o6\/fastdfs4\/M00\/C8\/1C\/ChNLklxVH1eAWA3RAAHARBqbGig390.jpg~tplv-j5hyufq5o6-crop:280:210.jpeg","top":false,"top_color":"","url":"https:\/\/api.dongqiudi.com\/article\/1311724.html?from=tab_1","url1":"https:\/\/api.dongqiudi.com\/article\/1311724.html?from=tab_1","scheme":"dongqiudi:\/\/\/news\/1311724","is_video":false,"new_video_detail":null,"collection_type":null,"add_to_tab":"0","is_redirect_h5":false,"ignore":"","template":"https://www.dongqiudi.com/api/app/tabs/web/news.html","show_comments":true,"published_at":"2020-01-04 11:24:58","sort_timestamp":1578108298,"channel":"article","changetop":0,"lasttime":1578113111,"relate_type":"0","click_from":"tab_1","show_time":1578108298,"stat_data":{"stat_from":"tab_1","stat_type":"article"}},{"id":1311722,"title":"\u963f\u65af\uff1a\u60f3\u5728\u51ac\u7a97\u9001\u8d70\u9a6c\u91cc\u4e9a\u8bfa\uff0c\u7687\u9a6c\u613f\u610f\u5e2e\u4e0b\u5bb6\u627f\u62c5\u90e8\u5206\u5de5\u8d44","share_title":"\u963f\u65af\uff1a\u60f3\u5728\u51ac\u7a97\u9001\u8d70\u9a6c\u91cc\u4e9a\u8bfa\uff0c\u7687\u9a6c\u613f\u610f\u5e2e\u4e0b\u5bb6\u627f\u62c5\u90e8\u5206\u5de5\u8d44","description":"","b_description":"","comments_total":136,"share":"https:\/\/www.dongqiudi.com\/article\/1311722","thumb":"https:\/\/bdimg1.qunliao.info\/tos-cn-i-j5hyufq5o6\/fastdfs4\/M00\/F9\/5D\/ChNLkl4QApyAWt90AAFnJfNCPTk151.jpg~tplv-j5hyufq5o6-crop:280:210.jpeg","top":false,"top_color":"","url":"https:\/\/api.dongqiudi.com\/article\/1311722.html?from=tab_1","url1":"https:\/\/api.dongqiudi.com\/article\/1311722.html?from=tab_1","scheme":"dongqiudi:\/\/\/news\/1311722","is_video":false,"new_video_detail":null,"collection_type":null,"add_to_tab":"0","is_redirect_h5":false,"ignore":"","template":"https://www.dongqiudi.com/api/app/tabs/web/news.html","show_comments":true,"published_at":"2020-01-04 11:14:51","sort_timestamp":1578107691,"channel":"article","changetop":0,"lasttime":1578112511,"relate_type":"0","click_from":"tab_1","show_time":1578107691,"stat_data":{"stat_from":"tab_1","stat_type":"article"}},{"id":1311720,"title":"BR\u8db3\u7403\uff1a\u70ed\u523a\u548c\u5c24\u6587\u6709\u610f\u535a\u963f\u6ed5\uff0c\u9886\u5148\u963f\u68ee\u7eb3","share_title":"BR\u8db3\u7403\uff1a\u70ed\u523a\u548c\u5c24\u6587\u6709\u610f\u535a\u963f\u6ed5\uff0c\u9886\u5148\u963f\u68ee\u7eb3","description":"","b_description":"","comments_total":119,"share":"https:\/\/www.dongqiudi.com\/article\/1311720","thumb":"https:\/\/csimg2.qunliao.info\/fastdfs4\/M00\/F9\/5F\/280x210\/crop\/-\/ChMf8F4QAlSABKmhAAGWPEi0w2g905.jpg","top":false,"top_color":"","url":"https:\/\/api.dongqiudi.com\/article\/1311720.html?from=tab_1","url1":"https:\/\/api.dongqiudi.com\/article\/1311720.html?from=tab_1","scheme":"dongqiudi:\/\/\/news\/1311720","is_video":false,"new_video_detail":null,"collection_type":null,"add_to_tab":"0","is_redirect_h5":false,"ignore":"","template":"https://www.dongqiudi.com/api/app/tabs/web/news.html","show_comments":true,"published_at":"2020-01-04 11:12:30","sort_timestamp":1578107550,"channel":"article","changetop":0,"lasttime":1578111310,"relate_type":"0","click_from":"tab_1","show_time":1578107550,"stat_data":{"stat_from":"tab_1","stat_type":"article"}},{"id":1311717,"title":"\u8303\u5e03\u9686\u514b\u970d\u65af\u7279\uff1a\u60f3\u8e22\u51fa\u653b\u5b88\u5e73\u8861\u7684\u7f8e\u4e3d\u8db3\u7403\uff1b\u5f88\u9ad8\u5174\u6765\u5230\u4e2d\u8d85","share_title":"\u8303\u5e03\u9686\u514b\u970d\u65af\u7279\uff1a\u60f3\u8e22\u51fa\u653b\u5b88\u5e73\u8861\u7684\u7f8e\u4e3d\u8db3\u7403\uff1b\u5f88\u9ad8\u5174\u6765\u5230\u4e2d\u8d85","description":"","b_description":"","comments_total":102,"share":"https:\/\/www.dongqiudi.com\/article\/1311717","thumb":"https:\/\/bdimg1.qunliao.info\/tos-cn-i-j5hyufq5o6\/fastdfs3\/M00\/E0\/CF\/ChONol4QAUuAM69mABjhOod2ZI0373.JPG~tplv-j5hyufq5o6-crop:280:210.jpeg","top":false,"top_color":"","url":"https:\/\/api.dongqiudi.com\/v2\/feed\/1311717.html?from=tab_1","url1":"https:\/\/api.dongqiudi.com\/v2\/feed\/1311717.html?from=tab_1","scheme":"dongqiudi:\/\/\/feed\/1311717","is_video":false,"new_video_detail":null,"collection_type":null,"add_to_tab":"0","is_redirect_h5":false,"ignore":"","template":"https://www.dongqiudi.com/api/app/tabs/web/feed.html","show_comments":true,"published_at":"2020-01-04 11:11:14","sort_timestamp":1578107474,"author":{"name":"\u5e7f\u5dde\u5bcc\u529b\u8db3\u7403\u4ff1\u4e50\u90e8","bg_image":"","user_id":640957,"avatar":"https:\/\/bdimg2.qunliao.info\/tos-cn-i-j5hyufq5o6\/fastdfs4\/M00\/A2\/FE\/ChMf8FxH8euAQxevAABHuCCJDzM227.jpg~tplv-j5hyufq5o6-scaleimage:100:0.image","icon":"https:\/\/bdimg2.qunliao.info\/tos-cn-i-j5hyufq5o6\/fastdfs4\/M00\/A2\/FE\/ChMf8FxH8euAQxevAABHuCCJDzM227.jpg~tplv-j5hyufq5o6-scaleimage:100:0.image","level":"normal","medal_url":"https:\/\/img1.dongqiudi.com\/fastdfs1\/M00\/63\/B3\/o4YBAFj5pYKAetOzAAAGhNXa-yY637.png","hide_declaration":"","scheme":"dongqiudi:\/\/v1\/user\/index\/640957"},"channel":"feed","changetop":0,"lasttime":1578114910,"relate_type":"0","click_from":"tab_1","show_time":1578107474,"stat_data":{"stat_from":"tab_1","stat_type":"feed"}}],"recommend":[{"id":1311659,"title":"\u516c\u544a\uff1a\u8303\u5e03\u9686\u514b\u970d\u65af\u7279\u51fa\u4efb\u5e7f\u5dde\u5bcc\u529b\u4e3b\u6559\u7ec3","share_title":"\u516c\u544a\uff1a\u8303\u5e03\u9686\u514b\u970d\u65af\u7279\u51fa\u4efb\u5e7f\u5dde\u5bcc\u529b\u4e3b\u6559\u7ec3","description":null,"b_description":"","comments_total":1086,"share":"https:\/\/www.dongqiudi.com\/article\/1311659","thumb":"https:\/\/bdimg1.qunliao.info\/tos-cn-i-j5hyufq5o6\/fastdfs3\/M00\/E0\/CB\/ChONol4P2q-AOElHADHHMleh5z028.jpeg~tplv-j5hyufq5o6-crop:900:360.jpeg","top":false,"top_color":"","url":"dongqiudi:\/\/\/feed\/1311659","url1":"dongqiudi:\/\/\/feed\/1311659","scheme":"dongqiudi:\/\/\/feed\/1311659","is_video":false,"new_video_detail":null,"collection_type":null,"add_to_tab":"0","is_redirect_h5":false,"ignore":"","template":"https://www.dongqiudi.com/api/app/tabs/web/feed.html","show_comments":true,"published_at":"2020-01-04 12:02:03","sort_timestamp":1578110523,"author":{"name":"\u5e7f\u5dde\u5bcc\u529b\u8db3\u7403\u4ff1\u4e50\u90e8","bg_image":"","user_id":640957,"avatar":"https:\/\/bdimg2.qunliao.info\/tos-cn-i-j5hyufq5o6\/fastdfs4\/M00\/A2\/FE\/ChMf8FxH8euAQxevAABHuCCJDzM227.jpg~tplv-j5hyufq5o6-scaleimage:100:0.image","icon":"https:\/\/bdimg2.qunliao.info\/tos-cn-i-j5hyufq5o6\/fastdfs4\/M00\/A2\/FE\/ChMf8FxH8euAQxevAABHuCCJDzM227.jpg~tplv-j5hyufq5o6-scaleimage:100:0.image","level":"normal","medal_url":"https:\/\/img1.qunliao.info\/fastdfs4\/M00\/CB\/54\/ChMf8F1AGvaAeLARAAAF2RP93Bs240.png","hide_declaration":"","scheme":"dongqiudi:\/\/v1\/user\/index\/640957"},"channel":"feed","archivetopic":"","changetop":0,"lasttime":1578114906},{"id":1311621,"title":"\u61c2\u7403\u5c0f\u6d4b\u8bd5\uff1a\u8db3\u575b\u8de8\u5e74\u665a\u4f1a\uff0c\u90fd\u8be5\u9080\u8bf7\u8c01\u597d\u5462\uff1f","share_title":"\u61c2\u7403\u5c0f\u6d4b\u8bd5\uff1a\u8db3\u575b\u8de8\u5e74\u665a\u4f1a\uff0c\u90fd\u8be5\u9080\u8bf7\u8c01\u597d\u5462\uff1f","description":"","b_description":"","comments_total":346,"share":"https:\/\/www.dongqiudi.com\/article\/1311621","thumb":"https:\/\/bdimg1.qunliao.info\/tos-cn-i-j5hyufq5o6\/fastdfs4\/M00\/F9\/60\/ChMf8F4QA7OAbpKNABR4RRZKExQ625.jpg~tplv-j5hyufq5o6-crop:900:360.jpeg","top":false,"top_color":"","url":"https:\/\/api.dongqiudi.com\/quiz\/515?aid=1311621","url1":"https:\/\/api.dongqiudi.com\/quiz\/515?aid=1311621","scheme":"https:\/\/api.dongqiudi.com\/quiz\/515?aid=1311621","is_video":false,"new_video_detail":null,"collection_type":null,"add_to_tab":"0","is_redirect_h5":true,"ignore":"","template":"https://www.dongqiudi.com/api/app/tabs/web/news.html","show_comments":true,"published_at":"2020-01-04 12:00:00","sort_timestamp":1578110400,"author":{"name":"CaptainThanos"},"channel":"article","label":"\u95f2\u60c5","label_color":"#4782c4","archivetopic":"\u95f2\u60c5","changetop":5,"lasttime":1578114906},{"id":1311727,"title":"\u5b98\u65b9\uff1a\u524d\u56fd\u5b89\u4e3b\u5e05\u4f55\u585e-\u5188\u8428\u96f7\u65af\u6267\u6559\u6b66\u6c49","share_title":"\u5b98\u65b9\uff1a\u524d\u56fd\u5b89\u4e3b\u5e05\u4f55\u585e-\u5188\u8428\u96f7\u65af\u6267\u6559\u6b66\u6c49","description":"","b_description":"","comments_total":918,"share":"https:\/\/www.dongqiudi.com\/article\/1311727","thumb":"https:\/\/csimg2.qunliao.info\/fastdfs4\/M00\/F9\/5E\/900x360\/crop\/-\/ChNLkl4QBjqASz9OAAoYi14obmM626.png","top":false,"top_color":"","url":"https:\/\/api.dongqiudi.com\/article\/1311727.html","url1":"https:\/\/api.dongqiudi.com\/article\/1311727.html","scheme":"dongqiudi:\/\/\/news\/1311727","is_video":false,"new_video_detail":null,"collection_type":null,"add_to_tab":"0","is_redirect_h5":false,"ignore":"","template":"https://www.dongqiudi.com/api/app/tabs/web/news.html","show_comments":true,"published_at":"2020-01-04 11:27:02","sort_timestamp":1578108422,"author":{"name":"\u96f7\u6770\u6df1"},"channel":"article","archivetopic":"","changetop":0,"lasttime":1578114909},{"id":1311445,"title":"\u5728\u7403\u573a\u4e0a\u8fd8\u80fd\u9760\u53d1\u578b\u53d6\u80dc\uff1f","share_title":"\u5728\u7403\u573a\u4e0a\u8fd8\u80fd\u9760\u53d1\u578b\u53d6\u80dc\uff1f","description":"","b_description":"","comments_total":450,"share":"https:\/\/www.dongqiudi.com\/article\/1311445","thumb":"https:\/\/bdimg1.qunliao.info\/tos-cn-i-j5hyufq5o6\/fastdfs4\/M00\/F9\/55\/ChNLkl4PhvuAfbtpAAF_X-fQhoM709.jpg~tplv-j5hyufq5o6-crop:900:360.jpeg","top":false,"top_color":"","url":"https:\/\/api.dongqiudi.com\/article\/1311445.html","url1":"https:\/\/api.dongqiudi.com\/article\/1311445.html","scheme":"dongqiudi:\/\/\/news\/1311445","is_video":false,"new_video_detail":null,"collection_type":null,"add_to_tab":"0","is_redirect_h5":false,"ignore":"","template":"https://www.dongqiudi.com/api/app/tabs/web/news.html","show_comments":true,"published_at":"2020-01-04 09:45:27","sort_timestamp":1578102327,"author":{"name":"\u859b\u5bb6\u5c6f\u7684\u72d7\u5a03\u7231\u7c73\u5170"},"channel":"article","label":"\u8f6c\u8f7d","label_color":"#4782c4","archivetopic":"","changetop":0,"lasttime":1578108969},{"id":1311614,"title":"\u5df4\u8428\u52a0\u6cf0\u5fb7\u6bd4\u540d\u5355\uff1a\u7279\u5c14\u65bd\u7279\u6839\u4f24\u7f3a\uff0c\u6cd5\u8482\u3001\u6bd4\u8fbe\u5c14\u5165\u9009","share_title":"\u5df4\u8428\u52a0\u6cf0\u5fb7\u6bd4\u540d\u5355\uff1a\u7279\u5c14\u65bd\u7279\u6839\u4f24\u7f3a\uff0c\u6cd5\u8482\u3001\u6bd4\u8fbe\u5c14\u5165\u9009","description":"","b_description":"","comments_total":1304,"share":"https:\/\/www.dongqiudi.com\/article\/1311614","thumb":"https:\/\/bdimg1.qunliao.info\/tos-cn-i-j5hyufq5o6\/fastdfs4\/M00\/F9\/55\/ChNLkl4Plc6ALRXkAADLvZbMNiA612.jpg~tplv-j5hyufq5o6-crop:900:360.jpeg","top":false,"top_color":"","url":"https:\/\/api.dongqiudi.com\/article\/1311614.html","url1":"https:\/\/api.dongqiudi.com\/article\/1311614.html","scheme":"dongqiudi:\/\/\/news\/1311614","is_video":false,"new_video_detail":null,"collection_type":null,"add_to_tab":"0","is_redirect_h5":false,"ignore":"","template":"https://www.dongqiudi.com/api/app/tabs/web/news.html","show_comments":true,"published_at":"2020-01-04 05:00:59","sort_timestamp":1578085259,"author":{"name":"Elix_wang"},"channel":"article","archivetopic":"\u52a0\u6cf0\u5fb7\u6bd4","changetop":0,"lasttime":1578112474}],"hotwords":"D\u7ad9\u5927\u7206\u70b8"}