{"id":104,"label":"\u70ed\u95e8","prev":"https:\/\/api.dongqiudi.com\/app\/tabs\/web\/104.json?before=1578099870","fresh":"https:\/\/api.dongqiudi.com\/app\/tabs\/web\/104.json?action=fresh","next":"https:\/\/api.dongqiudi.com\/app\/tabs\/web\/104.json?after=2243.8374552778&page=2","max":1578099870,"min":2243.8374552777777,"page":1,"url":"https:\/\/api.dongqiudi.com\/app\/tabs\/web\/104.json?","contents":[{"id":1311666,"title":"\u7d22\u5c14\u65af\u514b\u4e9a\u56de\u5e94\u8303\u4f69\u897f\uff1a\u4f60\u53ef\u80fd\u65e0\u6743\u8bc4\u4ef7\u6211\u7684\u7ba1\u7406\u98ce\u683c","share_title":"\u7d22\u5c14\u65af\u514b\u4e9a\u56de\u5e94\u8303\u4f69\u897f\uff1a\u4f60\u53ef\u80fd\u65e0\u6743\u8bc4\u4ef7\u6211\u7684\u7ba1\u7406\u98ce\u683c","description":"","b_description":"","comments_total":1274,"share":"https:\/\/www.dongqiudi.com\/article\/1311666","thumb":"https:\/\/bdimg1.qunliao.info\/tos-cn-i-j5hyufq5o6\/fastdfs4\/M00\/F7\/A4\/ChNLkl4FE_yAQpBTAAFqKsDExSk844.jpg~tplv-j5hyufq5o6-crop:280:210.jpeg","top":false,"top_color":"","url":"https:\/\/api.dongqiudi.com\/article\/1311666.html?from=tab_104","url1":"https:\/\/api.dongqiudi.com\/article\/1311666.html?from=tab_104","scheme":"dongqiudi:\/\/\/news\/1311666","is_video":false,"new_video_detail":null,"collection_type":null,"add_to_tab":"0","is_redirect_h5":false,"ignore":"","template":"https://www.dongqiudi.com/api/app/tabs/web/news.html","show_comments":true,"published_at":"2020-01-04 09:04:30","sort_timestamp":1578099870,"channel":"article","changetop":0,"lasttime":1578112540,"relate_type":"0","click_from":"tab_104","show_time":1578099870,"stat_data":{"stat_from":"tab_104","stat_type":"article"}},{"id":1311614,"title":"\u5df4\u8428\u52a0\u6cf0\u5fb7\u6bd4\u540d\u5355\uff1a\u7279\u5c14\u65bd\u7279\u6839\u4f24\u7f3a\uff0c\u6cd5\u8482\u3001\u6bd4\u8fbe\u5c14\u5165\u9009","share_title":"\u5df4\u8428\u52a0\u6cf0\u5fb7\u6bd4\u540d\u5355\uff1a\u7279\u5c14\u65bd\u7279\u6839\u4f24\u7f3a\uff0c\u6cd5\u8482\u3001\u6bd4\u8fbe\u5c14\u5165\u9009","description":"","b_description":"","comments_total":1857,"share":"https:\/\/www.dongqiudi.com\/article\/1311614","thumb":"https:\/\/csimg2.qunliao.info\/fastdfs4\/M00\/F9\/55\/280x210\/crop\/-\/ChNLkl4PkBeAK-cYAAOMvX7fns0420.jpg","top":false,"top_color":"","url":"https:\/\/api.dongqiudi.com\/article\/1311614.html?from=tab_104","url1":"https:\/\/api.dongqiudi.com\/article\/1311614.html?from=tab_104","scheme":"dongqiudi:\/\/\/news\/1311614","is_video":false,"new_video_detail":null,"collection_type":null,"add_to_tab":"0","is_redirect_h5":false,"ignore":"","template":"https://www.dongqiudi.com/api/app/tabs/web/news.html","show_comments":true,"published_at":"2020-01-04 05:00:59","sort_timestamp":1578085259,"channel":"article","changetop":0,"lasttime":1578112474,"relate_type":"0","topic_tags":[{"content":"\u52a0\u6cf0\u5fb7\u6bd4","scheme":"dongqiudi:\/\/v3\/topic\/topicDetail?param={\"topicName\":\"\\u52a0\\u6cf0\\u5fb7\\u6bd4\"}"}],"click_from":"tab_104","show_time":1578078359,"stat_data":{"stat_from":"tab_104","stat_type":"article"}},{"id":1311727,"title":"\u5b98\u65b9\uff1a\u524d\u56fd\u5b89\u4e3b\u5e05\u4f55\u585e-\u5188\u8428\u96f7\u65af\u6267\u6559\u6b66\u6c49","share_title":"\u5b98\u65b9\uff1a\u524d\u56fd\u5b89\u4e3b\u5e05\u4f55\u585e-\u5188\u8428\u96f7\u65af\u6267\u6559\u6b66\u6c49","description":"","b_description":"","comments_total":916,"share":"https:\/\/www.dongqiudi.com\/article\/1311727","thumb":"https:\/\/csimg2.qunliao.info\/fastdfs4\/M00\/F9\/5E\/280x210\/crop\/-\/ChNLkl4QBjqASz9OAAoYi14obmM626.png","top":false,"top_color":"","url":"https:\/\/api.dongqiudi.com\/article\/1311727.html?from=tab_104","url1":"https:\/\/api.dongqiudi.com\/article\/1311727.html?from=tab_104","scheme":"dongqiudi:\/\/\/news\/1311727","is_video":false,"new_video_detail":null,"collection_type":null,"add_to_tab":"0","is_redirect_h5":false,"ignore":"","template":"https://www.dongqiudi.com/api/app/tabs/web/news.html","show_comments":true,"published_at":"2020-01-04 11:27:02","sort_timestamp":1578108422,"channel":"article","changetop":0,"lasttime":1578114609,"relate_type":"0","click_from":"tab_104","show_time":1578108422,"stat_data":{"stat_from":"tab_104","stat_type":"article"}},{"id":1311659,"title":"\u516c\u544a\uff1a\u8303\u5e03\u9686\u514b\u970d\u65af\u7279\u51fa\u4efb\u5e7f\u5dde\u5bcc\u529b\u4e3b\u6559\u7ec3","share_title":"\u516c\u544a\uff1a\u8303\u5e03\u9686\u514b\u970d\u65af\u7279\u51fa\u4efb\u5e7f\u5dde\u5bcc\u529b\u4e3b\u6559\u7ec3","description":"","b_description":"","comments_total":1085,"share":"https:\/\/www.dongqiudi.com\/article\/1311659","thumb":"https:\/\/bdimg1.qunliao.info\/tos-cn-i-j5hyufq5o6\/fastdfs3\/M00\/E0\/CB\/ChONol4P2q-AOElHADHHMleh5z028.jpeg~tplv-j5hyufq5o6-crop:280:210.jpeg","top":false,"top_color":"","url":"https:\/\/api.dongqiudi.com\/v2\/feed\/1311659.html?from=tab_104","url1":"https:\/\/api.dongqiudi.com\/v2\/feed\/1311659.html?from=tab_104","scheme":"dongqiudi:\/\/\/feed\/1311659","is_video":false,"new_video_detail":null,"collection_type":null,"add_to_tab":"0","is_redirect_h5":false,"ignore":"","template":"https://www.dongqiudi.com/api/app/tabs/web/feed.html","show_comments":true,"published_at":"2020-01-04 12:02:03","sort_timestamp":1578110523,"author":{"name":"\u5e7f\u5dde\u5bcc\u529b\u8db3\u7403\u4ff1\u4e50\u90e8","bg_image":"","user_id":640957,"avatar":"https:\/\/bdimg2.qunliao.info\/tos-cn-i-j5hyufq5o6\/fastdfs4\/M00\/A2\/FE\/ChMf8FxH8euAQxevAABHuCCJDzM227.jpg~tplv-j5hyufq5o6-scaleimage:100:0.image","icon":"https:\/\/bdimg2.qunliao.info\/tos-cn-i-j5hyufq5o6\/fastdfs4\/M00\/A2\/FE\/ChMf8FxH8euAQxevAABHuCCJDzM227.jpg~tplv-j5hyufq5o6-scaleimage:100:0.image","level":"normal","medal_url":"https:\/\/img1.dongqiudi.com\/fastdfs1\/M00\/63\/B3\/o4YBAFj5pYKAetOzAAAGhNXa-yY637.png","hide_declaration":"","scheme":"dongqiudi:\/\/v1\/user\/index\/640957"},"channel":"feed","changetop":0,"lasttime":1578114605,"relate_type":"0","click_from":"tab_104","show_time":1578103200,"stat_data":{"stat_from":"tab_104","stat_type":"feed"}},{"id":1311609,"title":"\u4e39\u9ea6\u5a92\u4f53\uff1a\u56fd\u7c73\u6572\u5b9a\u57c3\u91cc\u514b\u68ee\uff0c\u8f6c\u4f1a\u8d392000-2300\u4e07\u6b27\u5143","share_title":"\u4e39\u9ea6\u5a92\u4f53\uff1a\u56fd\u7c73\u6572\u5b9a\u57c3\u91cc\u514b\u68ee\uff0c\u8f6c\u4f1a\u8d392000-2300\u4e07\u6b27\u5143","description":"","b_description":"","comments_total":1342,"share":"https:\/\/www.dongqiudi.com\/article\/1311609","thumb":"https:\/\/bdimg1.qunliao.info\/tos-cn-i-j5hyufq5o6\/fastdfs4\/M00\/F8\/D9\/ChNLkl4MT4SAXaUyAAEtQIVsrJY922.jpg~tplv-j5hyufq5o6-crop:280:210.jpeg","top":false,"top_color":"","url":"https:\/\/api.dongqiudi.com\/article\/1311609.html?from=tab_104","url1":"https:\/\/api.dongqiudi.com\/article\/1311609.html?from=tab_104","scheme":"dongqiudi:\/\/\/news\/1311609","is_video":false,"new_video_detail":null,"collection_type":null,"add_to_tab":"0","is_redirect_h5":false,"ignore":"","template":"https://www.dongqiudi.com/api/app/tabs/web/news.html","show_comments":true,"published_at":"2020-01-04 02:47:56","sort_timestamp":1578077276,"channel":"article","changetop":0,"lasttime":1578109200,"relate_type":"0","click_from":"tab_104","show_time":1578077276,"stat_data":{"stat_from":"tab_104","stat_type":"article"}},{"id":1311196,"title":"\u8d2a\u8150\u95ee\u9898\u4e25\u91cd\uff0c\u52a0\u7eb3\u89e3\u6563\u5176\u8db3\u534f\u53ca\u7537\u5973\u5404\u7ea7\u522b\u56fd\u5bb6\u961f\u6559\u7ec3\u7ec4","share_title":"\u8d2a\u8150\u95ee\u9898\u4e25\u91cd\uff0c\u52a0\u7eb3\u89e3\u6563\u5176\u8db3\u534f\u53ca\u7537\u5973\u5404\u7ea7\u522b\u56fd\u5bb6\u961f\u6559\u7ec3\u7ec4","description":"","b_description":"","comments_total":1060,"share":"https:\/\/www.dongqiudi.com\/article\/1311196","thumb":"https:\/\/bdimg1.qunliao.info\/tos-cn-i-j5hyufq5o6\/fastdfs4\/M00\/F9\/39\/ChNLkl4O5XmAJ8DTAACNYlvbpxw341.jpg~tplv-j5hyufq5o6-crop:280:210.jpeg","top":false,"top_color":"","url":"https:\/\/api.dongqiudi.com\/article\/1311196.html?from=tab_104","url1":"https:\/\/api.dongqiudi.com\/article\/1311196.html?from=tab_104","scheme":"dongqiudi:\/\/\/news\/1311196","is_video":false,"new_video_detail":null,"collection_type":null,"add_to_tab":"0","is_redirect_h5":false,"ignore":"","template":"https://www.dongqiudi.com/api/app/tabs/web/news.html","show_comments":true,"published_at":"2020-01-03 14:57:15","sort_timestamp":1578034635,"channel":"article","changetop":0,"lasttime":1578106228,"relate_type":"0","click_from":"tab_104","show_time":1578034635,"stat_data":{"stat_from":"tab_104","stat_type":"article"}},{"id":1311500,"title":"\u65e9\u5b89D\u7ad9\uff1a\u7f8e\u519b\u8de8\u56fd\u523a\u6740\u4f0a\u6717\u5c11\u5c06\uff1b\u5e74\u5047\u672a\u4f11\u53ef\u8981\u6c42\u91d1\u94b1\u8865\u507f","share_title":"\u65e9\u5b89D\u7ad9\uff1a\u7f8e\u519b\u8de8\u56fd\u523a\u6740\u4f0a\u6717\u5c11\u5c06\uff1b\u5e74\u5047\u672a\u4f11\u53ef\u8981\u6c42\u91d1\u94b1\u8865\u507f","description":"","b_description":"","comments_total":1515,"share":"https:\/\/www.dongqiudi.com\/article\/1311500","thumb":"https:\/\/bdimg1.qunliao.info\/tos-cn-i-j5hyufq5o6\/fastdfs4\/M00\/F9\/4C\/ChMf8F4PQxeAV4xZAAHXfW34vA4066.png~tplv-j5hyufq5o6-crop:280:210.jpeg","top":false,"top_color":"","url":"https:\/\/api.dongqiudi.com\/article\/1311500.html?from=tab_104","url1":"https:\/\/api.dongqiudi.com\/article\/1311500.html?from=tab_104","scheme":"dongqiudi:\/\/\/news\/1311500","is_video":false,"new_video_detail":null,"collection_type":null,"add_to_tab":"0","is_redirect_h5":false,"ignore":"","template":"https://www.dongqiudi.com/api/app/tabs/web/news.html","show_comments":true,"published_at":"2020-01-04 11:01:05","sort_timestamp":1578106865,"channel":"article","changetop":0,"lasttime":1578108313,"relate_type":"0","topic_tags":[{"content":"\u65e9\u5b89D\u7ad9","scheme":"dongqiudi:\/\/v3\/topic\/topicDetail?param={\"topicName\":\"\\u65e9\\u5b89D\\u7ad9\"}"}],"click_from":"tab_104","show_time":1578092435,"stat_data":{"stat_from":"tab_104","stat_type":"article"}},{"id":1311383,"title":"\u61c2\u7403\u5e1d10\u5e74\u8db3\u575b\u8bc4\u9009\u7ed3\u679c\u51fa\u7089\uff0c\u6765\u770b\u770b\u6709\u54ea\u4e9b\u662f\u7403\u8ff7\u5fc3\u4e2d\u7684\u6700\u4f73","share_title":"\u61c2\u7403\u5e1d10\u5e74\u8db3\u575b\u8bc4\u9009\u7ed3\u679c\u51fa\u7089\uff0c\u6765\u770b\u770b\u6709\u54ea\u4e9b\u662f\u7403\u8ff7\u5fc3\u4e2d\u7684\u6700\u4f73","description":"","b_description":"","comments_total":1428,"share":"https:\/\/www.dongqiudi.com\/article\/1311383","thumb":"https:\/\/bdimg1.qunliao.info\/tos-cn-i-j5hyufq5o6\/fastdfs4\/M00\/F9\/41\/ChNLkl4PE--AdU7vAADGeBPp4RQ399.jpg~tplv-j5hyufq5o6-crop:280:210.jpeg","top":false,"top_color":"","url":"https:\/\/api.dongqiudi.com\/article\/1311383.html?from=tab_104","url1":"https:\/\/api.dongqiudi.com\/article\/1311383.html?from=tab_104","scheme":"dongqiudi:\/\/\/news\/1311383","is_video":false,"new_video_detail":null,"collection_type":null,"add_to_tab":"0","is_redirect_h5":false,"ignore":"","template":"https://www.dongqiudi.com/api/app/tabs/web/news.html","show_comments":true,"published_at":"2020-01-03 21:01:05","sort_timestamp":1578056465,"channel":"article","changetop":0,"lasttime":1578099165,"relate_type":"0","click_from":"tab_104","show_time":1578048568,"stat_data":{"stat_from":"tab_104","stat_type":"article"}},{"id":1309872,"title":"\u4e2d\u65e5\u97e9\u5bf9\u6bd4\uff0c\u6211\u4eec\u7684\u8db3\u7403\u662f\u5426\u6700\u6ca1\u5730\u4f4d\uff1f","share_title":"\u4e2d\u65e5\u97e9\u5bf9\u6bd4\uff0c\u6211\u4eec\u7684\u8db3\u7403\u662f\u5426\u6700\u6ca1\u5730\u4f4d\uff1f","description":"","b_description":"","comments_total":2340,"share":"https:\/\/www.dongqiudi.com\/article\/1309872","thumb":"https:\/\/bdimg1.qunliao.info\/tos-cn-i-j5hyufq5o6\/fastdfs3\/M00\/E0\/6E\/ChO2w14MaUmALmmBAACu_U0FW_Q873.jpg~tplv-j5hyufq5o6-crop:280:210.jpeg","top":false,"top_color":"","url":"https:\/\/api.dongqiudi.com\/v2\/feed\/1309872.html?from=tab_104","url1":"https:\/\/api.dongqiudi.com\/v2\/feed\/1309872.html?from=tab_104","scheme":"dongqiudi:\/\/\/feed\/1309872","is_video":false,"new_video_detail":null,"collection_type":null,"add_to_tab":"0","is_redirect_h5":false,"ignore":"","template":"https://www.dongqiudi.com/api/app/tabs/web/feed.html","show_comments":true,"published_at":"2020-01-04 03:24:31","sort_timestamp":1578079471,"author":{"name":"\u5185\u5fb7\u4e13\u680f","bg_image":"","user_id":2536488,"avatar":"https:\/\/bdimg2.qunliao.info\/tos-cn-i-j5hyufq5o6\/fastdfs\/M00\/02\/96\/ooYBAFesIN6AT0FvAAAgr5BgGLk461.jpg~tplv-j5hyufq5o6-scaleimage:100:0.image","icon":"https:\/\/bdimg2.qunliao.info\/tos-cn-i-j5hyufq5o6\/fastdfs\/M00\/02\/96\/ooYBAFesIN6AT0FvAAAgr5BgGLk461.jpg~tplv-j5hyufq5o6-scaleimage:100:0.image","level":"normal","medal_url":"","hide_declaration":"","scheme":"dongqiudi:\/\/v1\/user\/index\/2536488"},"channel":"feed","label":"\u6df1\u5ea6","label_color":"#4782c4","changetop":0,"lasttime":1578108314,"relate_type":"0","topic_tags":[{"content":"\u7761\u524d\u4e00\u8bfb","scheme":"dongqiudi:\/\/v3\/topic\/topicDetail?param={\"topicName\":\"\\u7761\\u524d\\u4e00\\u8bfb\"}"}],"click_from":"tab_104","show_time":1578060000,"stat_data":{"stat_from":"tab_104","stat_type":"feed"}},{"id":1303318,"title":"\u7528\u4e0a\u5e1d\u89c6\u89d2\uff0c\u5728\u8c37\u6b4c\u5730\u56fe\u4e0a\u6e38\u89c8\u6b27\u6d32\u8457\u540d\u7403\u573a","share_title":"\u7528\u4e0a\u5e1d\u89c6\u89d2\uff0c\u5728\u8c37\u6b4c\u5730\u56fe\u4e0a\u6e38\u89c8\u6b27\u6d32\u8457\u540d\u7403\u573a","description":"","b_description":"","comments_total":1528,"share":"https:\/\/www.dongqiudi.com\/article\/1303318","thumb":"https:\/\/bdimg1.qunliao.info\/tos-cn-i-j5hyufq5o6\/fastdfs4\/M00\/F6\/88\/ChMf8F3_JWmAFUB6ABuh8cXLDhU461.png~tplv-j5hyufq5o6-crop:280:210.jpeg","top":false,"top_color":"","url":"https:\/\/api.dongqiudi.com\/v2\/feed\/1303318.html?from=tab_104","url1":"https:\/\/api.dongqiudi.com\/v2\/feed\/1303318.html?from=tab_104","scheme":"dongqiudi:\/\/\/feed\/1303318","is_video":false,"new_video_detail":null,"collection_type":null,"add_to_tab":"0","is_redirect_h5":false,"ignore":"","template":"https://www.dongqiudi.com/api/app/tabs/web/feed.html","show_comments":true,"published_at":"2020-01-03 20:49:32","sort_timestamp":1578055772,"author":{"name":"\u53f2\u81e3\u66f0","bg_image":"","user_id":6460967,"avatar":"https:\/\/bdimg2.qunliao.info\/tos-cn-i-j5hyufq5o6\/fastdfs2\/M00\/71\/21\/ChNy21rxFJqAMXPDAACGaeH8L2E900.jpg~tplv-j5hyufq5o6-scaleimage:100:0.image","icon":"https:\/\/bdimg2.qunliao.info\/tos-cn-i-j5hyufq5o6\/fastdfs2\/M00\/71\/21\/ChNy21rxFJqAMXPDAACGaeH8L2E900.jpg~tplv-j5hyufq5o6-scaleimage:100:0.image","level":"normal","medal_url":"","hide_declaration":"","scheme":"dongqiudi:\/\/v1\/user\/index\/6460967"},"channel":"feed","label":"\u6df1\u5ea6","label_color":"#4782c4","changetop":0,"lasttime":1578101532,"relate_type":"0","click_from":"tab_104","show_time":1578041400,"stat_data":{"stat_from":"tab_104","stat_type":"feed"}},{"id":1311306,"title":"\u767d\u5ca9\u677e\uff1a\u5982\u679c\u5931\u8d25\u662f\u6210\u529f\u4e4b\u6bcd\uff0c\u90a3\u4e48\u4e2d\u56fd\u8db3\u7403\u7684\u5988\u5c31\u592a\u591a\u4e86","share_title":"\u767d\u5ca9\u677e\uff1a\u5982\u679c\u5931\u8d25\u662f\u6210\u529f\u4e4b\u6bcd\uff0c\u90a3\u4e48\u4e2d\u56fd\u8db3\u7403\u7684\u5988\u5c31\u592a\u591a\u4e86","description":"","b_description":"","comments_total":1983,"share":"https:\/\/www.dongqiudi.com\/article\/1311306","thumb":"https:\/\/bdimg1.qunliao.info\/tos-cn-i-j5hyufq5o6\/fastdfs4\/M00\/F9\/3E\/ChNLkl4PA4WAe87FAAIg5IT637o345.png~tplv-j5hyufq5o6-crop:280:210.jpeg","top":false,"top_color":"","url":"https:\/\/api.dongqiudi.com\/article\/1311306.html?from=tab_104","url1":"https:\/\/api.dongqiudi.com\/article\/1311306.html?from=tab_104","scheme":"dongqiudi:\/\/\/news\/1311306","is_video":false,"new_video_detail":null,"collection_type":null,"add_to_tab":"0","is_redirect_h5":false,"ignore":"","template":"https://www.dongqiudi.com/api/app/tabs/web/news.html","show_comments":true,"published_at":"2020-01-03 17:05:12","sort_timestamp":1578042312,"channel":"article","changetop":0,"lasttime":1578102740,"relate_type":"0","click_from":"tab_104","show_time":1578042312,"stat_data":{"stat_from":"tab_104","stat_type":"article"}},{"id":1310425,"title":"\u61c2\u7403\u5e1d10\u5e74\u8db3\u575b\u8bc4\u9009\uff1a2010-2019\u8db3\u575b\u6700\u4f73\u8f6c\u4f1a","share_title":"\u61c2\u7403\u5e1d10\u5e74\u8db3\u575b\u8bc4\u9009\uff1a2010-2019\u8db3\u575b\u6700\u4f73\u8f6c\u4f1a","description":"","b_description":"","comments_total":1483,"share":"https:\/\/www.dongqiudi.com\/article\/1310425","thumb":"https:\/\/bdimg1.qunliao.info\/tos-cn-i-j5hyufq5o6\/fastdfs4\/M00\/F9\/02\/ChMf8F4NZ96AVJtjAADGeBPp4RQ411.jpg~tplv-j5hyufq5o6-crop:280:210.jpeg","top":false,"top_color":"","url":"https:\/\/api.dongqiudi.com\/article\/1310425.html?from=tab_104","url1":"https:\/\/api.dongqiudi.com\/article\/1310425.html?from=tab_104","scheme":"dongqiudi:\/\/\/news\/1310425","is_video":false,"new_video_detail":null,"collection_type":null,"add_to_tab":"0","is_redirect_h5":false,"ignore":"","template":"https://www.dongqiudi.com/api/app/tabs/web/news.html","show_comments":true,"published_at":"2020-01-03 15:01:06","sort_timestamp":1578034866,"channel":"article","changetop":0,"lasttime":1578099140,"relate_type":"0","click_from":"tab_104","show_time":1578024037,"stat_data":{"stat_from":"tab_104","stat_type":"article"}},{"id":1311006,"title":"\u6e29\u683c\uff1a\u8db3\u7403\u8d70\u4e0a\u4e86NBA\u7684\u8d8b\u52bf\uff0c\u6709\u5929\u8d4b\u7684\u7403\u5458\u56e0\u8fd0\u52a8\u80fd\u529b\u88ab\u6dd8\u6c70","share_title":"\u6e29\u683c\uff1a\u8db3\u7403\u8d70\u4e0a\u4e86NBA\u7684\u8d8b\u52bf\uff0c\u6709\u5929\u8d4b\u7684\u7403\u5458\u56e0\u8fd0\u52a8\u80fd\u529b\u88ab\u6dd8\u6c70","description":"","b_description":"","comments_total":1157,"share":"https:\/\/www.dongqiudi.com\/article\/1311006","thumb":"https:\/\/bdimg1.qunliao.info\/tos-cn-i-j5hyufq5o6\/fastdfs4\/M00\/DC\/18\/ChMf8F1tWD6AIpRdAAI4-jQTUDA263.jpg~tplv-j5hyufq5o6-crop:280:210.jpeg","top":false,"top_color":"","url":"https:\/\/api.dongqiudi.com\/article\/1311006.html?from=tab_104","url1":"https:\/\/api.dongqiudi.com\/article\/1311006.html?from=tab_104","scheme":"dongqiudi:\/\/\/news\/1311006","is_video":false,"new_video_detail":null,"collection_type":null,"add_to_tab":"0","is_redirect_h5":false,"ignore":"","template":"https://www.dongqiudi.com/api/app/tabs/web/news.html","show_comments":true,"published_at":"2020-01-03 09:23:11","sort_timestamp":1578014591,"channel":"article","changetop":0,"lasttime":1578075427,"relate_type":"0","click_from":"tab_104","show_time":1578014591,"stat_data":{"stat_from":"tab_104","stat_type":"article"}},{"id":1311173,"title":"\u516c\u544a\uff1a\u65af\u6258\u4f0a\u79d1\u7ef4\u5947\u5148\u751f\u4e0d\u518d\u62c5\u4efb\u5e7f\u5dde\u5bcc\u529b\u4e3b\u6559\u7ec3","share_title":"\u516c\u544a\uff1a\u65af\u6258\u4f0a\u79d1\u7ef4\u5947\u5148\u751f\u4e0d\u518d\u62c5\u4efb\u5e7f\u5dde\u5bcc\u529b\u4e3b\u6559\u7ec3","description":"","b_description":"","comments_total":2001,"share":"https:\/\/www.dongqiudi.com\/article\/1311173","thumb":"https:\/\/bdimg1.qunliao.info\/tos-cn-i-j5hyufq5o6\/fastdfs3\/M00\/E0\/B3\/ChONol4O28qANhD3ABzr5CyV5k858.jpeg~tplv-j5hyufq5o6-crop:280:210.jpeg","top":false,"top_color":"","url":"https:\/\/api.dongqiudi.com\/v2\/feed\/1311173.html?from=tab_104","url1":"https:\/\/api.dongqiudi.com\/v2\/feed\/1311173.html?from=tab_104","scheme":"dongqiudi:\/\/\/feed\/1311173","is_video":false,"new_video_detail":null,"collection_type":null,"add_to_tab":"0","is_redirect_h5":false,"ignore":"","template":"https://www.dongqiudi.com/api/app/tabs/web/feed.html","show_comments":true,"published_at":"2020-01-03 19:52:11","sort_timestamp":1578052331,"author":{"name":"\u5e7f\u5dde\u5bcc\u529b\u8db3\u7403\u4ff1\u4e50\u90e8","bg_image":"","user_id":640957,"avatar":"https:\/\/bdimg2.qunliao.info\/tos-cn-i-j5hyufq5o6\/fastdfs4\/M00\/A2\/FE\/ChMf8FxH8euAQxevAABHuCCJDzM227.jpg~tplv-j5hyufq5o6-scaleimage:100:0.image","icon":"https:\/\/bdimg2.qunliao.info\/tos-cn-i-j5hyufq5o6\/fastdfs4\/M00\/A2\/FE\/ChMf8FxH8euAQxevAABHuCCJDzM227.jpg~tplv-j5hyufq5o6-scaleimage:100:0.image","level":"normal","medal_url":"https:\/\/img1.dongqiudi.com\/fastdfs1\/M00\/63\/B3\/o4YBAFj5pYKAetOzAAAGhNXa-yY637.png","hide_declaration":"","scheme":"dongqiudi:\/\/v1\/user\/index\/640957"},"channel":"feed","changetop":0,"lasttime":1578060610,"relate_type":"0","click_from":"tab_104","show_time":1578034680,"stat_data":{"stat_from":"tab_104","stat_type":"feed"}},{"id":1310836,"title":"\u3010\u56fd\u811a\u4e70\u63d0\u6c5f\u5c06\u79bb\u5f00\u6cf0\u8fbe \u4e0a\u6e2f\u5f001200\u4e07\u9876\u85aa\u62db\u8d24...","share_title":"\u3010\u56fd\u811a\u4e70\u63d0\u6c5f\u5c06\u79bb\u5f00\u6cf0\u8fbe \u4e0a\u6e2f\u5f001200\u4e07\u9876\u85aa\u62db\u8d24...","description":"","b_description":"","comments_total":1422,"share":"https:\/\/n.dongqiudi.com\/webapp\/tops.html?id=1310836","thumb":"https:\/\/bdimg1.qunliao.info\/tos-cn-i-j5hyufq5o6\/fastdfs3\/M00\/E0\/A2\/ChO2w14OAkKAB3vRAAC7-ARzKVA219.jpg~tplv-j5hyufq5o6-crop:280:210.jpeg","top":false,"top_color":"","url":"https:\/\/api.dongqiudi.com\/v2\/feed\/1310836.html?from=tab_104","url1":"https:\/\/api.dongqiudi.com\/v2\/feed\/1310836.html?from=tab_104","scheme":"dongqiudi:\/\/\/news\/1310836","is_video":false,"new_video_detail":null,"collection_type":null,"add_to_tab":"0","is_redirect_h5":false,"ignore":"","template":"https://www.dongqiudi.com/api/app/tabs/web/top.html","show_comments":true,"published_at":"2020-01-02 22:44:33","sort_timestamp":1577976273,"author":{"name":"\u897f\u5317\u671b\u770b\u53f0","bg_image":"","user_id":9498601,"avatar":"https:\/\/bdimg2.qunliao.info\/tos-cn-i-j5hyufq5o6\/fastdfs3\/M00\/DC\/1F\/ChONol3nqIKAcIv-AA6bE1L859g515.jpg~tplv-j5hyufq5o6-scaleimage:100:0.image","icon":"https:\/\/bdimg2.qunliao.info\/tos-cn-i-j5hyufq5o6\/fastdfs3\/M00\/DC\/1F\/ChONol3nqIKAcIv-AA6bE1L859g515.jpg~tplv-j5hyufq5o6-scaleimage:100:0.image","level":"normal","medal_url":"https:\/\/img1.dongqiudi.com\/fastdfs1\/M00\/63\/B3\/o4YBAFj5pYKAetOzAAAGhNXa-yY637.png","hide_declaration":"","scheme":"dongqiudi:\/\/v1\/user\/index\/9498601","newpendant":[{"url":"https:\/\/img1.qunliao.info\/fastdfs4\/M00\/CB\/54\/ChMf8F1AGvaAeLARAAAF2RP93Bs240.png","title":"","type":"identity","width":42,"height":42,"scheme":"","level":"1","from":"ident"},{"url":"https:\/\/sd.qunliao.info\/fastdfs3\/M00\/B5\/74\/ChOxM1xC2DyASaamAAAEq1PV5Sc240.png","title":"","type":"fav","width":42,"height":42,"scheme":"","level":2,"from":"hometeam"}],"medal_desc":"\u7f51\u6613\u4f53\u80b2\u65d7\u4e0b\u4e2d\u56fd\u8db3\u7403\u4e13\u680f\u7ec4"},"mini_top_content":{"content":"\u3010\u56fd\u811a\u4e70\u63d0\u6c5f\u5c06\u79bb\u5f00\u6cf0\u8fbe \u4e0a\u6e2f\u5f001200\u4e07\u9876\u85aa\u62db\u8d24\u5165\u5e10\u3011\u636e\u4e86\u89e3\uff0c\u5929\u6d25\u6cf0\u8fbe\u56fd\u811a\u4e70\u63d0\u6c5f\u5b8c\u6210\u8c08\u5224\uff0c\u65b0\u8d5b\u5b63\u5c06\u52a0\u76df\u4e0a\u6d77\u4e0a\u6e2f\uff0c\u636e\u5929\u6d25\u8bb0\u8005\u900f\u9732\uff0c\u4e0a\u6e2f\u4e3a\u4e70\u63d0\u6c5f\u5f00\u51fa\u4e861200\u4e07\u9876\u7ea7\u5e74\u85aa\u30022019\u8d5b\u5b63\uff0c\u4e70\u63d0\u6c5f\u8f6c\u4f1a\u7684\u65b0\u95fb\u9891\u7e41\u4f20\u51fa\uff0c\u6c5f\u82cf\u82cf\u5b81\u3001\u5e7f\u5dde\u6052\u5927\u90fd\u6210\u4e3a\u4e86\u7eef\u95fb\u5bf9\u8c61\uff0c\u66fe\u7ecf\u4e00\u5ea6\u6709\u5a92\u4f53\u786e\u8ba4\uff0c\u4e70\u63d0\u6c5f\u5728\u4e8c\u6b21\u8f6c\u4f1a\u671f\u95f4\u5df2\u7ecf\u5b8c\u6210\u548c\u6c5f\u82cf\u82cf\u5b81\u7684\u8c08\u5224\uff0c\u4e0d\u8fc7\u6700\u7ec8\u4e70\u63d0\u6c5f\u8fd8\u662f\u7559\u5728\u4e86\u5929\u6d25\u6cf0\u8fbe\uff0c\u4e70\u63d0\u6c5f\u672c\u4eba\u4e5f\u5728\u4e2a\u4eba\u793e\u4ea4\u7f51\u7ad9\u4e0a\u56de\u5e94\u7403\u8ff7\uff1a\u201c\u626f\u4e0a\u522b\u7684\uff0c\u5565\u4e8b\u513f\u90fd\u6ca1\u6709\uff0c\u4e0d\u8981\u9020\u8c23\u5566\uff0c\u62dc\u6258\u3002\u201d\u4e0d\u8fc7\u6709\u7ec6\u5fc3\u7684\u7403\u8ff7\u53d1\u73b0\uff0c\u5728\u90a3\u4e4b\u540e\uff0c\u5929\u6d25\u6cf0\u8fbe\u6bcf\u4e00\u6b21\u5728\u6bd4\u8d5b\u4e4b\u540e\u66f4\u8863\u5ba4\u7684\u5927\u5408\u5f71\u4e2d\uff0c\u90fd\u7f3a\u5c11\u4e86\u4e70\u63d0\u6c5f\u7684\u8eab\u5f71\uff0c\u79bb\u961f\u7684\u4f20\u95fb\u4f9d\u7136\u5728\u574a\u95f4\u4f20\u64ad\u3002\u4e70\u63d0\u6c5f\u5e76\u6ca1\u6709\u56e0\u4e3a\u8fd9\u4e9b\u4f20\u95fb\u800c\u5f71\u54cd\u81ea\u5df1\u7684\u7ade\u6280\u72b6\u6001\uff0c\u968f\u540e\u4ed6\u8fd8\u5165\u9009\u4e86\u91cc\u76ae\u7684\u56fd\u8db3\u540d\u5355\uff0c\u4e5f\u56e0\u6b64\u83b7\u5f97\u4e861200\u4e07\u9876\u85aa\u7684\u8d44\u683c\u3002\u968f\u7740\u8d5b\u5b63\u7ed3\u675f\uff0c\u4e70\u63d0\u6c5f\u7684\u5408\u540c\u518d\u6b21\u63d0\u4e0a\u8bae\u7a0b\uff0c\u5929\u6d25\u6cf0\u8fbe\u5e76\u6ca1\u6709\u5982\u613f\u7684\u548c\u4e70\u63d0\u6c5f\u7eed\u7ea6\u6210\u529f\uff0c\u800c\u57282019\u8d5b\u5b63\u5f15\u63f4\u90fd\u6ca1\u6709\u4ec0\u4e48\u5927\u52a8\u4f5c\u7684\u4e0a\u6d77\u4e0a\u6e2f\u5c55\u5f00\u4e86\u548c\u4e70\u63d0\u6c5f\u8f6c\u4f1a\u7684\u8c08\u5224\uff0c\u6700\u7ec8\uff0c\u4e0a\u6d77\u4e0a\u6e2f\u4ee51200\u4e07\u5e74\u85aa\u7684\u9876\u7ea7\u80a5\u7ea6\u6210\u529f\u7684\u5c06\u4e70\u63d0\u6c5f\u7eb3\u5165\u9ebe\u4e0b\u3002","image_total":1,"images":[{"url":"https:\/\/bdimg1.qunliao.info\/tos-cn-i-j5hyufq5o6\/fastdfs3\/M00\/E0\/A2\/ChO2w14OAkKAB3vRAAC7-ARzKVA219.jpg~tplv-j5hyufq5o6-orign2.image","size":8,"width":1080,"height":720,"mime":"image\/jpeg","thumb":"https:\/\/bdimg1.qunliao.info\/tos-cn-i-j5hyufq5o6\/fastdfs3\/M00\/E0\/A2\/ChO2w14OAkKAB3vRAAC7-ARzKVA219.jpg~tplv-j5hyufq5o6-scaleimage:400:0.image?imageView2\/1\/format\/jpg"}],"praise_total":760},"channel":"mini_top","changetop":0,"lasttime":1578028140,"relate_type":"0","share_data":{"url":"https:\/\/n.dongqiudi.com\/webapp\/tops.html?id=1310836","title":"\u3010\u56fd\u811a\u4e70\u63d0\u6c5f\u5c06\u79bb\u5f00\u6cf0\u8fbe \u4e0a\u6e2f\u5f001200\u4e07\u9876\u85aa\u62db\u8d24...","content":"\u66f4\u591a\u7cbe\u5f69\u5185\u5bb9\uff0c\u5c3d\u5728\u61c2\u7403\u5e1d","share_thumb_url":"https:\/\/bdimg1.qunliao.info\/tos-cn-i-j5hyufq5o6\/fastdfs3\/M00\/E0\/A2\/ChO2w14OAkKAB3vRAAC7-ARzKVA219.jpg~tplv-j5hyufq5o6-crop:280:210.jpeg"},"click_from":"tab_104","show_time":1577976273,"stat_data":{"stat_from":"tab_104","stat_type":"mini_top"}},{"id":1310955,"title":"\u5251\u5357\u6625\u4e28\u82f1\u8d85\u6218\u62a5\uff1a\u5229\u7269\u6d662-0\u8c22\u83f2\u5c14\u5fb7\u8054\uff0c\u8428\u62c9\u8d6b\u3001\u9a6c\u5185\u7834\u95e8","share_title":"\u5251\u5357\u6625\u4e28\u82f1\u8d85\u6218\u62a5\uff1a\u5229\u7269\u6d662-0\u8c22\u83f2\u5c14\u5fb7\u8054\uff0c\u8428\u62c9\u8d6b\u3001\u9a6c\u5185\u7834\u95e8","description":"","b_description":"","comments_total":1768,"share":"https:\/\/www.dongqiudi.com\/article\/1310955","thumb":"https:\/\/bdimg1.qunliao.info\/tos-cn-i-j5hyufq5o6\/fastdfs4\/M00\/F9\/28\/ChNLkl4OYM6AUrc5AAyJTggsrDk264.png~tplv-j5hyufq5o6-crop:280:210.jpeg","top":false,"top_color":"","url":"https:\/\/api.dongqiudi.com\/article\/1310955.html?from=tab_104","url1":"https:\/\/api.dongqiudi.com\/article\/1310955.html?from=tab_104","scheme":"dongqiudi:\/\/\/news\/1310955","is_video":false,"new_video_detail":null,"collection_type":null,"add_to_tab":"0","is_redirect_h5":false,"ignore":"","template":"https://www.dongqiudi.com/api/app/tabs/web/news.html","show_comments":true,"published_at":"2020-01-03 11:17:43","sort_timestamp":1578021463,"channel":"article","changetop":0,"lasttime":1578075408,"relate_type":"0","click_from":"tab_104","show_time":1578001730,"stat_data":{"stat_from":"tab_104","stat_type":"article"}},{"id":1310334,"title":"\u62c9\u4f0a\u5965\u62c9\uff1a\u5df4\u8428\u4ee5\u4e3a\u7b7e\u4e0b\u5fb7\u5bb9\u540e\uff0c\u5fb7\u5229\u8d6b\u7279\u5c31\u81ea\u7136\u4f1a\u8ddf\u7740\u53bb","share_title":"\u62c9\u4f0a\u5965\u62c9\uff1a\u5df4\u8428\u4ee5\u4e3a\u7b7e\u4e0b\u5fb7\u5bb9\u540e\uff0c\u5fb7\u5229\u8d6b\u7279\u5c31\u81ea\u7136\u4f1a\u8ddf\u7740\u53bb","description":"","b_description":"","comments_total":1422,"share":"https:\/\/www.dongqiudi.com\/article\/1310334","thumb":"https:\/\/bdimg1.qunliao.info\/tos-cn-i-j5hyufq5o6\/fastdfs4\/M00\/CB\/38\/ChMf8F05LU-APAvPAAHwu5X7bmA207.jpg~tplv-j5hyufq5o6-crop:280:210.jpeg","top":false,"top_color":"","url":"https:\/\/api.dongqiudi.com\/article\/1310334.html?from=tab_104","url1":"https:\/\/api.dongqiudi.com\/article\/1310334.html?from=tab_104","scheme":"dongqiudi:\/\/\/news\/1310334","is_video":false,"new_video_detail":null,"collection_type":null,"add_to_tab":"0","is_redirect_h5":false,"ignore":"","template":"https://www.dongqiudi.com/api/app/tabs/web/news.html","show_comments":true,"published_at":"2020-01-02 11:03:49","sort_timestamp":1577934229,"channel":"article","changetop":0,"lasttime":1578044278,"relate_type":"0","click_from":"tab_104","show_time":1577934229,"stat_data":{"stat_from":"tab_104","stat_type":"article"}},{"id":1310871,"title":"\u7c73\u5170\u5b98\u65b9\uff1a\u4f0a\u5e03\u5c06\u8eab\u62ab21\u53f7\u7403\u8863","share_title":"\u7c73\u5170\u5b98\u65b9\uff1a\u4f0a\u5e03\u5c06\u8eab\u62ab21\u53f7\u7403\u8863","description":"","b_description":"","comments_total":780,"share":"https:\/\/www.dongqiudi.com\/article\/1310871","thumb":"https:\/\/bdimg1.qunliao.info\/tos-cn-i-j5hyufq5o6\/fastdfs4\/M00\/F9\/26\/ChMf8F4OJs2AaAnTAAVjDpWGczY286.jpg~tplv-j5hyufq5o6-crop:280:210.jpeg","top":false,"top_color":"","url":"https:\/\/api.dongqiudi.com\/article\/1310871.html?from=tab_104","url1":"https:\/\/api.dongqiudi.com\/article\/1310871.html?from=tab_104","scheme":"dongqiudi:\/\/\/news\/1310871","is_video":false,"new_video_detail":null,"collection_type":null,"add_to_tab":"0","is_redirect_h5":false,"ignore":"","template":"https://www.dongqiudi.com/api/app/tabs/web/news.html","show_comments":true,"published_at":"2020-01-03 04:00:28","sort_timestamp":1577995228,"channel":"article","changetop":0,"lasttime":1578100094,"relate_type":"0","click_from":"tab_104","show_time":1577980591,"stat_data":{"stat_from":"tab_104","stat_type":"article"}},{"id":1310826,"title":"\u56fd\u5185\u5a92\u4f53\uff1a\u4e70\u63d0\u6c5f\u5c06\u52a0\u76df\u4e0a\u6e2f\uff0c\u5e74\u85aa\u4e3a1200\u4e07","share_title":"\u56fd\u5185\u5a92\u4f53\uff1a\u4e70\u63d0\u6c5f\u5c06\u52a0\u76df\u4e0a\u6e2f\uff0c\u5e74\u85aa\u4e3a1200\u4e07","description":"","b_description":"","comments_total":3019,"share":"https:\/\/www.dongqiudi.com\/article\/1310826","thumb":"https:\/\/csimg2.qunliao.info\/fastdfs4\/M00\/F9\/1E\/280x210\/crop\/-\/ChNLkl4N_fmAO0xrAAKBxEpaer8701.png","top":false,"top_color":"","url":"https:\/\/api.dongqiudi.com\/article\/1310826.html?from=tab_104","url1":"https:\/\/api.dongqiudi.com\/article\/1310826.html?from=tab_104","scheme":"dongqiudi:\/\/\/news\/1310826","is_video":false,"new_video_detail":null,"collection_type":null,"add_to_tab":"0","is_redirect_h5":false,"ignore":"","template":"https://www.dongqiudi.com/api/app/tabs/web/news.html","show_comments":true,"published_at":"2020-01-02 22:27:17","sort_timestamp":1577975237,"channel":"article","changetop":0,"lasttime":1578047742,"relate_type":"0","topic_tags":[{"content":"\u4e2d\u8d85\u8f6c\u4f1a\u6d88\u606f","scheme":"dongqiudi:\/\/v3\/topic\/topicDetail?param={\"topicName\":\"\\u4e2d\\u8d85\\u8f6c\\u4f1a\\u6d88\\u606f\"}"}],"click_from":"tab_104","show_time":1577975237,"stat_data":{"stat_from":"tab_104","stat_type":"article"}},{"id":1310680,"title":"\u4e91\u5357\u4e2d\u8003\u4f53\u80b2\u6210\u7ee9\u6ee1\u5206\u8c03\u6574\u4e3a100\uff0c\u5f15\u53d1\u8206\u8bba\u70ed\u8bae","share_title":"\u4e91\u5357\u4e2d\u8003\u4f53\u80b2\u6210\u7ee9\u6ee1\u5206\u8c03\u6574\u4e3a100\uff0c\u5f15\u53d1\u8206\u8bba\u70ed\u8bae","description":"","b_description":"","comments_total":2337,"share":"https:\/\/www.dongqiudi.com\/article\/1310680","thumb":"https:\/\/bdimg1.qunliao.info\/tos-cn-i-j5hyufq5o6\/fastdfs4\/M00\/F9\/14\/ChNLkl4NyUiACrzBAAPnz9hoSpc889.png~tplv-j5hyufq5o6-crop:280:210.jpeg","top":false,"top_color":"","url":"https:\/\/api.dongqiudi.com\/article\/1310680.html?from=tab_104","url1":"https:\/\/api.dongqiudi.com\/article\/1310680.html?from=tab_104","scheme":"dongqiudi:\/\/\/news\/1310680","is_video":false,"new_video_detail":null,"collection_type":null,"add_to_tab":"0","is_redirect_h5":false,"ignore":"","template":"https://www.dongqiudi.com/api/app/tabs/web/news.html","show_comments":true,"published_at":"2020-01-02 18:45:59","sort_timestamp":1577961959,"channel":"article","changetop":0,"lasttime":1577979922,"relate_type":"0","click_from":"tab_104","show_time":1577961959,"stat_data":{"stat_from":"tab_104","stat_type":"article"}}]}