{"id":232,"label":"\u793e\u4f1a\u65b0\u95fb","prev":"https:\/\/api.dongqiudi.com\/app\/tabs\/web\/232.json?before=1578047584","fresh":"https:\/\/api.dongqiudi.com\/app\/tabs\/web\/232.json?action=fresh","next":"https:\/\/api.dongqiudi.com\/app\/tabs\/web\/232.json?after=1577968683&page=2","max":1578047584,"min":1577968683,"page":1,"url":"https:\/\/api.dongqiudi.com\/app\/tabs\/web\/232.json?","articles":[{"id":1311370,"title":"\u56fd\u4ea7HPV\u75ab\u82d7329\u5143\u4e00\u652f \u652f\u6301\u56fd\u4ea7\u597d\u7528\u4e0d\u8d35","share_title":"\u56fd\u4ea7HPV\u75ab\u82d7329\u5143\u4e00\u652f \u652f\u6301\u56fd\u4ea7\u597d\u7528\u4e0d\u8d35","description":"","b_description":"","comments_total":0,"share":"https:\/\/www.dongqiudi.com\/article\/1311370","thumb":"https:\/\/csimg2.qunliao.info\/fastdfs4\/M00\/F9\/44\/280x210\/crop\/-\/ChMf8F4PGD2ANoxFAACfupNdbd4803.jpg","top":false,"top_color":"","url":"https:\/\/api.dongqiudi.com\/article\/1311370.html?from=tab_232","url1":"https:\/\/api.dongqiudi.com\/article\/1311370.html?from=tab_232","scheme":"dongqiudi:\/\/\/news\/1311370","is_video":false,"new_video_detail":null,"collection_type":null,"add_to_tab":"0","is_redirect_h5":false,"ignore":"ipad,iphone,android","template":"https://www.dongqiudi.com/api/app/tabs/web/news.html","show_comments":true,"published_at":"2020-01-03 18:33:04","sort_timestamp":1578047584,"channel":"article","changetop":0,"lasttime":1578047669,"relate_type":"0","click_from":"tab_232","show_time":1578047584,"stat_data":{"stat_from":"tab_232","stat_type":"article"}},{"id":1311368,"title":"\u848b\u52b2\u592b\u8d77\u8bc9\u4e4c\u62c9\u572d\u524d\u5973\u53cb\u4f20\u64ad\u4e0d\u5b9e\u8a00\u8bba\uff0c\u5e76\u4e0d\u518d\u8fdb\u884c\u4efb\u4f55\u56de\u5e94","share_title":"\u848b\u52b2\u592b\u8d77\u8bc9\u4e4c\u62c9\u572d\u524d\u5973\u53cb\u4f20\u64ad\u4e0d\u5b9e\u8a00\u8bba\uff0c\u5e76\u4e0d\u518d\u8fdb\u884c\u4efb\u4f55\u56de\u5e94","description":"","b_description":"","comments_total":0,"share":"https:\/\/www.dongqiudi.com\/article\/1311368","thumb":"https:\/\/bdimg1.qunliao.info\/tos-cn-i-j5hyufq5o6\/fastdfs4\/M00\/F9\/42\/ChNLkl4PFyGADZWxAAFV3r-n51w262.jpg~tplv-j5hyufq5o6-crop:280:210.jpeg","top":false,"top_color":"","url":"https:\/\/api.dongqiudi.com\/article\/1311368.html?from=tab_232","url1":"https:\/\/api.dongqiudi.com\/article\/1311368.html?from=tab_232","scheme":"dongqiudi:\/\/\/news\/1311368","is_video":false,"new_video_detail":null,"collection_type":null,"add_to_tab":"0","is_redirect_h5":false,"ignore":"ipad,iphone,android","template":"https://www.dongqiudi.com/api/app/tabs/web/news.html","show_comments":true,"published_at":"2020-01-03 18:30:44","sort_timestamp":1578047444,"channel":"article","changetop":0,"lasttime":1578047529,"relate_type":"0","click_from":"tab_232","show_time":1578047444,"stat_data":{"stat_from":"tab_232","stat_type":"article"}},{"id":1311331,"title":"\u4f0a\u6717\u6700\u9ad8\u9886\u5bfc\u4eba\u79f0\u5c06\u4e25\u5389\u62a5\u590d\u7f8e\u56fd \u5c06\u4e3a\u82cf\u83b1\u9a6c\u5c3c\u5c06\u519b\u4e4b\u6b7b\u62a5\u4ec7","share_title":"\u4f0a\u6717\u6700\u9ad8\u9886\u5bfc\u4eba\u79f0\u5c06\u4e25\u5389\u62a5\u590d\u7f8e\u56fd \u5c06\u4e3a\u82cf\u83b1\u9a6c\u5c3c\u5c06\u519b\u4e4b\u6b7b\u62a5\u4ec7","description":"","b_description":"","comments_total":0,"share":"https:\/\/www.dongqiudi.com\/article\/1311331","thumb":"https:\/\/bdimg1.qunliao.info\/tos-cn-i-j5hyufq5o6\/fastdfs4\/M00\/F9\/41\/ChMf8F4PCmWAJCzdAAB_o5BHoIU665.jpg~tplv-j5hyufq5o6-crop:280:210.jpeg","top":false,"top_color":"","url":"https:\/\/api.dongqiudi.com\/article\/1311331.html?from=tab_232","url1":"https:\/\/api.dongqiudi.com\/article\/1311331.html?from=tab_232","scheme":"dongqiudi:\/\/\/news\/1311331","is_video":false,"new_video_detail":null,"collection_type":null,"add_to_tab":"0","is_redirect_h5":false,"ignore":"ipad,iphone,android","template":"https://www.dongqiudi.com/api/app/tabs/web/news.html","show_comments":true,"published_at":"2020-01-03 17:36:10","sort_timestamp":1578044170,"channel":"article","changetop":0,"lasttime":1578044256,"relate_type":"0","click_from":"tab_232","show_time":1578044170,"stat_data":{"stat_from":"tab_232","stat_type":"article"}},{"id":1311324,"title":"\u5434\u6615\u675c\u6d77\u6d9b\u5435\u67b6\u56e04\u5757\u94b1\u548c\u597d \u6362\u6765\u7684\u66f4\u662f\u662f\u90a3\u4e48\u591a\u5e74\u7684\u53cb\u60c5","share_title":"\u5434\u6615\u675c\u6d77\u6d9b\u5435\u67b6\u56e04\u5757\u94b1\u548c\u597d \u6362\u6765\u7684\u66f4\u662f\u662f\u90a3\u4e48\u591a\u5e74\u7684\u53cb\u60c5","description":"","b_description":"","comments_total":0,"share":"https:\/\/www.dongqiudi.com\/article\/1311324","thumb":"https:\/\/csimg2.qunliao.info\/fastdfs4\/M00\/F9\/3F\/280x210\/crop\/-\/ChNLkl4PCHqAM3y_AAD1HBCOEAU848.jpg","top":false,"top_color":"","url":"https:\/\/api.dongqiudi.com\/article\/1311324.html?from=tab_232","url1":"https:\/\/api.dongqiudi.com\/article\/1311324.html?from=tab_232","scheme":"dongqiudi:\/\/\/news\/1311324","is_video":false,"new_video_detail":null,"collection_type":null,"add_to_tab":"0","is_redirect_h5":false,"ignore":"ipad,iphone,android","template":"https://www.dongqiudi.com/api/app/tabs/web/news.html","show_comments":true,"published_at":"2020-01-03 17:28:59","sort_timestamp":1578043739,"channel":"article","changetop":0,"lasttime":1578043825,"relate_type":"0","click_from":"tab_232","show_time":1578043739,"stat_data":{"stat_from":"tab_232","stat_type":"article"}},{"id":1311257,"title":"\u201c\u5076\u4e70\u5676 \u4e70\u5b83\u201c80\u540e\u535a\u58eb\u526f\u53bf\u957f\u5728\u7ebf\u5356\u6252\u9e21\uff0c\u4e00\u53e3\u6c14\u5403\u4e864\u53ea","share_title":"\u201c\u5076\u4e70\u5676 \u4e70\u5b83\u201c80\u540e\u535a\u58eb\u526f\u53bf\u957f\u5728\u7ebf\u5356\u6252\u9e21\uff0c\u4e00\u53e3\u6c14\u5403\u4e864\u53ea","description":"","b_description":"","comments_total":0,"share":"https:\/\/www.dongqiudi.com\/article\/1311257","thumb":"https:\/\/csimg2.qunliao.info\/fastdfs4\/M00\/F9\/3B\/280x210\/crop\/-\/ChNLkl4O9KKAC81aAEkjFH7saB4266.gif","top":false,"top_color":"","url":"https:\/\/api.dongqiudi.com\/article\/1311257.html?from=tab_232","url1":"https:\/\/api.dongqiudi.com\/article\/1311257.html?from=tab_232","scheme":"dongqiudi:\/\/\/news\/1311257","is_video":false,"new_video_detail":null,"collection_type":null,"add_to_tab":"0","is_redirect_h5":false,"ignore":"ipad,iphone,android","template":"https://www.dongqiudi.com/api/app/tabs/web/news.html","show_comments":true,"published_at":"2020-01-03 16:04:51","sort_timestamp":1578038691,"channel":"article","changetop":0,"lasttime":1578038841,"relate_type":"0","click_from":"tab_232","show_time":1578038691,"stat_data":{"stat_from":"tab_232","stat_type":"article"}},{"id":1311251,"title":"\u5cb3\u4e91\u9e4f\u665221\u5e74\u95f428\u5f20\u73cd\u85cf\u81ea\u62cd\u7167 \u81ea\u4f83\u201c\u5c81\u6708\u662f\u628a\u4ec0\u4e48\u5200\u201d","share_title":"\u5cb3\u4e91\u9e4f\u665221\u5e74\u95f428\u5f20\u73cd\u85cf\u81ea\u62cd\u7167 \u81ea\u4f83\u201c\u5c81\u6708\u662f\u628a\u4ec0\u4e48\u5200\u201d","description":"","b_description":"","comments_total":0,"share":"https:\/\/www.dongqiudi.com\/article\/1311251","thumb":"https:\/\/bdimg1.qunliao.info\/tos-cn-i-j5hyufq5o6\/fastdfs4\/M00\/F9\/3B\/ChNLkl4O8lCAQddyAAB_d1_S5ng052.jpg~tplv-j5hyufq5o6-crop:280:210.jpeg","top":false,"top_color":"","url":"https:\/\/api.dongqiudi.com\/article\/1311251.html?from=tab_232","url1":"https:\/\/api.dongqiudi.com\/article\/1311251.html?from=tab_232","scheme":"dongqiudi:\/\/\/news\/1311251","is_video":false,"new_video_detail":null,"collection_type":null,"add_to_tab":"0","is_redirect_h5":false,"ignore":"ipad,iphone,android","template":"https://www.dongqiudi.com/api/app/tabs/web/news.html","show_comments":true,"published_at":"2020-01-03 15:57:05","sort_timestamp":1578038225,"channel":"article","changetop":0,"lasttime":1578038310,"relate_type":"0","click_from":"tab_232","show_time":1578038225,"stat_data":{"stat_from":"tab_232","stat_type":"article"}},{"id":1311204,"title":"\u6613\u70ca\u5343\u73ba\u300a\u51fa\u8272WSJ.\u300b2020\u5f00\u5e74\u520a\u5c01\u9762\u65b0\u9c9c\u51fa\u7089 \u5bf8\u5934\u9b45\u529b\u65e0\u9650","share_title":"\u6613\u70ca\u5343\u73ba\u300a\u51fa\u8272WSJ.\u300b2020\u5f00\u5e74\u520a\u5c01\u9762\u65b0\u9c9c\u51fa\u7089 \u5bf8\u5934\u9b45\u529b\u65e0\u9650","description":"","b_description":"","comments_total":0,"share":"https:\/\/www.dongqiudi.com\/article\/1311204","thumb":"https:\/\/bdimg1.qunliao.info\/tos-cn-i-j5hyufq5o6\/fastdfs4\/M00\/F9\/3B\/ChMf8F4O59mAWa27AAEcoyDR2Ek264.jpg~tplv-j5hyufq5o6-crop:280:210.jpeg","top":false,"top_color":"","url":"https:\/\/api.dongqiudi.com\/article\/1311204.html?from=tab_232","url1":"https:\/\/api.dongqiudi.com\/article\/1311204.html?from=tab_232","scheme":"dongqiudi:\/\/\/news\/1311204","is_video":false,"new_video_detail":null,"collection_type":null,"add_to_tab":"0","is_redirect_h5":false,"ignore":"ipad,iphone,android","template":"https://www.dongqiudi.com/api/app/tabs/web/news.html","show_comments":true,"published_at":"2020-01-03 15:09:13","sort_timestamp":1578035353,"channel":"article","changetop":0,"lasttime":1578035438,"relate_type":"0","click_from":"tab_232","show_time":1578035353,"stat_data":{"stat_from":"tab_232","stat_type":"article"}},{"id":1311200,"title":"\u4eca\u5e74\u94c1\u8def\u6625\u8fd0\u552e\u7968\u5df2\u8d853\u4ebf\u5f20\uff0c\u6628\u65e5\u552e\u7968\u603b\u91cf\u518d\u521b\u5386\u53f2\u65b0\u9ad8","share_title":"\u4eca\u5e74\u94c1\u8def\u6625\u8fd0\u552e\u7968\u5df2\u8d853\u4ebf\u5f20\uff0c\u6628\u65e5\u552e\u7968\u603b\u91cf\u518d\u521b\u5386\u53f2\u65b0\u9ad8","description":"","b_description":"","comments_total":0,"share":"https:\/\/www.dongqiudi.com\/article\/1311200","thumb":"https:\/\/bdimg1.qunliao.info\/tos-cn-i-j5hyufq5o6\/fastdfs4\/M00\/F9\/39\/ChNLkl4O50yAbzTsAAED3aAm8rI667.jpg~tplv-j5hyufq5o6-crop:280:210.jpeg","top":false,"top_color":"","url":"https:\/\/api.dongqiudi.com\/article\/1311200.html?from=tab_232","url1":"https:\/\/api.dongqiudi.com\/article\/1311200.html?from=tab_232","scheme":"dongqiudi:\/\/\/news\/1311200","is_video":false,"new_video_detail":null,"collection_type":null,"add_to_tab":"0","is_redirect_h5":false,"ignore":"ipad,iphone,android","template":"https://www.dongqiudi.com/api/app/tabs/web/news.html","show_comments":true,"published_at":"2020-01-03 15:03:59","sort_timestamp":1578035039,"channel":"article","changetop":0,"lasttime":1578035123,"relate_type":"0","click_from":"tab_232","show_time":1578035039,"stat_data":{"stat_from":"tab_232","stat_type":"article"}},{"id":1311190,"title":"\u8303\u4e1e\u4e1e\u626b\u628a\u5934\u592a\u96f7\u4eba\uff0c\u5316\u8eab\u201c\u81ea\u95ed\u201d\u8d5b\u8f66\u624b\uff0c\u9b3c\u4fa6\u63a2\u88ab\u6848\u60c5\u7ed5\u6655","share_title":"\u8303\u4e1e\u4e1e\u626b\u628a\u5934\u592a\u96f7\u4eba\uff0c\u5316\u8eab\u201c\u81ea\u95ed\u201d\u8d5b\u8f66\u624b\uff0c\u9b3c\u4fa6\u63a2\u88ab\u6848\u60c5\u7ed5\u6655","description":"","b_description":"","comments_total":0,"share":"https:\/\/www.dongqiudi.com\/article\/1311190","thumb":"https:\/\/bdimg1.qunliao.info\/tos-cn-i-j5hyufq5o6\/fastdfs4\/M00\/F9\/39\/ChNLkl4O4d2AY3u_AAC--X-g5JQ637.jpg~tplv-j5hyufq5o6-crop:280:210.jpeg","top":false,"top_color":"","url":"https:\/\/api.dongqiudi.com\/article\/1311190.html?from=tab_232","url1":"https:\/\/api.dongqiudi.com\/article\/1311190.html?from=tab_232","scheme":"dongqiudi:\/\/\/news\/1311190","is_video":false,"new_video_detail":null,"collection_type":null,"add_to_tab":"0","is_redirect_h5":false,"ignore":"ipad,iphone,android","template":"https://www.dongqiudi.com/api/app/tabs/web/news.html","show_comments":true,"published_at":"2020-01-03 14:42:53","sort_timestamp":1578033773,"channel":"article","changetop":0,"lasttime":1578033858,"relate_type":"0","click_from":"tab_232","show_time":1578033773,"stat_data":{"stat_from":"tab_232","stat_type":"article"}},{"id":1311162,"title":"\u300a\u59dc\u5b50\u7259\u300b\u4e0e\u300a\u54ea\u5412\u300b\u8054\u52a8\u6d77\u62a5\u53d1\u5e03 \u795e\u517d\u201c\u56db\u4e0d\u76f8\u201d\u9996\u4eae\u76f8","share_title":"\u300a\u59dc\u5b50\u7259\u300b\u4e0e\u300a\u54ea\u5412\u300b\u8054\u52a8\u6d77\u62a5\u53d1\u5e03 \u795e\u517d\u201c\u56db\u4e0d\u76f8\u201d\u9996\u4eae\u76f8","description":"","b_description":"","comments_total":0,"share":"https:\/\/www.dongqiudi.com\/article\/1311162","thumb":"https:\/\/csimg2.qunliao.info\/fastdfs4\/M00\/F9\/39\/280x210\/crop\/-\/ChMf8F4O2TyAD2e7AAF6LYVRsa4992.jpg","top":false,"top_color":"","url":"https:\/\/api.dongqiudi.com\/article\/1311162.html?from=tab_232","url1":"https:\/\/api.dongqiudi.com\/article\/1311162.html?from=tab_232","scheme":"dongqiudi:\/\/\/news\/1311162","is_video":false,"new_video_detail":null,"collection_type":null,"add_to_tab":"0","is_redirect_h5":false,"ignore":"ipad,iphone,android","template":"https://www.dongqiudi.com/api/app/tabs/web/news.html","show_comments":true,"published_at":"2020-01-03 14:04:12","sort_timestamp":1578031452,"channel":"article","changetop":0,"lasttime":1578031536,"relate_type":"0","click_from":"tab_232","show_time":1578031452,"stat_data":{"stat_from":"tab_232","stat_type":"article"}},{"id":1311124,"title":"\u656c\u754f\u81ea\u7136\uff01\u957f\u6c5f\u53d1\u5e03\u5341\u5e74\u7981\u6e14\u901a\u544a \u8ba9\u957f\u6c5f\u4fee\u517b\u751f\u606f\u8feb\u5728\u7709\u776b\uff01","share_title":"\u656c\u754f\u81ea\u7136\uff01\u957f\u6c5f\u53d1\u5e03\u5341\u5e74\u7981\u6e14\u901a\u544a \u8ba9\u957f\u6c5f\u4fee\u517b\u751f\u606f\u8feb\u5728\u7709\u776b\uff01","description":"","b_description":"","comments_total":0,"share":"https:\/\/www.dongqiudi.com\/article\/1311124","thumb":"https:\/\/csimg2.qunliao.info\/fastdfs4\/M00\/F9\/36\/280x210\/crop\/-\/ChMf8F4OwumADXW_AAEcQvr3Zts464.jpg","top":false,"top_color":"","url":"https:\/\/api.dongqiudi.com\/article\/1311124.html?from=tab_232","url1":"https:\/\/api.dongqiudi.com\/article\/1311124.html?from=tab_232","scheme":"dongqiudi:\/\/\/news\/1311124","is_video":false,"new_video_detail":null,"collection_type":null,"add_to_tab":"0","is_redirect_h5":false,"ignore":"ipad,iphone,android","template":"https://www.dongqiudi.com/api/app/tabs/web/news.html","show_comments":true,"published_at":"2020-01-03 12:29:57","sort_timestamp":1578025797,"channel":"article","changetop":0,"lasttime":1578025881,"relate_type":"0","click_from":"tab_232","show_time":1578025797,"stat_data":{"stat_from":"tab_232","stat_type":"article"}},{"id":1311116,"title":"\u5e78\u798f\u7f8e\u6ee1\uff01\u7ae0\u5b50\u6021\u6652\u7167\u5b98\u5ba3\u4e8c\u80ce\u4ea7\u5b50\uff1a\u751f\u547d\u4e2d\u591a\u4e86\u4ed6","share_title":"\u5e78\u798f\u7f8e\u6ee1\uff01\u7ae0\u5b50\u6021\u6652\u7167\u5b98\u5ba3\u4e8c\u80ce\u4ea7\u5b50\uff1a\u751f\u547d\u4e2d\u591a\u4e86\u4ed6","description":"","b_description":"","comments_total":0,"share":"https:\/\/www.dongqiudi.com\/article\/1311116","thumb":"https:\/\/csimg2.qunliao.info\/fastdfs4\/M00\/F9\/35\/280x210\/crop\/-\/ChMf8F4OwJ-ASJYdAACdd3C1FaU679.jpg","top":false,"top_color":"","url":"https:\/\/api.dongqiudi.com\/article\/1311116.html?from=tab_232","url1":"https:\/\/api.dongqiudi.com\/article\/1311116.html?from=tab_232","scheme":"dongqiudi:\/\/\/news\/1311116","is_video":false,"new_video_detail":null,"collection_type":null,"add_to_tab":"0","is_redirect_h5":false,"ignore":"ipad,iphone,android","template":"https://www.dongqiudi.com/api/app/tabs/web/news.html","show_comments":true,"published_at":"2020-01-03 12:19:55","sort_timestamp":1578025195,"channel":"article","changetop":0,"lasttime":1578025481,"relate_type":"0","click_from":"tab_232","show_time":1578025195,"stat_data":{"stat_from":"tab_232","stat_type":"article"}},{"id":1311106,"title":"\u597d\u55e8\u5466\uff0150\u5c81\u738b\u83f2\u8e66\u8fea\u9752\u6625\u6d3b\u529b 45\u5c81\u5468\u8fc5\u73b0\u8eab\u663e\u8001\u6001","share_title":"\u597d\u55e8\u5466\uff0150\u5c81\u738b\u83f2\u8e66\u8fea\u9752\u6625\u6d3b\u529b 45\u5c81\u5468\u8fc5\u73b0\u8eab\u663e\u8001\u6001","description":"","b_description":"","comments_total":0,"share":"https:\/\/www.dongqiudi.com\/article\/1311106","thumb":"https:\/\/bdimg1.qunliao.info\/tos-cn-i-j5hyufq5o6\/fastdfs4\/M00\/F9\/34\/ChMf8F4OuMqARDf3AACCjlKlDK4427.jpg~tplv-j5hyufq5o6-crop:280:210.jpeg","top":false,"top_color":"","url":"https:\/\/api.dongqiudi.com\/article\/1311106.html?from=tab_232","url1":"https:\/\/api.dongqiudi.com\/article\/1311106.html?from=tab_232","scheme":"dongqiudi:\/\/\/news\/1311106","is_video":false,"new_video_detail":null,"collection_type":null,"add_to_tab":"0","is_redirect_h5":false,"ignore":"ipad,iphone,android","template":"https://www.dongqiudi.com/api/app/tabs/web/news.html","show_comments":true,"published_at":"2020-01-03 11:55:10","sort_timestamp":1578023710,"channel":"article","changetop":0,"lasttime":1578023796,"relate_type":"0","click_from":"tab_232","show_time":1578023710,"stat_data":{"stat_from":"tab_232","stat_type":"article"}},{"id":1311064,"title":"\u7f51\u7206\u51af\u63d0\u83ab\u88ab\u6768\u5e42\u5de5\u4f5c\u5ba4\u7b7e\u4e0b\u4e0e\u6f58\u73ae\u67cf\u5408\u5531\u300a\u4e0d\u5f97\u4e0d\u7231\u300b\u88ab\u5410\u69fd","share_title":"\u7f51\u7206\u51af\u63d0\u83ab\u88ab\u6768\u5e42\u5de5\u4f5c\u5ba4\u7b7e\u4e0b\u4e0e\u6f58\u73ae\u67cf\u5408\u5531\u300a\u4e0d\u5f97\u4e0d\u7231\u300b\u88ab\u5410\u69fd","description":"","b_description":"","comments_total":0,"share":"https:\/\/www.dongqiudi.com\/article\/1311064","thumb":"https:\/\/bdimg1.qunliao.info\/tos-cn-i-j5hyufq5o6\/fastdfs4\/M00\/F9\/32\/ChMf8F4OrqaAYoDLAADcVVQYRJc950.jpg~tplv-j5hyufq5o6-crop:280:210.jpeg","top":false,"top_color":"","url":"https:\/\/api.dongqiudi.com\/article\/1311064.html?from=tab_232","url1":"https:\/\/api.dongqiudi.com\/article\/1311064.html?from=tab_232","scheme":"dongqiudi:\/\/\/news\/1311064","is_video":false,"new_video_detail":null,"collection_type":null,"add_to_tab":"0","is_redirect_h5":false,"ignore":"ipad,iphone,android","template":"https://www.dongqiudi.com/api/app/tabs/web/news.html","show_comments":true,"published_at":"2020-01-03 11:05:25","sort_timestamp":1578020725,"channel":"article","changetop":0,"lasttime":1578020810,"relate_type":"0","click_from":"tab_232","show_time":1578020725,"stat_data":{"stat_from":"tab_232","stat_type":"article"}},{"id":1311061,"title":"\u738b\u601d\u806a\u4e09\u4e9a\u529e\u5e86\u751f\u6d3e\u5bf9\uff0c\u88ab\u5e05\u54e5\u7f8e\u5973\u73af\u7ed5\uff0c\u738b\u601d\u806a\u5374\u5174\u81f4\u4e0d\u9ad8","share_title":"\u738b\u601d\u806a\u4e09\u4e9a\u529e\u5e86\u751f\u6d3e\u5bf9\uff0c\u88ab\u5e05\u54e5\u7f8e\u5973\u73af\u7ed5\uff0c\u738b\u601d\u806a\u5374\u5174\u81f4\u4e0d\u9ad8","description":"","b_description":"","comments_total":0,"share":"https:\/\/www.dongqiudi.com\/article\/1311061","thumb":"https:\/\/csimg2.qunliao.info\/fastdfs4\/M00\/F9\/30\/280x210\/crop\/-\/ChNLkl4OrG6ATrHZAAA616IoGpE784.jpg","top":false,"top_color":"","url":"https:\/\/api.dongqiudi.com\/article\/1311061.html?from=tab_232","url1":"https:\/\/api.dongqiudi.com\/article\/1311061.html?from=tab_232","scheme":"dongqiudi:\/\/\/news\/1311061","is_video":false,"new_video_detail":null,"collection_type":null,"add_to_tab":"0","is_redirect_h5":false,"ignore":"ipad,iphone,android","template":"https://www.dongqiudi.com/api/app/tabs/web/news.html","show_comments":true,"published_at":"2020-01-03 10:58:26","sort_timestamp":1578020306,"channel":"article","changetop":0,"lasttime":1578020479,"relate_type":"0","click_from":"tab_232","show_time":1578020306,"stat_data":{"stat_from":"tab_232","stat_type":"article"}},{"id":1311042,"title":"\u5b8b\u4ef2\u57fa\u7b7e\u7ea6\u65b0\u516c\u53f8\uff0c\u51fa\u6f14\u97e9\u56fd\u9996\u90e8\u5b87\u5b99\u79d1\u5e7b\u5927\u7247\u300a\u80dc\u5229\u53f7\u300b","share_title":"\u5b8b\u4ef2\u57fa\u7b7e\u7ea6\u65b0\u516c\u53f8\uff0c\u51fa\u6f14\u97e9\u56fd\u9996\u90e8\u5b87\u5b99\u79d1\u5e7b\u5927\u7247\u300a\u80dc\u5229\u53f7\u300b","description":"","b_description":"","comments_total":0,"share":"https:\/\/www.dongqiudi.com\/article\/1311042","thumb":"https:\/\/bdimg1.qunliao.info\/tos-cn-i-j5hyufq5o6\/fastdfs4\/M00\/F9\/2F\/ChNLkl4OpxiAVsiOAADPp4Qk4aY904.jpg~tplv-j5hyufq5o6-crop:280:210.jpeg","top":false,"top_color":"","url":"https:\/\/api.dongqiudi.com\/article\/1311042.html?from=tab_232","url1":"https:\/\/api.dongqiudi.com\/article\/1311042.html?from=tab_232","scheme":"dongqiudi:\/\/\/news\/1311042","is_video":false,"new_video_detail":null,"collection_type":null,"add_to_tab":"0","is_redirect_h5":false,"ignore":"ipad,iphone,android","template":"https://www.dongqiudi.com/api/app/tabs/web/news.html","show_comments":true,"published_at":"2020-01-03 10:30:10","sort_timestamp":1578018610,"channel":"article","changetop":0,"lasttime":1578018695,"relate_type":"0","click_from":"tab_232","show_time":1578018610,"stat_data":{"stat_from":"tab_232","stat_type":"article"}},{"id":1311038,"title":"\u6c49\u5bc6\u5c14\u987f34\u5206\u5168\u961f6\u4eba\u4e0a\u53cc \u5317\u4eac\u4e3b\u573a33\u5206\u5927\u80dc\u5929\u6d25","share_title":"\u6c49\u5bc6\u5c14\u987f34\u5206\u5168\u961f6\u4eba\u4e0a\u53cc \u5317\u4eac\u4e3b\u573a33\u5206\u5927\u80dc\u5929\u6d25","description":"","b_description":"","comments_total":0,"share":"https:\/\/www.dongqiudi.com\/article\/1311038","thumb":"https:\/\/bdimg1.qunliao.info\/tos-cn-i-j5hyufq5o6\/fastdfs4\/M00\/F9\/2F\/ChNLkl4OpkWAaapZAADmd6XDYoo910.jpg~tplv-j5hyufq5o6-crop:280:210.jpeg","top":false,"top_color":"","url":"https:\/\/api.dongqiudi.com\/article\/1311038.html?from=tab_232","url1":"https:\/\/api.dongqiudi.com\/article\/1311038.html?from=tab_232","scheme":"dongqiudi:\/\/\/news\/1311038","is_video":false,"new_video_detail":null,"collection_type":null,"add_to_tab":"0","is_redirect_h5":false,"ignore":"ipad,iphone,android","template":"https://www.dongqiudi.com/api/app/tabs/web/news.html","show_comments":true,"published_at":"2020-01-03 10:27:40","sort_timestamp":1578018460,"channel":"article","changetop":0,"lasttime":1578018546,"relate_type":"0","click_from":"tab_232","show_time":1578018460,"stat_data":{"stat_from":"tab_232","stat_type":"article"}},{"id":1311035,"title":"\u5370\u5c3c\u96c5\u52a0\u8fbe\u6d2a\u707e\u5df2\u81f429\u6b7b \u5f53\u5c40\uff1a\u9047\u96be\u4eba\u6570\u6216\u7ee7\u7eed\u4e0a\u5347","share_title":"\u5370\u5c3c\u96c5\u52a0\u8fbe\u6d2a\u707e\u5df2\u81f429\u6b7b \u5f53\u5c40\uff1a\u9047\u96be\u4eba\u6570\u6216\u7ee7\u7eed\u4e0a\u5347","description":"","b_description":"","comments_total":0,"share":"https:\/\/www.dongqiudi.com\/article\/1311035","thumb":"https:\/\/csimg2.qunliao.info\/fastdfs4\/M00\/F9\/31\/280x210\/crop\/-\/ChMf8F4OpZuAUiNQAAFJo355Vvs201.jpg","top":false,"top_color":"","url":"https:\/\/api.dongqiudi.com\/article\/1311035.html?from=tab_232","url1":"https:\/\/api.dongqiudi.com\/article\/1311035.html?from=tab_232","scheme":"dongqiudi:\/\/\/news\/1311035","is_video":false,"new_video_detail":null,"collection_type":null,"add_to_tab":"0","is_redirect_h5":false,"ignore":"ipad,iphone,android","template":"https://www.dongqiudi.com/api/app/tabs/web/news.html","show_comments":true,"published_at":"2020-01-03 10:24:57","sort_timestamp":1578018297,"channel":"article","changetop":0,"lasttime":1578018381,"relate_type":"0","click_from":"tab_232","show_time":1578018297,"stat_data":{"stat_from":"tab_232","stat_type":"article"}},{"id":1311017,"title":"\u4f20\u9500\u6d3b\u52a8\u7684\u7ec4\u7ec7\u8005\u4e3a\u4ec0\u4e48\u8981\u7cbe\u795e\u6d17\u8111 \u8682\u8681\u5e84\u56ed1\u67083\u65e5\u7b54\u6848","share_title":"\u4f20\u9500\u6d3b\u52a8\u7684\u7ec4\u7ec7\u8005\u4e3a\u4ec0\u4e48\u8981\u7cbe\u795e\u6d17\u8111 \u8682\u8681\u5e84\u56ed1\u67083\u65e5\u7b54\u6848","description":"","b_description":"","comments_total":0,"share":"https:\/\/www.dongqiudi.com\/article\/1311017","thumb":"https:\/\/csimg2.qunliao.info\/fastdfs4\/M00\/F9\/2F\/280x210\/crop\/-\/ChNLkl4OoGeAa-wuAAKxFDpX9TM689.jpg","top":false,"top_color":"","url":"https:\/\/api.dongqiudi.com\/article\/1311017.html?from=tab_232","url1":"https:\/\/api.dongqiudi.com\/article\/1311017.html?from=tab_232","scheme":"dongqiudi:\/\/\/news\/1311017","is_video":false,"new_video_detail":null,"collection_type":null,"add_to_tab":"0","is_redirect_h5":false,"ignore":"ipad,iphone,android","template":"https://www.dongqiudi.com/api/app/tabs/web/news.html","show_comments":true,"published_at":"2020-01-03 10:01:26","sort_timestamp":1578016886,"channel":"article","changetop":0,"lasttime":1578016970,"relate_type":"0","click_from":"tab_232","show_time":1578016886,"stat_data":{"stat_from":"tab_232","stat_type":"article"}},{"id":1310750,"title":"\u76f4\u64ad\u4e1a\u6708\u85aa9423\u5143 \u5e76\u975e\u4eba\u4eba\u90fd\u80fd\u6210\u4e3a\u7206\u6b3e\u7f51\u7ea2","share_title":"\u76f4\u64ad\u4e1a\u6708\u85aa9423\u5143 \u5e76\u975e\u4eba\u4eba\u90fd\u80fd\u6210\u4e3a\u7206\u6b3e\u7f51\u7ea2","description":"","b_description":"","comments_total":0,"share":"https:\/\/www.dongqiudi.com\/article\/1310750","thumb":"https:\/\/bdimg1.qunliao.info\/tos-cn-i-j5hyufq5o6\/fastdfs4\/M00\/F9\/18\/ChNLkl4N5AiAKts5AADD6v6wa_8295.jpg~tplv-j5hyufq5o6-crop:280:210.jpeg","top":false,"top_color":"","url":"https:\/\/api.dongqiudi.com\/article\/1310750.html?from=tab_232","url1":"https:\/\/api.dongqiudi.com\/article\/1310750.html?from=tab_232","scheme":"dongqiudi:\/\/\/news\/1310750","is_video":false,"new_video_detail":null,"collection_type":null,"add_to_tab":"0","is_redirect_h5":false,"ignore":"ipad,iphone,android","template":"https://www.dongqiudi.com/api/app/tabs/web/news.html","show_comments":true,"published_at":"2020-01-02 20:38:04","sort_timestamp":1577968684,"channel":"article","changetop":0,"lasttime":1577968769,"relate_type":"0","click_from":"tab_232","show_time":1577968684,"stat_data":{"stat_from":"tab_232","stat_type":"article"}}]}