{"id":3,"label":"\u82f1\u8d85","prev":"https:\/\/api.dongqiudi.com\/app\/tabs\/web\/3.json?before=1578114599","fresh":"https:\/\/api.dongqiudi.com\/app\/tabs\/web\/3.json?action=fresh","next":"https:\/\/api.dongqiudi.com\/app\/tabs\/web\/3.json?after=1578103547&page=2","max":1578114599,"min":1578103547,"page":1,"url":"https:\/\/api.dongqiudi.com\/app\/tabs\/web\/3.json?","articles":[{"id":1311775,"title":"\u9762\u5bf9\u5bc6\u96c6\u7684\u8d5b\u7a0b\uff0c\u54c8\u5e05\u5728\u8db3\u603b\u676f\u8d5b\u524d\u65b0\u95fb\u53d1\u5e03\u4f1a\u4e0a\u8868\u793a...","share_title":"\u9762\u5bf9\u5bc6\u96c6\u7684\u8d5b\u7a0b\uff0c\u54c8\u5e05\u5728\u8db3\u603b\u676f\u8d5b\u524d\u65b0\u95fb\u53d1\u5e03\u4f1a\u4e0a\u8868\u793a...","description":"","b_description":"","comments_total":1,"share":"https:\/\/n.dongqiudi.com\/webapp\/tops.html?id=1311775","thumb":"https:\/\/bdimg1.qunliao.info\/tos-cn-i-j5hyufq5o6\/fastdfs3\/M00\/E0\/D3\/ChONol4QHeiAfiTEABfC7DLchrQ073.png~tplv-j5hyufq5o6-crop:280:210.jpeg","top":false,"top_color":"","url":"https:\/\/api.dongqiudi.com\/v2\/feed\/1311775.html?from=tab_3","url1":"https:\/\/api.dongqiudi.com\/v2\/feed\/1311775.html?from=tab_3","scheme":"dongqiudi:\/\/\/news\/1311775","is_video":false,"new_video_detail":null,"collection_type":null,"add_to_tab":"0","is_redirect_h5":false,"ignore":"","template":"https://www.dongqiudi.com/api/app/tabs/web/top.html","show_comments":true,"published_at":"2020-01-04 13:09:59","sort_timestamp":1578114599,"author":{"name":"\u5357\u5b89\u666e\u987f\u8db3\u7403\u4ff1\u4e50\u90e8","bg_image":"","user_id":4638402,"avatar":"https:\/\/bdimg2.qunliao.info\/tos-cn-i-j5hyufq5o6\/fastdfs2\/M00\/0D\/56\/ChOqM1nCAomAAsvZAAA5LGLpu4U309.jpg~tplv-j5hyufq5o6-scaleimage:100:0.image","icon":"https:\/\/bdimg2.qunliao.info\/tos-cn-i-j5hyufq5o6\/fastdfs2\/M00\/0D\/56\/ChOqM1nCAomAAsvZAAA5LGLpu4U309.jpg~tplv-j5hyufq5o6-scaleimage:100:0.image","level":"normal","medal_url":"https:\/\/img1.dongqiudi.com\/fastdfs1\/M00\/63\/B3\/o4YBAFj5pYKAetOzAAAGhNXa-yY637.png","hide_declaration":"","scheme":"dongqiudi:\/\/v1\/user\/index\/4638402","newpendant":[{"url":"https:\/\/img1.qunliao.info\/fastdfs4\/M00\/CB\/54\/ChMf8F1AGvaAeLARAAAF2RP93Bs240.png","title":"","type":"identity","width":42,"height":42,"scheme":"","level":"1","from":"ident"},{"url":"https:\/\/sd.qunliao.info\/fastdfs3\/M00\/B5\/75\/ChOxM1xC2FeAW0-bAAAaj8WRKDk949.png","title":"","type":"fav","width":42,"height":42,"scheme":"","level":2,"from":"hometeam"}],"medal_desc":"\u5357\u5b89\u666e\u987f\u8db3\u7403\u4ff1\u4e50\u90e8\u5b98\u65b9\u8d26\u53f7"},"mini_top_content":{"content":"\u9762\u5bf9\u5bc6\u96c6\u7684\u8d5b\u7a0b\uff0c\u54c8\u5e05\u5728\u8db3\u603b\u676f\u8d5b\u524d\u65b0\u95fb\u53d1\u5e03\u4f1a\u4e0a\u8868\u793a\uff1a\u201c\u6211\u4eec\u53ea\u6709\u51e0\u5929\u7684\u65f6\u95f4\u6765\u51c6\u5907\u4e0b\u4e00\u573a\u6bd4\u8d5b\uff0c\u4f46\u662f\u6211\u4eec\u60f3\u8981\u53d1\u5c04\u51fa\u4e00\u4e2a\u660e\u786e\u7684\u8baf\u606f\u2014\u2014\u6211\u4eec\u60f3\u8981\u664b\u7ea7\u4e0b\u4e00\u8f6e\u3002\u8db3\u603b\u676f\u662f\u4e00\u9879\u5bf9\u6211\u4eec\u6765\u8bf4\u975e\u5e38\u91cd\u8981\u7684\u8d5b\u4e8b\uff0c\u5c31\u50cf\u5361\u62c9\u5b9d\u676f\u3002\u201c\u6211\u4eec\u603b\u662f\u5728\u5361\u62c9\u5b9d\u676f\u6d3e\u51fa\u5c3d\u53ef\u80fd\u597d\u7684\u9635\u5bb9\u3002\u5728\u6709\u4e9b\u4f4d\u7f6e\u4e0a\uff0c\u6211\u6709\u66f4\u591a\u7684\u9009\u62e9\uff0c\u4f46\u662f\u6709\u4e9b\u4f4d\u7f6e\u6211\u5219\u662f\u6ca1\u6709\u591a\u4f59\u7684\u9009\u62e9\u3002\u4e0d\u8fc7\u6211\u4f1a\u627e\u5230\u4e00\u652f\u80fd\u591f\u5728\u4e3b\u573a\u51fb\u8d25\u54c8\u9547\u7684\u7403\u961f\u3002\u201d","image_total":1,"images":[{"url":"https:\/\/bdimg1.qunliao.info\/tos-cn-i-j5hyufq5o6\/fastdfs3\/M00\/E0\/D3\/ChONol4QHeiAfiTEABfC7DLchrQ073.png~tplv-j5hyufq5o6-orign2.image","size":8,"width":1600,"height":789,"mime":"image\/png","thumb":"https:\/\/bdimg1.qunliao.info\/tos-cn-i-j5hyufq5o6\/fastdfs3\/M00\/E0\/D3\/ChONol4QHeiAfiTEABfC7DLchrQ073.png~tplv-j5hyufq5o6-scaleimage:400:0.image?imageView2\/1\/format\/jpg"}],"praise_total":1},"channel":"mini_top","changetop":0,"lasttime":1578114907,"relate_type":"0","share_data":{"url":"https:\/\/n.dongqiudi.com\/webapp\/tops.html?id=1311775","title":"\u9762\u5bf9\u5bc6\u96c6\u7684\u8d5b\u7a0b\uff0c\u54c8\u5e05\u5728\u8db3\u603b\u676f\u8d5b\u524d\u65b0\u95fb\u53d1\u5e03\u4f1a\u4e0a\u8868\u793a...","content":"\u66f4\u591a\u7cbe\u5f69\u5185\u5bb9\uff0c\u5c3d\u5728\u61c2\u7403\u5e1d","share_thumb_url":"https:\/\/bdimg1.qunliao.info\/tos-cn-i-j5hyufq5o6\/fastdfs3\/M00\/E0\/D3\/ChONol4QHeiAfiTEABfC7DLchrQ073.png~tplv-j5hyufq5o6-crop:280:210.jpeg"},"click_from":"tab_3","show_time":1578114599,"stat_data":{"stat_from":"tab_3","stat_type":"mini_top"}},{"id":1311774,"title":"\u65b0\u63f4\u82e5\u5965-\u4f69\u5fb7\u7f57\u9002\u5e94\u5f97\u5982\u4f55\u5462\uff1f\u201c\u5230\u76ee\u524d\u4e3a\u6b62\u57fa\u7eb3\u5e2e...","share_title":"\u65b0\u63f4\u82e5\u5965-\u4f69\u5fb7\u7f57\u9002\u5e94\u5f97\u5982\u4f55\u5462\uff1f\u201c\u5230\u76ee\u524d\u4e3a\u6b62\u57fa\u7eb3\u5e2e...","description":"","b_description":"","comments_total":0,"share":"https:\/\/n.dongqiudi.com\/webapp\/tops.html?id=1311774","thumb":"https:\/\/bdimg1.qunliao.info\/tos-cn-i-j5hyufq5o6\/fastdfs3\/M00\/E0\/D3\/ChONol4QHPeAHbriAB8Q-iP2WQo069.png~tplv-j5hyufq5o6-crop:280:210.jpeg","top":false,"top_color":"","url":"https:\/\/api.dongqiudi.com\/v2\/feed\/1311774.html?from=tab_3","url1":"https:\/\/api.dongqiudi.com\/v2\/feed\/1311774.html?from=tab_3","scheme":"dongqiudi:\/\/\/news\/1311774","is_video":false,"new_video_detail":null,"collection_type":null,"add_to_tab":"0","is_redirect_h5":false,"ignore":"","template":"https://www.dongqiudi.com/api/app/tabs/web/top.html","show_comments":true,"published_at":"2020-01-04 13:06:58","sort_timestamp":1578114418,"author":{"name":"WFC\u6c83\u7279\u798f\u5fb7\u8db3\u7403\u4ff1\u4e50\u90e8","bg_image":"","user_id":12514132,"avatar":"https:\/\/bdimg2.qunliao.info\/tos-cn-i-j5hyufq5o6\/fastdfs3\/M00\/CC\/C8\/ChO2w11l8fSABfOAAATFYxGmT8s742.jpg~tplv-j5hyufq5o6-scaleimage:100:0.image","icon":"https:\/\/bdimg2.qunliao.info\/tos-cn-i-j5hyufq5o6\/fastdfs3\/M00\/CC\/C8\/ChO2w11l8fSABfOAAATFYxGmT8s742.jpg~tplv-j5hyufq5o6-scaleimage:100:0.image","level":"normal","medal_url":"https:\/\/img1.dongqiudi.com\/fastdfs1\/M00\/63\/B3\/o4YBAFj5pYKAetOzAAAGhNXa-yY637.png","hide_declaration":"","scheme":"dongqiudi:\/\/v1\/user\/index\/12514132","newpendant":[{"url":"https:\/\/img1.qunliao.info\/fastdfs4\/M00\/CB\/54\/ChMf8F1AGvaAeLARAAAF2RP93Bs240.png","title":"","type":"identity","width":42,"height":42,"scheme":"","level":"1","from":"ident"},{"url":"https:\/\/sd.qunliao.info\/fastdfs3\/M00\/B5\/75\/ChOxM1xC2F2AHiRFAAAR-2c_N2I057.png","title":"","type":"fav","width":42,"height":42,"scheme":"","level":2,"from":"hometeam"}],"medal_desc":"\u6c83\u7279\u798f\u5fb7\u8db3\u7403\u4ff1\u4e50\u90e8\u5b98\u65b9\u8d26\u53f7"},"mini_top_content":{"content":"\u65b0\u63f4\u82e5\u5965-\u4f69\u5fb7\u7f57\u9002\u5e94\u5f97\u5982\u4f55\u5462\uff1f\u201c\u5230\u76ee\u524d\u4e3a\u6b62\u57fa\u7eb3\u5e2e\u52a9\u4e86\u6211\u5f88\u591a\u3002\u4ed6\u548c\u6211\u5e74\u7eaa\u76f8\u4eff\uff0c\u6240\u4ee5\u6211\u4eec\u603b\u662f\u5728\u4e00\u8d77\u73a9\uff0c\u5173\u7cfb\u5f88\u597d\u3002\u201d \u8bf4\u540c\u4e00\u79cd\u8bed\u8a00\u5c31\u662f\u65b9\u4fbf\u54e6\uff01","image_total":2,"images":[{"url":"https:\/\/bdimg1.qunliao.info\/tos-cn-i-j5hyufq5o6\/fastdfs3\/M00\/E0\/D3\/ChONol4QHPeAHbriAB8Q-iP2WQo069.png~tplv-j5hyufq5o6-orign2.image","size":8,"width":1180,"height":1190,"mime":"image\/png","thumb":"https:\/\/bdimg1.qunliao.info\/tos-cn-i-j5hyufq5o6\/fastdfs3\/M00\/E0\/D3\/ChONol4QHPeAHbriAB8Q-iP2WQo069.png~tplv-j5hyufq5o6-scaleimage:400:0.image?imageView2\/1\/format\/jpg"},{"url":"https:\/\/bdimg1.qunliao.info\/tos-cn-i-j5hyufq5o6\/fastdfs3\/M00\/E0\/D2\/ChO2w14QHbOAfJpAAAH5vDTRk_w682.jpg~tplv-j5hyufq5o6-orign2.image","size":8,"width":1200,"height":675,"mime":"image\/jpeg","thumb":"https:\/\/bdimg1.qunliao.info\/tos-cn-i-j5hyufq5o6\/fastdfs3\/M00\/E0\/D2\/ChO2w14QHbOAfJpAAAH5vDTRk_w682.jpg~tplv-j5hyufq5o6-scaleimage:400:0.image?imageView2\/1\/format\/jpg"}],"praise_total":0},"channel":"mini_top","changetop":0,"lasttime":1578114907,"relate_type":"0","share_data":{"url":"https:\/\/n.dongqiudi.com\/webapp\/tops.html?id=1311774","title":"\u65b0\u63f4\u82e5\u5965-\u4f69\u5fb7\u7f57\u9002\u5e94\u5f97\u5982\u4f55\u5462\uff1f\u201c\u5230\u76ee\u524d\u4e3a\u6b62\u57fa\u7eb3\u5e2e...","content":"\u66f4\u591a\u7cbe\u5f69\u5185\u5bb9\uff0c\u5c3d\u5728\u61c2\u7403\u5e1d","share_thumb_url":"https:\/\/bdimg1.qunliao.info\/tos-cn-i-j5hyufq5o6\/fastdfs3\/M00\/E0\/D3\/ChONol4QHPeAHbriAB8Q-iP2WQo069.png~tplv-j5hyufq5o6-crop:280:210.jpeg"},"click_from":"tab_3","show_time":1578114418,"stat_data":{"stat_from":"tab_3","stat_type":"mini_top"}},{"id":1311770,"title":"\u9a6c\u8d5b\u56de\u65cb\u6cb9\u70b8\u4e38\u5b50\uff0c\u963f\u5c24\u8fd9\u7c92\u795e\u4ed9\u7403\u5165\u56f4\u82f1\u8d8512\u6708\u6700...","share_title":"\u9a6c\u8d5b\u56de\u65cb\u6cb9\u70b8\u4e38\u5b50\uff0c\u963f\u5c24\u8fd9\u7c92\u795e\u4ed9\u7403\u5165\u56f4\u82f1\u8d8512\u6708\u6700...","description":"","b_description":"","comments_total":0,"share":"https:\/\/n.dongqiudi.com\/webapp\/tops.html?id=1311770","thumb":"https:\/\/img.qunliao.info\/3wnjTVf1_2273118751.mp4?vframe\/jpg\/offset\/1","top":false,"top_color":"","url":"https:\/\/api.dongqiudi.com\/v2\/feed\/1311770.html?from=tab_3","url1":"https:\/\/api.dongqiudi.com\/v2\/feed\/1311770.html?from=tab_3","scheme":"dongqiudi:\/\/\/news\/1311770","is_video":true,"new_video_detail":null,"collection_type":null,"add_to_tab":"0","is_redirect_h5":false,"ignore":"","video_info":{"video_src":"https:\/\/img.qunliao.info\/3wnjTVf1_2273118751.mp4","video_hash":"62df22efe67ce49a556c5d105e39b1ee","video_time":"00:31","video_mode":"player","video_width":720,"video_height":720,"visit_total":744,"vertical_screen":0,"size":6,"vid":"v028406b0000bo81q0n3cp54dm5v7brg","vid_token":"https:\/\/vod.bytedanceapi.com\/?Action=GetPlayInfo&Version=2019-03-15&video_id=v028406b0000bo81q0n3cp54dm5v7brg&X-Amz-Expires=31622400&X-Amz-Date=20200104T050706Z&X-Amz-Algorithm=AWS4-HMAC-SHA256&X-Amz-Credential=AKLTZTI4ZjVjYzJjYTVmNDc2Yzg1ZjIxNmI2YzViYTcxODI%2F20200104%2Fcn-north-1%2Fvod%2Faws4_request&X-Amz-SignedHeaders=&X-Amz-SignedQueries=Action%3BVersion%3BX-Amz-Algorithm%3BX-Amz-Credential%3BX-Amz-Date%3BX-Amz-Expires%3BX-Amz-SignedHeaders%3Bvideo_id&X-Amz-Signature=8e3b0be55a22e55c52257604992f8c385d0bcff5d0f660f20f7bc76b59725720","video_scheme":"dongqiudi:\/\/v1\/videoFullscreen\/article\/1311770","video_image":"https:\/\/img.qunliao.info\/3wnjTVf1_2273118751.mp4?vframe\/jpg\/offset\/1"},"cover":{"pic":"https:\/\/img.qunliao.info\/3wnjTVf1_2273118751.mp4?vframe\/jpg\/offset\/1"},"template":"https://www.dongqiudi.com/api/app/tabs/web/top.html","show_comments":true,"published_at":"2020-01-04 13:04:27","sort_timestamp":1578114267,"author":{"name":"\u6c34\u6676\u5bab\u8db3\u7403\u4ff1\u4e50\u90e8","bg_image":"","user_id":4031479,"avatar":"https:\/\/bdimg2.qunliao.info\/tos-cn-i-j5hyufq5o6\/fastdfs3\/M00\/98\/89\/ChOxM1wQljGAAPQuAABngN48KfQ565.jpg~tplv-j5hyufq5o6-scaleimage:100:0.image","icon":"https:\/\/bdimg2.qunliao.info\/tos-cn-i-j5hyufq5o6\/fastdfs3\/M00\/98\/89\/ChOxM1wQljGAAPQuAABngN48KfQ565.jpg~tplv-j5hyufq5o6-scaleimage:100:0.image","level":"normal","medal_url":"https:\/\/img1.dongqiudi.com\/fastdfs1\/M00\/63\/B3\/o4YBAFj5pYKAetOzAAAGhNXa-yY637.png","hide_declaration":"","scheme":"dongqiudi:\/\/v1\/user\/index\/4031479","newpendant":[{"url":"https:\/\/img1.qunliao.info\/fastdfs4\/M00\/CB\/54\/ChMf8F1AGvaAeLARAAAF2RP93Bs240.png","title":"","type":"identity","width":42,"height":42,"scheme":"","level":"1","from":"ident"},{"url":"https:\/\/sd.qunliao.info\/fastdfs3\/M00\/B5\/75\/ChOxM1xC2FmAJYeAAABVVZj9NS8471.png","title":"","type":"fav","width":42,"height":42,"scheme":"","level":2,"from":"hometeam"}],"medal_desc":"\u6c34\u6676\u5bab\u8db3\u7403\u4ff1\u4e50\u90e8\u5b98\u65b9\u8d26\u53f7"},"mini_top_content":{"content":"\u9a6c\u8d5b\u56de\u65cb\u6cb9\u70b8\u4e38\u5b50\uff0c\u963f\u5c24\u8fd9\u7c92\u795e\u4ed9\u7403\u5165\u56f4\u82f1\u8d8512\u6708\u6700\u4f73\u6beb\u65e0\u7591\u95ee\u4e86\uff01","video":{"url":"https:\/\/img.qunliao.info\/3wnjTVf1_2273118751.mp4","duration":31,"width":720,"height":720,"size":6180297,"source":"","mime":"video\/mp4","mode":"player","hash_id":"62df22efe67ce49a556c5d105e39b1ee","hash":"62df22efe67ce49a556c5d105e39b1ee","site":"qiniu","thumb":"https:\/\/img.qunliao.info\/3wnjTVf1_2273118751.mp4?vframe\/jpg\/offset\/1\/w\/720\/h720","duration_string":"00:31","vid":"v028406b0000bo81q0n3cp54dm5v7brg","vid_token":"https:\/\/vod.bytedanceapi.com\/?Action=GetPlayInfo&Version=2019-03-15&video_id=v028406b0000bo81q0n3cp54dm5v7brg&X-Amz-Expires=31622400&X-Amz-Date=20200104T050706Z&X-Amz-Algorithm=AWS4-HMAC-SHA256&X-Amz-Credential=AKLTZTI4ZjVjYzJjYTVmNDc2Yzg1ZjIxNmI2YzViYTcxODI%2F20200104%2Fcn-north-1%2Fvod%2Faws4_request&X-Amz-SignedHeaders=&X-Amz-SignedQueries=Action%3BVersion%3BX-Amz-Algorithm%3BX-Amz-Credential%3BX-Amz-Date%3BX-Amz-Expires%3BX-Amz-SignedHeaders%3Bvideo_id&X-Amz-Signature=8e3b0be55a22e55c52257604992f8c385d0bcff5d0f660f20f7bc76b59725720","video_scheme":"dongqiudi:\/\/v1\/videoFullscreen\/article\/1311770"},"praise_total":5},"channel":"mini_top","changetop":0,"lasttime":1578114908,"relate_type":"0","share_data":{"url":"https:\/\/n.dongqiudi.com\/webapp\/tops.html?id=1311770","title":"\u9a6c\u8d5b\u56de\u65cb\u6cb9\u70b8\u4e38\u5b50\uff0c\u963f\u5c24\u8fd9\u7c92\u795e\u4ed9\u7403\u5165\u56f4\u82f1\u8d8512\u6708\u6700...","content":"\u66f4\u591a\u7cbe\u5f69\u5185\u5bb9\uff0c\u5c3d\u5728\u61c2\u7403\u5e1d","share_thumb_url":"https:\/\/img.qunliao.info\/3wnjTVf1_2273118751.mp4?vframe\/jpg\/offset\/1"},"click_from":"tab_3","show_time":1578114267,"stat_data":{"stat_from":"tab_3","stat_type":"mini_top"}},{"id":1311760,"title":"\u90ae\u62a5\uff1a\u65b0\u7ecf\u7eaa\u4eba\u548c\u963f\u5e03\u5173\u7cfb\u5f88\u597d\uff0c\u624e\u54c8\u8f6c\u4f1a\u5207\u5c14\u897f\u53ef\u80fd\u6027\u589e\u52a0","share_title":"\u90ae\u62a5\uff1a\u65b0\u7ecf\u7eaa\u4eba\u548c\u963f\u5e03\u5173\u7cfb\u5f88\u597d\uff0c\u624e\u54c8\u8f6c\u4f1a\u5207\u5c14\u897f\u53ef\u80fd\u6027\u589e\u52a0","description":"","b_description":"","comments_total":43,"share":"https:\/\/www.dongqiudi.com\/article\/1311760","thumb":"https:\/\/bdimg1.qunliao.info\/tos-cn-i-j5hyufq5o6\/fastdfs4\/M00\/F8\/B3\/ChMf8F4LT6CAS32SAAGcC3slxhM520.jpg~tplv-j5hyufq5o6-crop:280:210.jpeg","top":false,"top_color":"","url":"https:\/\/api.dongqiudi.com\/article\/1311760.html?from=tab_3","url1":"https:\/\/api.dongqiudi.com\/article\/1311760.html?from=tab_3","scheme":"dongqiudi:\/\/\/news\/1311760","is_video":false,"new_video_detail":null,"collection_type":null,"add_to_tab":"0","is_redirect_h5":false,"ignore":"","template":"https://www.dongqiudi.com/api/app/tabs/web/news.html","show_comments":true,"published_at":"2020-01-04 12:36:19","sort_timestamp":1578112579,"channel":"article","changetop":0,"lasttime":1578114904,"relate_type":"0","click_from":"tab_3","show_time":1578112579,"stat_data":{"stat_from":"tab_3","stat_type":"article"}},{"id":1311752,"title":"132\u5e74\u82f1\u56fd\u9876\u7ea7\u8054\u8d5b\u603b\u5f97\u5206\u699c\u53d8\u5316\u6392\u884c\uff1a\u7ea2\u519b\u9886\u8854\uff0c\u7fa4\u96c4\u9010\u9e7f","share_title":"132\u5e74\u82f1\u56fd\u9876\u7ea7\u8054\u8d5b\u603b\u5f97\u5206\u699c\u53d8\u5316\u6392\u884c\uff1a\u7ea2\u519b\u9886\u8854\uff0c\u7fa4\u96c4\u9010\u9e7f","b_description":"","comments_total":191,"share":"https:\/\/www.dongqiudi.com\/article\/1311752","thumb":"https:\/\/bdimg1.qunliao.info\/tos-cn-i-j5hyufq5o6\/fastdfs4\/M00\/F9\/60\/ChNLkl4QEJmACdFlAAcW3T-jpvo177.png~tplv-j5hyufq5o6-crop:280:210.jpeg","top":false,"top_color":"","url":"https:\/\/api.dongqiudi.com\/article\/1311752.html?from=tab_3","url1":"https:\/\/api.dongqiudi.com\/article\/1311752.html?from=tab_3","scheme":"dongqiudi:\/\/\/video_detail\/1311752","is_video":true,"new_video_detail":1,"collection_type":null,"add_to_tab":null,"is_redirect_h5":false,"ignore":"","video_info":{"video_src":"https:\/\/img.qunliao.info\/sXsmDgww_4811118751.mp4","video_hash":"1e102e2025358f285ba36d79c8bcac25","video_time":"01:36","video_mode":"player","video_width":480,"video_height":368,"visit_total":"200000+","vertical_screen":0,"size":8,"video_scheme":"dongqiudi:\/\/v1\/videoFullscreen\/article\/1311752","video_image":"https:\/\/img.qunliao.info\/sXsmDgww_4811118751.mp4?vframe\/jpg\/offset\/1","vid":"v028406b0000bo814o26tgq24rgmh300","vid_token":"https:\/\/vod.bytedanceapi.com\/?Action=GetPlayInfo&Version=2019-03-15&video_id=v028406b0000bo814o26tgq24rgmh300&X-Amz-Expires=31622400&X-Amz-Date=20200104T042144Z&X-Amz-Algorithm=AWS4-HMAC-SHA256&X-Amz-Credential=AKLTZTI4ZjVjYzJjYTVmNDc2Yzg1ZjIxNmI2YzViYTcxODI%2F20200104%2Fcn-north-1%2Fvod%2Faws4_request&X-Amz-SignedHeaders=&X-Amz-SignedQueries=Action%3BVersion%3BX-Amz-Algorithm%3BX-Amz-Credential%3BX-Amz-Date%3BX-Amz-Expires%3BX-Amz-SignedHeaders%3Bvideo_id&X-Amz-Signature=7d54ace0c57d597dddae32975f627cc7f09edac289d549d92e1cba99b806772d"},"cover":{"pic":"https:\/\/img1.qunliao.info\/fastdfs4\/M00\/F9\/60\/640x400\/-\/-\/ChNLkl4QEJmACdFlAAcW3T-jpvo177.png"},"template":"https://www.dongqiudi.com/api/app/tabs/web/top.html","show_comments":true,"published_at":"2020-01-04 12:19:41","sort_timestamp":1578111581,"channel":"video","extend":["cover"],"changetop":0,"lasttime":1578114904,"relate_type":"0","description":"","click_from":"tab_3","show_time":1578111581,"stat_data":{"stat_from":"tab_3","stat_type":"video"}},{"id":1311749,"title":"\u970d\u5947\u68ee\uff1a\u8428\u79d1\u5c06\u4f1a\u7f3a\u5e2d\u4e00\u6bb5\u65f6\u95f4\uff1b\u624e\u54c8\u662f\u771f\u6b63\u7684\u6218\u58eb","share_title":"\u970d\u5947\u68ee\uff1a\u8428\u79d1\u5c06\u4f1a\u7f3a\u5e2d\u4e00\u6bb5\u65f6\u95f4\uff1b\u624e\u54c8\u662f\u771f\u6b63\u7684\u6218\u58eb","description":"","b_description":"","comments_total":2,"share":"https:\/\/www.dongqiudi.com\/article\/1311749","thumb":"https:\/\/bdimg1.qunliao.info\/tos-cn-i-j5hyufq5o6\/fastdfs3\/M00\/E0\/D1\/ChONol4QEK-AJc1UACBgBD1bYY4753.png~tplv-j5hyufq5o6-crop:280:210.jpeg","top":false,"top_color":"","url":"https:\/\/api.dongqiudi.com\/v2\/feed\/1311749.html?from=tab_3","url1":"https:\/\/api.dongqiudi.com\/v2\/feed\/1311749.html?from=tab_3","scheme":"dongqiudi:\/\/\/feed\/1311749","is_video":false,"new_video_detail":null,"collection_type":null,"add_to_tab":"0","is_redirect_h5":false,"ignore":"","template":"https://www.dongqiudi.com/api/app/tabs/web/feed.html","show_comments":true,"published_at":"2020-01-04 12:18:56","sort_timestamp":1578111536,"author":{"name":"\u6c34\u6676\u5bab\u8db3\u7403\u4ff1\u4e50\u90e8","bg_image":"","user_id":4031479,"avatar":"https:\/\/bdimg2.qunliao.info\/tos-cn-i-j5hyufq5o6\/fastdfs3\/M00\/98\/89\/ChOxM1wQljGAAPQuAABngN48KfQ565.jpg~tplv-j5hyufq5o6-scaleimage:100:0.image","icon":"https:\/\/bdimg2.qunliao.info\/tos-cn-i-j5hyufq5o6\/fastdfs3\/M00\/98\/89\/ChOxM1wQljGAAPQuAABngN48KfQ565.jpg~tplv-j5hyufq5o6-scaleimage:100:0.image","level":"normal","medal_url":"https:\/\/img1.dongqiudi.com\/fastdfs1\/M00\/63\/B3\/o4YBAFj5pYKAetOzAAAGhNXa-yY637.png","hide_declaration":"","scheme":"dongqiudi:\/\/v1\/user\/index\/4031479"},"channel":"feed","changetop":0,"lasttime":1578114608,"relate_type":"0","click_from":"tab_3","show_time":1578111536,"stat_data":{"stat_from":"tab_3","stat_type":"feed"}},{"id":1311748,"title":"\u5fb7\u5a92\u8bc4\u95e8\u5174\u8fc7\u53bb\u5341\u5e74\u6700\u4f73\u9635\u5bb9\uff1a\u7f57\u4f0a\u65af\u548c\u7279\u5c14\u65bd\u7279\u6839\u9886\u8854","share_title":"\u5fb7\u5a92\u8bc4\u95e8\u5174\u8fc7\u53bb\u5341\u5e74\u6700\u4f73\u9635\u5bb9\uff1a\u7f57\u4f0a\u65af\u548c\u7279\u5c14\u65bd\u7279\u6839\u9886\u8854","description":"","b_description":"","comments_total":14,"share":"https:\/\/www.dongqiudi.com\/article\/1311748","thumb":"https:\/\/csimg2.qunliao.info\/fastdfs4\/M00\/F9\/60\/280x210\/crop\/-\/ChNLkl4QEPmAaFMtAAEvTdIsORY084.jpg","top":false,"top_color":"","url":"https:\/\/api.dongqiudi.com\/article\/1311748.html?from=tab_3","url1":"https:\/\/api.dongqiudi.com\/article\/1311748.html?from=tab_3","scheme":"dongqiudi:\/\/\/news\/1311748","is_video":false,"new_video_detail":null,"collection_type":null,"add_to_tab":"0","is_redirect_h5":false,"ignore":"","template":"https://www.dongqiudi.com/api/app/tabs/web/news.html","show_comments":true,"published_at":"2020-01-04 12:15:34","sort_timestamp":1578111334,"channel":"article","changetop":0,"lasttime":1578114609,"relate_type":"0","click_from":"tab_3","show_time":1578111334,"stat_data":{"stat_from":"tab_3","stat_type":"article"}},{"id":1311746,"title":"\u83ab\u8036\u65af\uff1a\u6211\u8ddf\u5b89\u5fb7\u68ee\u8bf4\uff0c\u8981\u8bc1\u660e\u81ea\u5df1\u662f\u5df4\u897f\u4eba\u5c31\u6765\u4e2a\u6851\u5df4\u5f0f\u8fdb\u7403","share_title":"\u83ab\u8036\u65af\uff1a\u6211\u8ddf\u5b89\u5fb7\u68ee\u8bf4\uff0c\u8981\u8bc1\u660e\u81ea\u5df1\u662f\u5df4\u897f\u4eba\u5c31\u6765\u4e2a\u6851\u5df4\u5f0f\u8fdb\u7403","description":"","b_description":"","comments_total":31,"share":"https:\/\/www.dongqiudi.com\/article\/1311746","thumb":"https:\/\/csimg2.qunliao.info\/fastdfs4\/M00\/F9\/5F\/280x210\/crop\/-\/ChNLkl4QDoCAO-WBAABrmoOK6-4837.jpg","top":false,"top_color":"","url":"https:\/\/api.dongqiudi.com\/article\/1311746.html?from=tab_3","url1":"https:\/\/api.dongqiudi.com\/article\/1311746.html?from=tab_3","scheme":"dongqiudi:\/\/\/news\/1311746","is_video":false,"new_video_detail":null,"collection_type":null,"add_to_tab":"0","is_redirect_h5":false,"ignore":"","template":"https://www.dongqiudi.com/api/app/tabs/web/news.html","show_comments":true,"published_at":"2020-01-04 12:09:05","sort_timestamp":1578110945,"channel":"article","changetop":0,"lasttime":1578114905,"relate_type":"0","click_from":"tab_3","show_time":1578110945,"stat_data":{"stat_from":"tab_3","stat_type":"article"}},{"id":1311736,"title":"\u683c\u4f26-\u7ea6\u7ff0\u900a\uff1a\u6709\u8303\u6234\u514b\u7684\u5e2e\u52a9\u963f\u8bfa\u5fb7\u624d\u53d8\u5f97\u66f4\u5f3a","share_title":"\u683c\u4f26-\u7ea6\u7ff0\u900a\uff1a\u6709\u8303\u6234\u514b\u7684\u5e2e\u52a9\u963f\u8bfa\u5fb7\u624d\u53d8\u5f97\u66f4\u5f3a","description":"","b_description":"","comments_total":148,"share":"https:\/\/www.dongqiudi.com\/article\/1311736","thumb":"https:\/\/bdimg1.qunliao.info\/tos-cn-i-j5hyufq5o6\/fastdfs4\/M00\/F9\/60\/ChMf8F4QBqmABMhZAAEnq7dMt4g398.jpg~tplv-j5hyufq5o6-crop:280:210.jpeg","top":false,"top_color":"","url":"https:\/\/api.dongqiudi.com\/article\/1311736.html?from=tab_3","url1":"https:\/\/api.dongqiudi.com\/article\/1311736.html?from=tab_3","scheme":"dongqiudi:\/\/\/news\/1311736","is_video":false,"new_video_detail":null,"collection_type":null,"add_to_tab":"0","is_redirect_h5":false,"ignore":"","template":"https://www.dongqiudi.com/api/app/tabs/web/news.html","show_comments":true,"published_at":"2020-01-04 11:49:26","sort_timestamp":1578109766,"channel":"article","changetop":0,"lasttime":1578114911,"relate_type":"0","click_from":"tab_3","show_time":1578109766,"stat_data":{"stat_from":"tab_3","stat_type":"article"}},{"id":1311735,"title":"BBC\u8bb0\u8005\uff1a\u7d22\u5c14\u65af\u514b\u4e9a\u786e\u8ba4\u9a6c\u8482\u5947\u5c06\u7559\u5728\u66fc\u8054","share_title":"BBC\u8bb0\u8005\uff1a\u7d22\u5c14\u65af\u514b\u4e9a\u786e\u8ba4\u9a6c\u8482\u5947\u5c06\u7559\u5728\u66fc\u8054","description":"","b_description":"","comments_total":81,"share":"https:\/\/www.dongqiudi.com\/article\/1311735","thumb":"https:\/\/csimg2.qunliao.info\/fastdfs4\/M00\/E7\/DB\/280x210\/crop\/-\/ChMf8F2vmoyAIXznAAKRJIWMHNM015.jpg","top":false,"top_color":"","url":"https:\/\/api.dongqiudi.com\/article\/1311735.html?from=tab_3","url1":"https:\/\/api.dongqiudi.com\/article\/1311735.html?from=tab_3","scheme":"dongqiudi:\/\/\/news\/1311735","is_video":false,"new_video_detail":null,"collection_type":null,"add_to_tab":"0","is_redirect_h5":false,"ignore":"","template":"https://www.dongqiudi.com/api/app/tabs/web/news.html","show_comments":true,"published_at":"2020-01-04 11:44:57","sort_timestamp":1578109497,"channel":"article","changetop":0,"lasttime":1578114911,"relate_type":"0","click_from":"tab_3","show_time":1578109497,"stat_data":{"stat_from":"tab_3","stat_type":"article"}},{"id":1311733,"title":"\u610f\u5a92\uff1a\u7531\u4e8e\u5408\u540c\u671f\u9650\u95ee\u9898\uff0c\u56fd\u7c73\u5c06\u91cd\u65b0\u8003\u8651\u5f15\u8fdb\u5409\u9c81\u7684\u53ef\u80fd\u6027","share_title":"\u610f\u5a92\uff1a\u7531\u4e8e\u5408\u540c\u671f\u9650\u95ee\u9898\uff0c\u56fd\u7c73\u5c06\u91cd\u65b0\u8003\u8651\u5f15\u8fdb\u5409\u9c81\u7684\u53ef\u80fd\u6027","description":"","b_description":"","comments_total":56,"share":"https:\/\/www.dongqiudi.com\/article\/1311733","thumb":"https:\/\/bdimg1.qunliao.info\/tos-cn-i-j5hyufq5o6\/fastdfs4\/M00\/F9\/61\/ChMf8F4QB8OATVCGAABqmiry7yo820.jpg~tplv-j5hyufq5o6-crop:280:210.jpeg","top":false,"top_color":"","url":"https:\/\/api.dongqiudi.com\/article\/1311733.html?from=tab_3","url1":"https:\/\/api.dongqiudi.com\/article\/1311733.html?from=tab_3","scheme":"dongqiudi:\/\/\/news\/1311733","is_video":false,"new_video_detail":null,"collection_type":null,"add_to_tab":"0","is_redirect_h5":false,"ignore":"","template":"https://www.dongqiudi.com/api/app/tabs/web/news.html","show_comments":true,"published_at":"2020-01-04 11:36:48","sort_timestamp":1578109008,"channel":"article","changetop":0,"lasttime":1578111907,"relate_type":"0","click_from":"tab_3","show_time":1578109008,"stat_data":{"stat_from":"tab_3","stat_type":"article"}},{"id":1311732,"title":"\u771f\u5feb\u4e50\u8db3\u7403\uff01\u66fc\u57ce\u961f\u5185\u8bad\u7ec3\u53d8\u821e\u738b\u5927\u8d5b\uff0c\u8c01\u7684\u821e\u59ff\u6700\u9a9a\u6c14\uff1f","share_title":"\u771f\u5feb\u4e50\u8db3\u7403\uff01\u66fc\u57ce\u961f\u5185\u8bad\u7ec3\u53d8\u821e\u738b\u5927\u8d5b\uff0c\u8c01\u7684\u821e\u59ff\u6700\u9a9a\u6c14\uff1f","b_description":"","comments_total":46,"share":"https:\/\/www.dongqiudi.com\/article\/1311732","thumb":"https:\/\/bdimg1.qunliao.info\/tos-cn-i-j5hyufq5o6\/fastdfs4\/M00\/F9\/5E\/ChNLkl4QBpSARLqcAAfiJR-_vq4291.png~tplv-j5hyufq5o6-crop:280:210.jpeg","top":false,"top_color":"","url":"https:\/\/api.dongqiudi.com\/article\/1311732.html?from=tab_3","url1":"https:\/\/api.dongqiudi.com\/article\/1311732.html?from=tab_3","scheme":"dongqiudi:\/\/\/video_detail\/1311732","is_video":true,"new_video_detail":1,"collection_type":null,"add_to_tab":null,"is_redirect_h5":false,"ignore":"","video_info":{"video_src":"https:\/\/img.qunliao.info\/bdDQDGes_2358018751.mp4","video_hash":"8faff45b360bbdfb943378c8f925874f","video_time":"01:04","video_mode":"player","video_width":640,"video_height":368,"visit_total":"200000+","vertical_screen":0,"size":5,"video_scheme":"dongqiudi:\/\/v1\/videoFullscreen\/article\/1311732","video_image":"https:\/\/img.qunliao.info\/bdDQDGes_2358018751.mp4?vframe\/jpg\/offset\/1","vid":"v028406b0000bo80g4mj5ugls1gd89qg","vid_token":"https:\/\/vod.bytedanceapi.com\/?Action=GetPlayInfo&Version=2019-03-15&video_id=v028406b0000bo80g4mj5ugls1gd89qg&X-Amz-Expires=31622400&X-Amz-Date=20200104T033744Z&X-Amz-Algorithm=AWS4-HMAC-SHA256&X-Amz-Credential=AKLTZTI4ZjVjYzJjYTVmNDc2Yzg1ZjIxNmI2YzViYTcxODI%2F20200104%2Fcn-north-1%2Fvod%2Faws4_request&X-Amz-SignedHeaders=&X-Amz-SignedQueries=Action%3BVersion%3BX-Amz-Algorithm%3BX-Amz-Credential%3BX-Amz-Date%3BX-Amz-Expires%3BX-Amz-SignedHeaders%3Bvideo_id&X-Amz-Signature=2f8e191c0d0ce2053909a0b58412d23bc5d96413092b6cb06cb044039746b120"},"cover":{"pic":"https:\/\/img1.qunliao.info\/fastdfs4\/M00\/F9\/5E\/640x400\/-\/-\/ChNLkl4QBpSARLqcAAfiJR-_vq4291.png"},"template":"https://www.dongqiudi.com/api/app/tabs/web/top.html","show_comments":true,"published_at":"2020-01-04 11:35:41","sort_timestamp":1578108941,"channel":"video","extend":["cover"],"changetop":0,"lasttime":1578114612,"relate_type":"0","description":"","click_from":"tab_3","show_time":1578108941,"stat_data":{"stat_from":"tab_3","stat_type":"video"}},{"id":1311730,"title":"\u653e\u773c\u672a\u6765\uff0c\u5207\u5c14\u897f\u5173\u6ce8\u514b\u7f57\u5730\u4e9aU21\u56fd\u811a\u83b1\u76ae\u5c3c\u5bdf","share_title":"\u653e\u773c\u672a\u6765\uff0c\u5207\u5c14\u897f\u5173\u6ce8\u514b\u7f57\u5730\u4e9aU21\u56fd\u811a\u83b1\u76ae\u5c3c\u5bdf","description":"","b_description":"","comments_total":10,"share":"https:\/\/www.dongqiudi.com\/article\/1311730","thumb":"https:\/\/csimg2.qunliao.info\/fastdfs3\/M00\/DB\/9E\/280x210\/crop\/-\/ChO2w13jznmAVc6UAAJuSuKyEdY977.jpg","top":false,"top_color":"","url":"https:\/\/api.dongqiudi.com\/v2\/feed\/1311730.html?from=tab_3","url1":"https:\/\/api.dongqiudi.com\/v2\/feed\/1311730.html?from=tab_3","scheme":"dongqiudi:\/\/\/feed\/1311730","is_video":false,"new_video_detail":null,"collection_type":null,"add_to_tab":"0","is_redirect_h5":false,"ignore":"","template":"https://www.dongqiudi.com/api/app/tabs/web/feed.html","show_comments":true,"published_at":"2020-01-04 11:31:51","sort_timestamp":1578108711,"author":{"name":"\u514b\u7f57\u5730\u4e9a\u7403\u8ff7\u4ff1\u4e50\u90e8","bg_image":"","user_id":2537521,"avatar":"https:\/\/bdimg2.qunliao.info\/tos-cn-i-j5hyufq5o6\/fastdfs3\/M00\/A8\/7E\/ChOxM1wvVxiAN9G4AAsCQYjr0Qc476.jpg~tplv-j5hyufq5o6-scaleimage:100:0.image","icon":"https:\/\/bdimg2.qunliao.info\/tos-cn-i-j5hyufq5o6\/fastdfs3\/M00\/A8\/7E\/ChOxM1wvVxiAN9G4AAsCQYjr0Qc476.jpg~tplv-j5hyufq5o6-scaleimage:100:0.image","level":"normal","medal_url":"","hide_declaration":"","scheme":"dongqiudi:\/\/v1\/user\/index\/2537521"},"channel":"feed","changetop":0,"lasttime":1578111306,"relate_type":"0","click_from":"tab_3","show_time":1578108711,"stat_data":{"stat_from":"tab_3","stat_type":"feed"}},{"id":1311602,"title":"\u52aa\u8bfa\u627f\u8ba4\u5df4\u5217\u970d\u63d0\u524d\u7ed3\u675f\u79df\u501f\uff1a\u4ed6\u6709\u5929\u8d4b\u9700\u8981\u4e0a\u573a\u65f6\u95f4","share_title":"\u52aa\u8bfa\u627f\u8ba4\u5df4\u5217\u970d\u63d0\u524d\u7ed3\u675f\u79df\u501f\uff1a\u4ed6\u6709\u5929\u8d4b\u9700\u8981\u4e0a\u573a\u65f6\u95f4","description":"","b_description":"","comments_total":6,"share":"https:\/\/www.dongqiudi.com\/article\/1311602","thumb":"https:\/\/csimg2.qunliao.info\/fastdfs3\/M00\/E0\/C8\/280x210\/crop\/-\/ChO2w14PiEyAXbbFACetwjhLJ8c871.jpg","top":false,"top_color":"","url":"https:\/\/api.dongqiudi.com\/v2\/feed\/1311602.html?from=tab_3","url1":"https:\/\/api.dongqiudi.com\/v2\/feed\/1311602.html?from=tab_3","scheme":"dongqiudi:\/\/\/feed\/1311602","is_video":false,"new_video_detail":null,"collection_type":null,"add_to_tab":"0","is_redirect_h5":false,"ignore":"","template":"https://www.dongqiudi.com/api/app/tabs/web/feed.html","show_comments":true,"published_at":"2020-01-04 11:27:58","sort_timestamp":1578108478,"author":{"name":"\u82f1\u683c\u5170\u72fc\u961f\u8db3\u7403\u4ff1\u4e50\u90e8","bg_image":"","user_id":4037061,"avatar":"https:\/\/bdimg2.qunliao.info\/tos-cn-i-j5hyufq5o6\/fastdfs4\/M00\/BA\/B7\/ChMf8FxJOreABOEmAAAYLzVuP1U517.jpg~tplv-j5hyufq5o6-scaleimage:100:0.image","icon":"https:\/\/bdimg2.qunliao.info\/tos-cn-i-j5hyufq5o6\/fastdfs4\/M00\/BA\/B7\/ChMf8FxJOreABOEmAAAYLzVuP1U517.jpg~tplv-j5hyufq5o6-scaleimage:100:0.image","level":"normal","medal_url":"https:\/\/img1.dongqiudi.com\/fastdfs1\/M00\/63\/B3\/o4YBAFj5pYKAetOzAAAGhNXa-yY637.png","hide_declaration":"","scheme":"dongqiudi:\/\/v1\/user\/index\/4037061"},"channel":"feed","changetop":0,"lasttime":1578111306,"relate_type":"0","click_from":"tab_3","show_time":1578108478,"stat_data":{"stat_from":"tab_3","stat_type":"feed"}},{"id":1311720,"title":"BR\u8db3\u7403\uff1a\u70ed\u523a\u548c\u5c24\u6587\u6709\u610f\u535a\u963f\u6ed5\uff0c\u9886\u5148\u963f\u68ee\u7eb3","share_title":"BR\u8db3\u7403\uff1a\u70ed\u523a\u548c\u5c24\u6587\u6709\u610f\u535a\u963f\u6ed5\uff0c\u9886\u5148\u963f\u68ee\u7eb3","description":"","b_description":"","comments_total":119,"share":"https:\/\/www.dongqiudi.com\/article\/1311720","thumb":"https:\/\/csimg2.qunliao.info\/fastdfs4\/M00\/F9\/5F\/280x210\/crop\/-\/ChMf8F4QAlSABKmhAAGWPEi0w2g905.jpg","top":false,"top_color":"","url":"https:\/\/api.dongqiudi.com\/article\/1311720.html?from=tab_3","url1":"https:\/\/api.dongqiudi.com\/article\/1311720.html?from=tab_3","scheme":"dongqiudi:\/\/\/news\/1311720","is_video":false,"new_video_detail":null,"collection_type":null,"add_to_tab":"0","is_redirect_h5":false,"ignore":"","template":"https://www.dongqiudi.com/api/app/tabs/web/news.html","show_comments":true,"published_at":"2020-01-04 11:12:30","sort_timestamp":1578107550,"channel":"article","changetop":0,"lasttime":1578111310,"relate_type":"0","click_from":"tab_3","show_time":1578107550,"stat_data":{"stat_from":"tab_3","stat_type":"article"}},{"id":1311709,"title":"\u8e22\u7403\u8005\uff1a\u6c83\u5c14\u592b\u65af\u5821\u6709\u610f\u7687\u9a6c\u5916\u79df\u540e\u536b\u5df4\u5217\u970d","share_title":"\u8e22\u7403\u8005\uff1a\u6c83\u5c14\u592b\u65af\u5821\u6709\u610f\u7687\u9a6c\u5916\u79df\u540e\u536b\u5df4\u5217\u970d","description":"","b_description":"","comments_total":26,"share":"https:\/\/www.dongqiudi.com\/article\/1311709","thumb":"https:\/\/bdimg1.qunliao.info\/tos-cn-i-j5hyufq5o6\/fastdfs4\/M00\/F9\/5F\/ChMf8F4P_32AbeLTAADN6Wx3AYg170.jpg~tplv-j5hyufq5o6-crop:280:210.jpeg","top":false,"top_color":"","url":"https:\/\/api.dongqiudi.com\/article\/1311709.html?from=tab_3","url1":"https:\/\/api.dongqiudi.com\/article\/1311709.html?from=tab_3","scheme":"dongqiudi:\/\/\/news\/1311709","is_video":false,"new_video_detail":null,"collection_type":null,"add_to_tab":"0","is_redirect_h5":false,"ignore":"","template":"https://www.dongqiudi.com/api/app/tabs/web/news.html","show_comments":true,"published_at":"2020-01-04 11:00:25","sort_timestamp":1578106825,"channel":"article","changetop":0,"lasttime":1578108907,"relate_type":"0","click_from":"tab_3","show_time":1578106825,"stat_data":{"stat_from":"tab_3","stat_type":"article"}},{"id":1311706,"title":"\u5f3a\u961f\u6740\u624b\u8fc7\u62db\u8db3\u603b\u676f \u7ea2\u9b54\u72fc\u961f\u63e1\u624b\u8a00\u548c\uff1f","share_title":"\u5f3a\u961f\u6740\u624b\u8fc7\u62db\u8db3\u603b\u676f \u7ea2\u9b54\u72fc\u961f\u63e1\u624b\u8a00\u548c\uff1f","description":"","b_description":"","comments_total":9,"share":"https:\/\/www.dongqiudi.com\/article\/1311706","thumb":"https:\/\/csimg2.qunliao.info\/fastdfs3\/M00\/E0\/CC\/280x210\/crop\/-\/ChO2w14P9HOAJPueAAShzb527nQ670.jpg","top":false,"top_color":"","url":"https:\/\/api.dongqiudi.com\/v2\/feed\/1311706.html?from=tab_3","url1":"https:\/\/api.dongqiudi.com\/v2\/feed\/1311706.html?from=tab_3","scheme":"dongqiudi:\/\/\/feed\/1311706","is_video":false,"new_video_detail":null,"collection_type":null,"add_to_tab":"0","is_redirect_h5":false,"ignore":"","template":"https://www.dongqiudi.com/api/app/tabs/web/feed.html","show_comments":true,"published_at":"2020-01-04 10:59:36","sort_timestamp":1578106776,"author":{"name":"\u5927\u5c71\u8bf4\u7403\u4e8b\u513f","bg_image":"","user_id":8896195,"avatar":"https:\/\/bdimg2.qunliao.info\/tos-cn-i-j5hyufq5o6\/fastdfs3\/M00\/4A\/7E\/ChOxM1t26maAEnHsAACl0Z6fs0c605.jpg~tplv-j5hyufq5o6-scaleimage:100:0.image","icon":"https:\/\/bdimg2.qunliao.info\/tos-cn-i-j5hyufq5o6\/fastdfs3\/M00\/4A\/7E\/ChOxM1t26maAEnHsAACl0Z6fs0c605.jpg~tplv-j5hyufq5o6-scaleimage:100:0.image","level":"normal","medal_url":"","hide_declaration":"","scheme":"dongqiudi:\/\/v1\/user\/index\/8896195"},"channel":"feed","changetop":0,"lasttime":1578108315,"relate_type":"0","click_from":"tab_3","show_time":1578106776,"stat_data":{"stat_from":"tab_3","stat_type":"feed"}},{"id":1311699,"title":"\u6bcf\u65e5\u90ae\u62a5\uff1a\u66fc\u8054\u6b64\u524d\u8bd5\u56fe\u7ed5\u5f00\u62c9\u4f0a\u5965\u62c9\u7b7e\u4e0b\u54c8\u5170\u5fb7","share_title":"\u6bcf\u65e5\u90ae\u62a5\uff1a\u66fc\u8054\u6b64\u524d\u8bd5\u56fe\u7ed5\u5f00\u62c9\u4f0a\u5965\u62c9\u7b7e\u4e0b\u54c8\u5170\u5fb7","description":"","b_description":"","comments_total":190,"share":"https:\/\/www.dongqiudi.com\/article\/1311699","thumb":"https:\/\/csimg2.qunliao.info\/fastdfs4\/M00\/F8\/4A\/280x210\/crop\/-\/ChMf8F4IxbqABwVgAAJg8nNRIN0948.jpg","top":false,"top_color":"","url":"https:\/\/api.dongqiudi.com\/article\/1311699.html?from=tab_3","url1":"https:\/\/api.dongqiudi.com\/article\/1311699.html?from=tab_3","scheme":"dongqiudi:\/\/\/news\/1311699","is_video":false,"new_video_detail":null,"collection_type":null,"add_to_tab":"0","is_redirect_h5":false,"ignore":"","template":"https://www.dongqiudi.com/api/app/tabs/web/news.html","show_comments":true,"published_at":"2020-01-04 10:36:39","sort_timestamp":1578105399,"channel":"article","changetop":0,"lasttime":1578108912,"relate_type":"0","click_from":"tab_3","show_time":1578105399,"stat_data":{"stat_from":"tab_3","stat_type":"article"},"hot_comments":[{"id":"168343703","up":"1232","rank":15781056167464.002,"created_at":"2020-01-04 10:40:16","user_id":"1666991","attributes":"0","checked":"1","recommend":true,"content":"\u53ef\u60dc\u592a\u80d6\u7ed5\u4e0d\u8fc7","content_old":"\u53ef\u60dc\u592a\u80d6\u7ed5\u4e0d\u8fc7","reply_total":"17","show_time":1578105616,"god_comment":0,"scheme":"dongqiudi:\/\/v1\/article\/commentlist\/1311699?type=news","author":{"id":"1666991","username":"\u4e1c\u65b9\u6b63\u4eae","avatar":"https:\/\/bdimg2.qunliao.info\/tos-cn-i-j5hyufq5o6\/fastdfs3\/M00\/CA\/4E\/ChONol1be1-AKtLEAAC65KWE6dE346.jpg~tplv-j5hyufq5o6-scaleimage:100:0.image","medal_id":0,"medal_desc":"","medal_url":"","creted_at":"2016-02-16 22:56:53","team_id":"2017","team_icon":"https:\/\/sd.qunliao.info\/fastdfs3\/M00\/B5\/7E\/ChOxM1xC2RyAO0y3AAAVIBAG1T0205.png","is_admin":0,"is_root":false,"personal_pendant":[],"pendant":[{"url":"https:\/\/sd.qunliao.info\/fastdfs3\/M00\/B5\/7E\/ChOxM1xC2RyAO0y3AAAVIBAG1T0205.png","title":"","type":"fav","width":48,"height":48,"scheme":"","level":2}],"newpendant":[{"url":"https:\/\/sd.qunliao.info\/fastdfs3\/M00\/B5\/7E\/ChOxM1xC2RyAO0y3AAAVIBAG1T0205.png","title":"","type":"fav","width":42,"height":42,"scheme":"","level":2,"from":"hometeam"}],"identintro":null}}]},{"id":1311681,"title":"\u5fb7\u5a92\uff1a\u62dc\u4ec1\u5e0c\u671b\u51ac\u7a97\u5f15\u5165\u540e\u9632\u591a\u9762\u624b\uff0c\u80fd\u591f\u62c5\u4efb\u8fb9\u536b\u548c\u4e2d\u536b","share_title":"\u5fb7\u5a92\uff1a\u62dc\u4ec1\u5e0c\u671b\u51ac\u7a97\u5f15\u5165\u540e\u9632\u591a\u9762\u624b\uff0c\u80fd\u591f\u62c5\u4efb\u8fb9\u536b\u548c\u4e2d\u536b","description":"","b_description":"","comments_total":88,"share":"https:\/\/www.dongqiudi.com\/article\/1311681","thumb":"https:\/\/bdimg1.qunliao.info\/tos-cn-i-j5hyufq5o6\/fastdfs4\/M00\/F9\/5D\/ChMf8F4P9KOAFnOeAACmBRQ5AyI013.jpg~tplv-j5hyufq5o6-crop:280:210.jpeg","top":false,"top_color":"","url":"https:\/\/api.dongqiudi.com\/article\/1311681.html?from=tab_3","url1":"https:\/\/api.dongqiudi.com\/article\/1311681.html?from=tab_3","scheme":"dongqiudi:\/\/\/news\/1311681","is_video":false,"new_video_detail":null,"collection_type":null,"add_to_tab":"0","is_redirect_h5":false,"ignore":"","template":"https://www.dongqiudi.com/api/app/tabs/web/news.html","show_comments":true,"published_at":"2020-01-04 10:15:03","sort_timestamp":1578104103,"channel":"article","changetop":0,"lasttime":1578106207,"relate_type":"0","click_from":"tab_3","show_time":1578104103,"stat_data":{"stat_from":"tab_3","stat_type":"article"}},{"id":1311572,"title":"\u62ff\u7403\u8f6c\u8eab\u515c\u5c04\uff0c\u5965\u5df4\u8d39\u7c73vs\u5207\u5c14\u897f\u7684\u5f27\u7ebf\u7403\u5165\u56f412\u6708\u6700\u4f73","share_title":"\u62ff\u7403\u8f6c\u8eab\u515c\u5c04\uff0c\u5965\u5df4\u8d39\u7c73vs\u5207\u5c14\u897f\u7684\u5f27\u7ebf\u7403\u5165\u56f412\u6708\u6700\u4f73","description":"","b_description":"","comments_total":4,"share":"https:\/\/www.dongqiudi.com\/article\/1311572","thumb":"https:\/\/bdimg1.qunliao.info\/tos-cn-i-j5hyufq5o6\/fastdfs3\/M00\/E0\/C6\/ChO2w14Pa6-AdgiSABnEnI-m9k0238.png~tplv-j5hyufq5o6-crop:280:210.jpeg","top":false,"top_color":"","url":"https:\/\/api.dongqiudi.com\/v2\/feed\/1311572.html?from=tab_3","url1":"https:\/\/api.dongqiudi.com\/v2\/feed\/1311572.html?from=tab_3","scheme":"dongqiudi:\/\/\/feed_video_detail\/1311572","is_video":true,"new_video_detail":1,"collection_type":null,"add_to_tab":"0","is_redirect_h5":false,"ignore":"","video_info":{"video_src":"https:\/\/img.qunliao.info\/8g30WxfK_2878608751.mp4","video_hash":"746a1a1e770a029bb009a59b56a37f63","video_time":"00:11","video_mode":"player","video_width":720,"video_height":720,"visit_total":8148,"vertical_screen":0,"size":3,"video_scheme":"dongqiudi:\/\/v1\/videoFullscreen\/article\/1311572","video_image":"https:\/\/img.qunliao.info\/8g30WxfK_2878608751.mp4?vframe\/jpg\/offset\/1","vid":"v02840490000bo7v63l9688k4bv6on6g","vid_token":"https:\/\/vod.bytedanceapi.com\/?Action=GetPlayInfo&Version=2019-03-15&video_id=v02840490000bo7v63l9688k4bv6on6g&X-Amz-Expires=31622400&X-Amz-Date=20200104T020806Z&X-Amz-Algorithm=AWS4-HMAC-SHA256&X-Amz-Credential=AKLTZTI4ZjVjYzJjYTVmNDc2Yzg1ZjIxNmI2YzViYTcxODI%2F20200104%2Fcn-north-1%2Fvod%2Faws4_request&X-Amz-SignedHeaders=&X-Amz-SignedQueries=Action%3BVersion%3BX-Amz-Algorithm%3BX-Amz-Credential%3BX-Amz-Date%3BX-Amz-Expires%3BX-Amz-SignedHeaders%3Bvideo_id&X-Amz-Signature=c371089100dda642087fe132b755f5810cb0477f4027b7ffed914465ab39a413"},"cover":{"pic":"https:\/\/img1.qunliao.info\/fastdfs3\/M00\/E0\/C6\/640x400\/-\/-\/ChO2w14Pa6-AdgiSABnEnI-m9k0238.png"},"template":"https://www.dongqiudi.com/api/app/tabs/web/feed.html","show_comments":true,"published_at":"2020-01-04 10:05:48","sort_timestamp":1578103548,"author":{"name":"\u5357\u5b89\u666e\u987f\u8db3\u7403\u4ff1\u4e50\u90e8","bg_image":"","user_id":4638402,"avatar":"https:\/\/bdimg2.qunliao.info\/tos-cn-i-j5hyufq5o6\/fastdfs2\/M00\/0D\/56\/ChOqM1nCAomAAsvZAAA5LGLpu4U309.jpg~tplv-j5hyufq5o6-scaleimage:100:0.image","icon":"https:\/\/bdimg2.qunliao.info\/tos-cn-i-j5hyufq5o6\/fastdfs2\/M00\/0D\/56\/ChOqM1nCAomAAsvZAAA5LGLpu4U309.jpg~tplv-j5hyufq5o6-scaleimage:100:0.image","level":"normal","medal_url":"https:\/\/img1.dongqiudi.com\/fastdfs1\/M00\/63\/B3\/o4YBAFj5pYKAetOzAAAGhNXa-yY637.png","hide_declaration":"","scheme":"dongqiudi:\/\/v1\/user\/index\/4638402"},"channel":"feed_video","extend":["cover"],"changetop":0,"lasttime":1578105608,"relate_type":"0","click_from":"tab_3","show_time":1578103548,"stat_data":{"stat_from":"tab_3","stat_type":"feed_video"}}]}