{"id":37,"label":"\u95f2\u60c5","prev":"https:\/\/api.dongqiudi.com\/app\/tabs\/web\/37.json?before=1578032404","fresh":"https:\/\/api.dongqiudi.com\/app\/tabs\/web\/37.json?action=fresh","next":"https:\/\/api.dongqiudi.com\/app\/tabs\/web\/37.json?after=1577368177&page=2","max":1578032404,"min":1577368177,"page":1,"url":"https:\/\/api.dongqiudi.com\/app\/tabs\/web\/37.json?","articles":[{"id":1304230,"title":"\u5973\u7403\u8ff7\u91c7\u8bbf\uff1a\u6d77\u5916\u5c31\u8bfb\u4f53\u80b2\u7ba1\u7406\uff0c\u5979\u8bb0\u5f55\u4e0b\u8bb8\u591a\u52a8\u4eba\u7684\u8db3\u7403\u6545\u4e8b","share_title":"\u5973\u7403\u8ff7\u91c7\u8bbf\uff1a\u6d77\u5916\u5c31\u8bfb\u4f53\u80b2\u7ba1\u7406\uff0c\u5979\u8bb0\u5f55\u4e0b\u8bb8\u591a\u52a8\u4eba\u7684\u8db3\u7403\u6545\u4e8b","description":"","b_description":"","comments_total":833,"share":"https:\/\/www.dongqiudi.com\/article\/1304230","thumb":"https:\/\/csimg2.qunliao.info\/fastdfs4\/M00\/F9\/07\/280x210\/crop\/-\/ChNLkl4NivWAFebIABTEJ79DvC8201.jpg","top":false,"top_color":"","url":"https:\/\/api.dongqiudi.com\/article\/1304230.html?from=tab_37","url1":"https:\/\/api.dongqiudi.com\/article\/1304230.html?from=tab_37","scheme":"dongqiudi:\/\/\/news\/1304230","is_video":false,"new_video_detail":null,"collection_type":null,"add_to_tab":"0","is_redirect_h5":false,"ignore":"","template":"https://www.dongqiudi.com/api/app/tabs/web/news.html","show_comments":true,"published_at":"2020-01-03 14:20:04","sort_timestamp":1578032404,"channel":"article","album":{"total":21,"pics":["https:\/\/bdimg1.qunliao.info\/tos-cn-i-j5hyufq5o6\/fastdfs4\/M00\/F9\/09\/ChMf8F4NiXqAF8pAABTEJ79DvC8133.jpg~tplv-j5hyufq5o6-crop:280:210.jpeg","https:\/\/bdimg1.qunliao.info\/tos-cn-i-j5hyufq5o6\/fastdfs4\/M00\/F8\/E0\/ChMf8F4MeY6AdiXGAALPHnUxaaM771.jpg~tplv-j5hyufq5o6-crop:280:210.jpeg","https:\/\/bdimg1.qunliao.info\/tos-cn-i-j5hyufq5o6\/fastdfs4\/M00\/F8\/E0\/ChMf8F4MecSAV8EHAAMVkGI1Fs8953.jpg~tplv-j5hyufq5o6-crop:280:210.jpeg"]},"extend":["album"],"changetop":0,"lasttime":1578046240,"relate_type":"0","topic_tags":[{"content":"\u95f2\u60c5","scheme":"dongqiudi:\/\/v3\/topic\/topicDetail?param={\"topicName\":\"\\u95f2\\u60c5\"}"}],"click_from":"tab_37","show_time":1578024000,"stat_data":{"stat_from":"tab_37","stat_type":"article"}},{"id":1310322,"title":"\u7403\u8272\u6021\u4eba\uff1a\u7687\u9a6c\u5916\u79df\u95e8\u5c06\u5362\u5b81\u7684\u6027\u611f\u5973\u53cb\u2014\u2014\u5854\u739b\u4f50\u5a03","share_title":"\u7403\u8272\u6021\u4eba\uff1a\u7687\u9a6c\u5916\u79df\u95e8\u5c06\u5362\u5b81\u7684\u6027\u611f\u5973\u53cb\u2014\u2014\u5854\u739b\u4f50\u5a03","description":"","b_description":"","comments_total":206,"share":"https:\/\/www.dongqiudi.com\/article\/1310322","thumb":"https:\/\/bdimg1.qunliao.info\/tos-cn-i-j5hyufq5o6\/fastdfs4\/M00\/F8\/FD\/ChNLkl4NU8GAekV8AAIsXnfP37M538.jpg~tplv-j5hyufq5o6-crop:280:210.jpeg","top":false,"top_color":"","url":"https:\/\/api.dongqiudi.com\/article\/1310322.html?from=tab_37","url1":"https:\/\/api.dongqiudi.com\/article\/1310322.html?from=tab_37","scheme":"dongqiudi:\/\/\/news\/1310322","is_video":false,"new_video_detail":null,"collection_type":null,"add_to_tab":"0","is_redirect_h5":false,"ignore":"","template":"https://www.dongqiudi.com/api/app/tabs/web/news.html","show_comments":true,"published_at":"2020-01-02 22:30:40","sort_timestamp":1577975440,"channel":"article","album":{"total":14,"pics":["https:\/\/bdimg1.qunliao.info\/tos-cn-i-j5hyufq5o6\/fastdfs4\/M00\/F8\/FD\/ChNLkl4NU8GAekV8AAIsXnfP37M538.jpg~tplv-j5hyufq5o6-crop:280:210.jpeg","https:\/\/bdimg1.qunliao.info\/tos-cn-i-j5hyufq5o6\/fastdfs4\/M00\/F8\/FD\/ChNLkl4NU-qAEiwKAAMwpKzl4q0382.jpg~tplv-j5hyufq5o6-crop:280:210.jpeg","https:\/\/bdimg1.qunliao.info\/tos-cn-i-j5hyufq5o6\/fastdfs4\/M00\/F8\/FF\/ChMf8F4NVH6ALng9AAJgS3jhAxY585.jpg~tplv-j5hyufq5o6-crop:280:210.jpeg"]},"extend":["album"],"changetop":0,"lasttime":1578044506,"relate_type":"0","topic_tags":[{"content":"\u95f2\u60c5","scheme":"dongqiudi:\/\/v3\/topic\/topicDetail?param={\"topicName\":\"\\u95f2\\u60c5\"}"}],"click_from":"tab_37","show_time":1577975440,"stat_data":{"stat_from":"tab_37","stat_type":"article"}},{"id":1310614,"title":"2019\u9001\u6765\u7684\u6700\u4f73\u793c\u7269\uff0c\u7c73\u5229\u5510\u627e\u5230\u4e86\u6c14\u8d28\u51fa\u4f17\u7684\u65b0\u5973\u53cb","share_title":"2019\u9001\u6765\u7684\u6700\u4f73\u793c\u7269\uff0c\u7c73\u5229\u5510\u627e\u5230\u4e86\u6c14\u8d28\u51fa\u4f17\u7684\u65b0\u5973\u53cb","description":"","b_description":"","comments_total":328,"share":"https:\/\/www.dongqiudi.com\/article\/1310614","thumb":"https:\/\/csimg2.qunliao.info\/fastdfs4\/M00\/F9\/10\/280x210\/crop\/-\/ChNLkl4NswaAUqK0AACEef2c78k320.jpg","top":false,"top_color":"","url":"https:\/\/api.dongqiudi.com\/article\/1310614.html?from=tab_37","url1":"https:\/\/api.dongqiudi.com\/article\/1310614.html?from=tab_37","scheme":"dongqiudi:\/\/\/news\/1310614","is_video":false,"new_video_detail":null,"collection_type":null,"add_to_tab":"0","is_redirect_h5":false,"ignore":"","template":"https://www.dongqiudi.com/api/app/tabs/web/news.html","show_comments":true,"published_at":"2020-01-02 17:10:54","sort_timestamp":1577956254,"channel":"article","changetop":0,"lasttime":1578034941,"relate_type":"0","click_from":"tab_37","show_time":1577956254,"stat_data":{"stat_from":"tab_37","stat_type":"article"}},{"id":1310440,"title":"\u4ec0\u4e48\u9b3c\uff1f\u82f1\u7532\u7403\u961f\u5ba2\u6218\u524d\u9080\u8bf7\u7403\u8ff7\u53bb\u5f53\u5730\u8131\u8863\u821e\u4ff1\u4e50\u90e8\u6d88\u8d39","share_title":"\u4ec0\u4e48\u9b3c\uff1f\u82f1\u7532\u7403\u961f\u5ba2\u6218\u524d\u9080\u8bf7\u7403\u8ff7\u53bb\u5f53\u5730\u8131\u8863\u821e\u4ff1\u4e50\u90e8\u6d88\u8d39","description":"","b_description":"","comments_total":248,"share":"https:\/\/www.dongqiudi.com\/article\/1310440","thumb":"https:\/\/csimg2.qunliao.info\/fastdfs4\/M00\/F9\/05\/280x210\/crop\/-\/ChNLkl4NfC6AWdMeAAKzWG57uTs797.jpg","top":false,"top_color":"","url":"https:\/\/api.dongqiudi.com\/article\/1310440.html?from=tab_37","url1":"https:\/\/api.dongqiudi.com\/article\/1310440.html?from=tab_37","scheme":"dongqiudi:\/\/\/news\/1310440","is_video":false,"new_video_detail":null,"collection_type":null,"add_to_tab":"0","is_redirect_h5":false,"ignore":"","template":"https://www.dongqiudi.com/api/app/tabs/web/news.html","show_comments":true,"published_at":"2020-01-02 13:18:21","sort_timestamp":1577942301,"channel":"article","changetop":0,"lasttime":1578007514,"relate_type":"0","click_from":"tab_37","show_time":1577942301,"stat_data":{"stat_from":"tab_37","stat_type":"article"}},{"id":1309695,"title":"\u5973\u795e\u611f\u5192\u55d3\u5b50\u5931\u58f0\u4e86\uff0c\u9a6c\u51e1\u8212\u65b0\u5e74\u7b2c\u4e00\u5929\u6765\u5230\u6d59\u6c5f\u53e4\u57ce\u8862\u5dde","share_title":"\u5973\u795e\u611f\u5192\u55d3\u5b50\u5931\u58f0\u4e86\uff0c\u9a6c\u51e1\u8212\u65b0\u5e74\u7b2c\u4e00\u5929\u6765\u5230\u6d59\u6c5f\u53e4\u57ce\u8862\u5dde","b_description":"","comments_total":200,"share":"https:\/\/www.dongqiudi.com\/article\/1309695","thumb":"https:\/\/bdimg1.qunliao.info\/tos-cn-i-j5hyufq5o6\/fastdfs4\/M00\/F8\/D7\/ChNLkl4MQyCAcyecAAImMS0A_RQ678.jpg~tplv-j5hyufq5o6-crop:280:210.jpeg","top":false,"top_color":"","url":"https:\/\/api.dongqiudi.com\/article\/1309695.html?from=tab_37","url1":"https:\/\/api.dongqiudi.com\/article\/1309695.html?from=tab_37","scheme":"dongqiudi:\/\/\/video_detail\/1309695","is_video":true,"new_video_detail":1,"collection_type":null,"add_to_tab":null,"is_redirect_h5":false,"ignore":"","video_info":{"video_src":"https:\/\/as.qunliao.info\/qOleiFgJ_8481687751.mp4","video_hash":"ba0d02dedd91cd2509c7124527e3090f","video_time":"00:09","video_mode":"player","video_width":720,"video_height":720,"visit_total":"300000+","vertical_screen":0,"size":3,"video_scheme":"dongqiudi:\/\/v1\/videoFullscreen\/article\/1309695","video_image":"https:\/\/bdimg1.qunliao.info\/tos-cn-i-j5hyufq5o6\/fastdfs4\/M00\/F8\/D7\/ChNLkl4MQyCAcyecAAImMS0A_RQ678.jpg~tplv-j5hyufq5o6-crop:280:210.jpeg"},"cover":{"pic":"https:\/\/img1.qunliao.info\/fastdfs4\/M00\/F8\/D7\/640x400\/-\/-\/ChNLkl4MQyCAcyecAAImMS0A_RQ678.jpg"},"template":"https://www.dongqiudi.com/api/app/tabs/web/top.html","show_comments":true,"published_at":"2020-01-01 14:59:13","sort_timestamp":1577861953,"channel":"video","extend":["cover"],"changetop":0,"lasttime":1577874375,"relate_type":"0","description":"","topic_tags":[{"content":"\u95f2\u60c5","scheme":"dongqiudi:\/\/v3\/topic\/topicDetail?param={\"topicName\":\"\\u95f2\\u60c5\"}"}],"click_from":"tab_37","show_time":1577861953,"stat_data":{"stat_from":"tab_37","stat_type":"video"}},{"id":1309220,"title":"\u6ce8\u5b64\u751f\uff01\u963f\u8d3e\u514b\u65af\u8fb9\u950b\u5e26\u4e24\u540d\u5973\u751f\u53bb\u9152\u5e97\uff0c\u5c45\u7136\u505a\u51fa\u8fd9\u79cd\u4e8b","share_title":"\u6ce8\u5b64\u751f\uff01\u963f\u8d3e\u514b\u65af\u8fb9\u950b\u5e26\u4e24\u540d\u5973\u751f\u53bb\u9152\u5e97\uff0c\u5c45\u7136\u505a\u51fa\u8fd9\u79cd\u4e8b","description":"","b_description":"","comments_total":754,"share":"https:\/\/www.dongqiudi.com\/article\/1309220","thumb":"https:\/\/bdimg1.qunliao.info\/tos-cn-i-j5hyufq5o6\/fastdfs4\/M00\/CA\/E4\/ChMf8F0i-FmAEeYMAAKnp-7L2iU160.jpg~tplv-j5hyufq5o6-crop:280:210.jpeg","top":false,"top_color":"","url":"https:\/\/api.dongqiudi.com\/article\/1309220.html?from=tab_37","url1":"https:\/\/api.dongqiudi.com\/article\/1309220.html?from=tab_37","scheme":"dongqiudi:\/\/\/news\/1309220","is_video":false,"new_video_detail":null,"collection_type":null,"add_to_tab":"0","is_redirect_h5":false,"ignore":"","template":"https://www.dongqiudi.com/api/app/tabs/web/news.html","show_comments":true,"published_at":"2019-12-31 22:34:09","sort_timestamp":1577802849,"channel":"article","changetop":0,"lasttime":1577856333,"relate_type":"0","topic_tags":[{"content":"\u95f2\u60c5","scheme":"dongqiudi:\/\/v3\/topic\/topicDetail?param={\"topicName\":\"\\u95f2\\u60c5\"}"}],"click_from":"tab_37","show_time":1577802849,"stat_data":{"stat_from":"tab_37","stat_type":"article"}},{"id":1308995,"title":"\u7403\u8272\u6021\u4eba\u5e74\u5ea6\u76d8\u70b9\uff1a2019\u6700\u53d7\u6b22\u8fce\u5341\u4f73\u201c\u7403\u201d","share_title":"\u7403\u8272\u6021\u4eba\u5e74\u5ea6\u76d8\u70b9\uff1a2019\u6700\u53d7\u6b22\u8fce\u5341\u4f73\u201c\u7403\u201d","description":"","b_description":"","comments_total":562,"share":"https:\/\/www.dongqiudi.com\/article\/1308995","thumb":"https:\/\/bdimg1.qunliao.info\/tos-cn-i-j5hyufq5o6\/fastdfs4\/M00\/CA\/6C\/ChNLkl0EoA-AJ-I4AAMAm9bpRzU839.jpg~tplv-j5hyufq5o6-crop:280:210.jpeg","top":false,"top_color":"","url":"https:\/\/api.dongqiudi.com\/article\/1308995.html?from=tab_37","url1":"https:\/\/api.dongqiudi.com\/article\/1308995.html?from=tab_37","scheme":"dongqiudi:\/\/\/news\/1308995","is_video":false,"new_video_detail":null,"collection_type":null,"add_to_tab":"0","is_redirect_h5":false,"ignore":"","template":"https://www.dongqiudi.com/api/app/tabs/web/news.html","show_comments":true,"published_at":"2019-12-31 22:30:12","sort_timestamp":1577802612,"channel":"article","album":{"total":20,"pics":["https:\/\/bdimg1.qunliao.info\/tos-cn-i-j5hyufq5o6\/fastdfs4\/M00\/CA\/6C\/ChNLkl0EoA-AJ-I4AAMAm9bpRzU839.jpg~tplv-j5hyufq5o6-crop:280:210.jpeg","https:\/\/bdimg1.qunliao.info\/tos-cn-i-j5hyufq5o6\/fastdfs4\/M00\/F8\/9E\/ChMf8F4K_COAaixwAAICIczAv58898.jpg~tplv-j5hyufq5o6-crop:280:210.jpeg","https:\/\/bdimg1.qunliao.info\/tos-cn-i-j5hyufq5o6\/fastdfs4\/M00\/C8\/75\/ChNLklxzjHuAVnEsAAHKr5kzBjs204.jpg~tplv-j5hyufq5o6-crop:280:210.jpeg"]},"extend":["album"],"changetop":0,"lasttime":1577886240,"relate_type":"0","topic_tags":[{"content":"\u95f2\u60c5","scheme":"dongqiudi:\/\/v3\/topic\/topicDetail?param={\"topicName\":\"\\u95f2\\u60c5\"}"}],"click_from":"tab_37","show_time":1577802612,"stat_data":{"stat_from":"tab_37","stat_type":"article"}},{"id":1308909,"title":"\u8da3\u5473\u5341\u8db3\uff0c\u827e\u514b\u68ee\u4e0e\u4e39\u7279\u7b49\u53cb\u4eba\u4e00\u8d77\u5207\u78cb\u6c99\u6ee9\u8db3\u7403","share_title":"\u8da3\u5473\u5341\u8db3\uff0c\u827e\u514b\u68ee\u4e0e\u4e39\u7279\u7b49\u53cb\u4eba\u4e00\u8d77\u5207\u78cb\u6c99\u6ee9\u8db3\u7403","description":"","b_description":"","comments_total":168,"share":"https:\/\/www.dongqiudi.com\/article\/1308909","thumb":"https:\/\/bdimg1.qunliao.info\/tos-cn-i-j5hyufq5o6\/fastdfs4\/M00\/F8\/9A\/ChNLkl4K5IGAHxlzAAPIfTsdL78627.jpg~tplv-j5hyufq5o6-crop:280:210.jpeg","top":false,"top_color":"","url":"https:\/\/api.dongqiudi.com\/article\/1308909.html?from=tab_37","url1":"https:\/\/api.dongqiudi.com\/article\/1308909.html?from=tab_37","scheme":"dongqiudi:\/\/\/news\/1308909","is_video":false,"new_video_detail":null,"collection_type":null,"add_to_tab":"0","is_redirect_h5":false,"ignore":"","template":"https://www.dongqiudi.com/api/app/tabs/web/news.html","show_comments":true,"published_at":"2019-12-31 14:19:52","sort_timestamp":1577773192,"channel":"article","changetop":0,"lasttime":1577790092,"relate_type":"0","topic_tags":[{"content":"\u95f2\u60c5","scheme":"dongqiudi:\/\/v3\/topic\/topicDetail?param={\"topicName\":\"\\u95f2\\u60c5\"}"}],"click_from":"tab_37","show_time":1577773192,"stat_data":{"stat_from":"tab_37","stat_type":"article"}},{"id":1308673,"title":"\u9a6c\u9edb\u8336\u5144\u5f1f\u548c\u5564\u9152\u7537\u56e2\uff0c\u54ea\u4e2a\u624d\u662f\u4f60\u7684\u7231\uff1f","share_title":"\u9a6c\u9edb\u8336\u5144\u5f1f\u548c\u5564\u9152\u7537\u56e2\uff0c\u54ea\u4e2a\u624d\u662f\u4f60\u7684\u7231\uff1f","description":"","b_description":"","comments_total":863,"share":"https:\/\/www.dongqiudi.com\/article\/1308673","thumb":"https:\/\/bdimg1.qunliao.info\/tos-cn-i-j5hyufq5o6\/fastdfs4\/M00\/F8\/8A\/ChNLkl4Kf8KATuNAAAQvHNrtR4g122.jpg~tplv-j5hyufq5o6-crop:280:210.jpeg","top":false,"top_color":"","url":"https:\/\/api.dongqiudi.com\/article\/1308673.html?from=tab_37","url1":"https:\/\/api.dongqiudi.com\/article\/1308673.html?from=tab_37","scheme":"dongqiudi:\/\/\/news\/1308673","is_video":false,"new_video_detail":null,"collection_type":null,"add_to_tab":"0","is_redirect_h5":false,"ignore":"","template":"https://www.dongqiudi.com/api/app/tabs/web/news.html","show_comments":true,"published_at":"2019-12-31 12:00:20","sort_timestamp":1577764820,"channel":"article","label":"\u8f6c\u8f7d","label_color":"#4782c4","changetop":0,"lasttime":1578103508,"relate_type":"0","click_from":"tab_37","show_time":1577747208,"stat_data":{"stat_from":"tab_37","stat_type":"article"}},{"id":1308770,"title":"\u66fe\u7ecf\u7684\u91d1\u7ae5\u7389\u5973\u5982\u4eca\u52b3\u71d5\u5206\u98de\uff0c\u8303\u5fb7\u6cd5\u7279\u524d\u59bb\u5728\u6d77\u6ee9\u4e0e\u65b0\u6b22\u62e5\u543b","share_title":"\u66fe\u7ecf\u7684\u91d1\u7ae5\u7389\u5973\u5982\u4eca\u52b3\u71d5\u5206\u98de\uff0c\u8303\u5fb7\u6cd5\u7279\u524d\u59bb\u5728\u6d77\u6ee9\u4e0e\u65b0\u6b22\u62e5\u543b","description":"","b_description":"","comments_total":681,"share":"https:\/\/www.dongqiudi.com\/article\/1308770","thumb":"https:\/\/bdimg1.qunliao.info\/tos-cn-i-j5hyufq5o6\/fastdfs4\/M00\/F8\/8D\/ChNLkl4KoMGAakbvAALcMUcBY4A368.jpg~tplv-j5hyufq5o6-crop:280:210.jpeg","top":false,"top_color":"","url":"https:\/\/api.dongqiudi.com\/article\/1308770.html?from=tab_37","url1":"https:\/\/api.dongqiudi.com\/article\/1308770.html?from=tab_37","scheme":"dongqiudi:\/\/\/news\/1308770","is_video":false,"new_video_detail":null,"collection_type":null,"add_to_tab":"0","is_redirect_h5":false,"ignore":"","template":"https://www.dongqiudi.com/api/app/tabs/web/news.html","show_comments":true,"published_at":"2019-12-31 09:15:44","sort_timestamp":1577754944,"channel":"article","album":{"total":7,"pics":["https:\/\/bdimg1.qunliao.info\/tos-cn-i-j5hyufq5o6\/fastdfs4\/M00\/F8\/8D\/ChNLkl4KoMGAakbvAALcMUcBY4A368.jpg~tplv-j5hyufq5o6-crop:280:210.jpeg","https:\/\/bdimg1.qunliao.info\/tos-cn-i-j5hyufq5o6\/fastdfs4\/M00\/F8\/8D\/ChMf8F4KoMyAOfktAALtu3BEqF0830.jpg~tplv-j5hyufq5o6-crop:280:210.jpeg","https:\/\/bdimg1.qunliao.info\/tos-cn-i-j5hyufq5o6\/fastdfs4\/M00\/F8\/8D\/ChMf8F4KoNOAOaR4AAIWAhFfuYk934.jpg~tplv-j5hyufq5o6-crop:280:210.jpeg"]},"extend":["album"],"changetop":0,"lasttime":1577760233,"relate_type":"0","topic_tags":[{"content":"\u95f2\u60c5","scheme":"dongqiudi:\/\/v3\/topic\/topicDetail?param={\"topicName\":\"\\u95f2\\u60c5\"}"}],"click_from":"tab_37","show_time":1577754944,"stat_data":{"stat_from":"tab_37","stat_type":"article"}},{"id":1307831,"title":"\u5916\u5a92\u8bc4\u9009\u8fd1\u5341\u5e74\u8db3\u575b\u56e7\u65f6\u523b\uff1a\u5404\u79cd\u989c\u827a\u4e0e\u7f9e\u7f9e","share_title":"\u5916\u5a92\u8bc4\u9009\u8fd1\u5341\u5e74\u8db3\u575b\u56e7\u65f6\u523b\uff1a\u5404\u79cd\u989c\u827a\u4e0e\u7f9e\u7f9e","description":"","b_description":"","comments_total":572,"share":"https:\/\/www.dongqiudi.com\/article\/1307831","thumb":"https:\/\/bdimg1.qunliao.info\/tos-cn-i-j5hyufq5o6\/fastdfs4\/M00\/F8\/3B\/ChMf8F4Ihv6ADwVQABcBUEF2SKM896.png~tplv-j5hyufq5o6-crop:280:210.jpeg","top":false,"top_color":"","url":"https:\/\/api.dongqiudi.com\/article\/1307831.html?from=tab_37","url1":"https:\/\/api.dongqiudi.com\/article\/1307831.html?from=tab_37","scheme":"dongqiudi:\/\/\/news\/1307831","is_video":false,"new_video_detail":null,"collection_type":null,"add_to_tab":"0","is_redirect_h5":false,"ignore":"","template":"https://www.dongqiudi.com/api/app/tabs/web/news.html","show_comments":true,"published_at":"2019-12-29 19:01:11","sort_timestamp":1577617271,"channel":"article","changetop":0,"lasttime":1577631554,"relate_type":"0","topic_tags":[{"content":"\u95f2\u60c5","scheme":"dongqiudi:\/\/v3\/topic\/topicDetail?param={\"topicName\":\"\\u95f2\\u60c5\"}"}],"click_from":"tab_37","show_time":1577617271,"stat_data":{"stat_from":"tab_37","stat_type":"article"}},{"id":1307830,"title":"\u60c5\u5b9a\u7d22\u91cc\u5229\u4e9a\uff0c\u5df4\u62c9\u591a\u5229\u5fb7\u95e8\u5c06\u5362\u5b81\u5411\u5973\u53cb\u6c42\u5a5a","share_title":"\u60c5\u5b9a\u7d22\u91cc\u5229\u4e9a\uff0c\u5df4\u62c9\u591a\u5229\u5fb7\u95e8\u5c06\u5362\u5b81\u5411\u5973\u53cb\u6c42\u5a5a","description":"","b_description":"","comments_total":82,"share":"https:\/\/www.dongqiudi.com\/article\/1307830","thumb":"https:\/\/bdimg1.qunliao.info\/tos-cn-i-j5hyufq5o6\/fastdfs4\/M00\/F8\/3B\/ChMf8F4IhkyAHI44AAXe-HApz-g956.jpg~tplv-j5hyufq5o6-crop:280:210.jpeg","top":false,"top_color":"","url":"https:\/\/api.dongqiudi.com\/article\/1307830.html?from=tab_37","url1":"https:\/\/api.dongqiudi.com\/article\/1307830.html?from=tab_37","scheme":"dongqiudi:\/\/\/news\/1307830","is_video":false,"new_video_detail":null,"collection_type":null,"add_to_tab":"0","is_redirect_h5":false,"ignore":"","template":"https://www.dongqiudi.com/api/app/tabs/web/news.html","show_comments":true,"published_at":"2019-12-29 18:59:04","sort_timestamp":1577617144,"channel":"article","changetop":0,"lasttime":1577619731,"relate_type":"0","click_from":"tab_37","show_time":1577617144,"stat_data":{"stat_from":"tab_37","stat_type":"article"}},{"id":1307142,"title":"\u897f\u73ed\u7259\u611a\u4eba\u8282\u73a9\u7b11\uff0c\u7687\u5bb6\u793e\u4f1a\u201c\u5b98\u5ba3\u201d\u5384\u5fb7\u9ad8\u79df\u501f\u52a0\u76df\u66fc\u57ce","share_title":"\u897f\u73ed\u7259\u611a\u4eba\u8282\u73a9\u7b11\uff0c\u7687\u5bb6\u793e\u4f1a\u201c\u5b98\u5ba3\u201d\u5384\u5fb7\u9ad8\u79df\u501f\u52a0\u76df\u66fc\u57ce","description":"","b_description":"","comments_total":205,"share":"https:\/\/www.dongqiudi.com\/article\/1307142","thumb":"https:\/\/bdimg1.qunliao.info\/tos-cn-i-j5hyufq5o6\/fastdfs4\/M00\/F8\/05\/ChMf8F4HM3aANjvvAAmTuxQCP4A101.png~tplv-j5hyufq5o6-crop:280:210.jpeg","top":false,"top_color":"","url":"https:\/\/api.dongqiudi.com\/article\/1307142.html?from=tab_37","url1":"https:\/\/api.dongqiudi.com\/article\/1307142.html?from=tab_37","scheme":"dongqiudi:\/\/\/news\/1307142","is_video":false,"new_video_detail":null,"collection_type":null,"add_to_tab":"0","is_redirect_h5":false,"ignore":"","template":"https://www.dongqiudi.com/api/app/tabs/web/news.html","show_comments":true,"published_at":"2019-12-28 18:52:04","sort_timestamp":1577530324,"channel":"article","changetop":0,"lasttime":1577534706,"relate_type":"0","topic_tags":[{"content":"\u95f2\u60c5","scheme":"dongqiudi:\/\/v3\/topic\/topicDetail?param={\"topicName\":\"\\u95f2\\u60c5\"}"}],"click_from":"tab_37","show_time":1577530324,"stat_data":{"stat_from":"tab_37","stat_type":"article"}},{"id":1307091,"title":"\u4e54\u6cbb\u5a1c\u56de\u5e94C\u7f57\u544a\u767d\uff1a\u6211\u4eec\u5c31\u7761\u4e2a\u89c9\uff0c\u4e0d\u5e72\u522b\u7684\uff0c\u5c31\u7761\u89c9","share_title":"\u4e54\u6cbb\u5a1c\u56de\u5e94C\u7f57\u544a\u767d\uff1a\u6211\u4eec\u5c31\u7761\u4e2a\u89c9\uff0c\u4e0d\u5e72\u522b\u7684\uff0c\u5c31\u7761\u89c9","description":"","b_description":"","comments_total":866,"share":"https:\/\/www.dongqiudi.com\/article\/1307091","thumb":"https:\/\/bdimg1.qunliao.info\/tos-cn-i-j5hyufq5o6\/fastdfs4\/M00\/F8\/01\/ChNLkl4HIMGAHfoiAABSsyaFCkk056.jpg~tplv-j5hyufq5o6-crop:280:210.jpeg","top":false,"top_color":"","url":"https:\/\/api.dongqiudi.com\/article\/1307091.html?from=tab_37","url1":"https:\/\/api.dongqiudi.com\/article\/1307091.html?from=tab_37","scheme":"dongqiudi:\/\/\/news\/1307091","is_video":false,"new_video_detail":null,"collection_type":null,"add_to_tab":"0","is_redirect_h5":false,"ignore":"","template":"https://www.dongqiudi.com/api/app/tabs/web/news.html","show_comments":true,"published_at":"2019-12-28 16:41:34","sort_timestamp":1577522494,"channel":"article","changetop":0,"lasttime":1577535773,"relate_type":"0","click_from":"tab_37","show_time":1577522494,"stat_data":{"stat_from":"tab_37","stat_type":"article"}},{"id":1300233,"title":"\u5973\u7403\u8ff7\u91c7\u8bbf\uff1a\u56e0\u672c\u6cfd\u9a6c\u800c\u7231\u4e0a\u7687\u9a6c\uff0c\u5979\u8fd8\u559c\u6b22\u5854\u7f57\u548c\u5360\u535c","share_title":"\u5973\u7403\u8ff7\u91c7\u8bbf\uff1a\u56e0\u672c\u6cfd\u9a6c\u800c\u7231\u4e0a\u7687\u9a6c\uff0c\u5979\u8fd8\u559c\u6b22\u5854\u7f57\u548c\u5360\u535c","description":"","b_description":"","comments_total":1152,"share":"https:\/\/www.dongqiudi.com\/article\/1300233","thumb":"https:\/\/csimg2.qunliao.info\/fastdfs4\/M00\/F6\/4E\/280x210\/crop\/-\/ChMf8F399BSAdpHyAAN4QjrB_bA849.jpg","top":false,"top_color":"","url":"https:\/\/api.dongqiudi.com\/article\/1300233.html?from=tab_37","url1":"https:\/\/api.dongqiudi.com\/article\/1300233.html?from=tab_37","scheme":"dongqiudi:\/\/\/news\/1300233","is_video":false,"new_video_detail":null,"collection_type":null,"add_to_tab":"0","is_redirect_h5":false,"ignore":"","template":"https://www.dongqiudi.com/api/app/tabs/web/news.html","show_comments":true,"published_at":"2019-12-27 15:35:38","sort_timestamp":1577432138,"channel":"article","album":{"total":16,"pics":["https:\/\/csimg2.qunliao.info\/fastdfs4\/M00\/F6\/4E\/280x210\/crop\/-\/ChMf8F399BSAdpHyAAN4QjrB_bA849.jpg","https:\/\/bdimg1.qunliao.info\/tos-cn-i-j5hyufq5o6\/fastdfs4\/M00\/F6\/4F\/ChNLkl399CeAK6XNAAPXa-jr5f4645.jpg~tplv-j5hyufq5o6-crop:280:210.jpeg","https:\/\/csimg2.qunliao.info\/fastdfs4\/M00\/F6\/4E\/280x210\/crop\/-\/ChMf8F399ROAHPEXAAMMiEF7eN0387.jpg"]},"extend":["album"],"changetop":0,"lasttime":1577444612,"relate_type":"0","topic_tags":[{"content":"\u95f2\u60c5","scheme":"dongqiudi:\/\/v3\/topic\/topicDetail?param={\"topicName\":\"\\u95f2\\u60c5\"}"}],"click_from":"tab_37","show_time":1577419200,"stat_data":{"stat_from":"tab_37","stat_type":"article"}},{"id":1306193,"title":"\u5723\u8bde\u4f20\u7edf\uff1f\u7279\u62c9\u666e\u518d\u6b21\u548c\u672a\u5a5a\u59bb\u9ad8\u96be\u5ea6\u79c0\u6069\u7231","share_title":"\u5723\u8bde\u4f20\u7edf\uff1f\u7279\u62c9\u666e\u518d\u6b21\u548c\u672a\u5a5a\u59bb\u9ad8\u96be\u5ea6\u79c0\u6069\u7231","description":"","b_description":"","comments_total":167,"share":"https:\/\/www.dongqiudi.com\/article\/1306193","thumb":"https:\/\/bdimg1.qunliao.info\/tos-cn-i-j5hyufq5o6\/fastdfs4\/M00\/F7\/A8\/ChMf8F4FNNmAGHUDAAGogp8T72E876.jpg~tplv-j5hyufq5o6-crop:280:210.jpeg","top":false,"top_color":"","url":"https:\/\/api.dongqiudi.com\/article\/1306193.html?from=tab_37","url1":"https:\/\/api.dongqiudi.com\/article\/1306193.html?from=tab_37","scheme":"dongqiudi:\/\/\/news\/1306193","is_video":false,"new_video_detail":null,"collection_type":null,"add_to_tab":"0","is_redirect_h5":false,"ignore":"","template":"https://www.dongqiudi.com/api/app/tabs/web/news.html","show_comments":true,"published_at":"2019-12-27 06:33:02","sort_timestamp":1577399582,"channel":"article","changetop":0,"lasttime":1577862560,"relate_type":"0","click_from":"tab_37","show_time":1577399582,"stat_data":{"stat_from":"tab_37","stat_type":"article"}},{"id":1305617,"title":"\u7403\u8272\u6021\u4eba\uff1a\u56e0\u201c\u5357\u91ce\u201d\u800c\u610f\u5916\u8d70\u7ea2\u7684\u65e5\u672c\u6a21\u7279","share_title":"\u7403\u8272\u6021\u4eba\uff1a\u56e0\u201c\u5357\u91ce\u201d\u800c\u610f\u5916\u8d70\u7ea2\u7684\u65e5\u672c\u6a21\u7279","description":"","b_description":"","comments_total":1415,"share":"https:\/\/www.dongqiudi.com\/article\/1305617","thumb":"https:\/\/csimg2.qunliao.info\/fastdfs4\/M00\/F7\/67\/280x210\/crop\/-\/ChNLkl4EE4KAG4sqAADHofCLjb0220.jpg","top":false,"top_color":"","url":"https:\/\/api.dongqiudi.com\/article\/1305617.html?from=tab_37","url1":"https:\/\/api.dongqiudi.com\/article\/1305617.html?from=tab_37","scheme":"dongqiudi:\/\/\/news\/1305617","is_video":false,"new_video_detail":null,"collection_type":null,"add_to_tab":"0","is_redirect_h5":false,"ignore":"","template":"https://www.dongqiudi.com/api/app/tabs/web/news.html","show_comments":true,"published_at":"2019-12-26 22:30:54","sort_timestamp":1577370654,"channel":"article","album":{"total":16,"pics":["https:\/\/csimg2.qunliao.info\/fastdfs4\/M00\/F7\/67\/280x210\/crop\/-\/ChNLkl4EE4KAG4sqAADHofCLjb0220.jpg","https:\/\/bdimg1.qunliao.info\/tos-cn-i-j5hyufq5o6\/fastdfs4\/M00\/F7\/67\/ChNLkl4EE4KAQ5xHAAD18ZUl0pM198.jpg~tplv-j5hyufq5o6-crop:280:210.jpeg","https:\/\/bdimg1.qunliao.info\/tos-cn-i-j5hyufq5o6\/fastdfs4\/M00\/F7\/67\/ChMf8F4EE4KAM0BRAAC4HBZEDe8222.jpg~tplv-j5hyufq5o6-crop:280:210.jpeg"]},"extend":["album"],"changetop":0,"lasttime":1577411647,"relate_type":"0","topic_tags":[{"content":"\u95f2\u60c5","scheme":"dongqiudi:\/\/v3\/topic\/topicDetail?param={\"topicName\":\"\\u95f2\\u60c5\"}"}],"click_from":"tab_37","show_time":1577370654,"stat_data":{"stat_from":"tab_37","stat_type":"article"}},{"id":1305927,"title":"\u61c2\u7403\u5e1d FC 1-6\u60e8\u906d\u6d41\u6d6a\u660e\u661f\u8db3\u7403\u961f\u9006\u8f6c\uff0c\u65b0\u961f\u670d\u4e24\u8fde\u8d25","share_title":"\u61c2\u7403\u5e1d FC 1-6\u60e8\u906d\u6d41\u6d6a\u660e\u661f\u8db3\u7403\u961f\u9006\u8f6c\uff0c\u65b0\u961f\u670d\u4e24\u8fde\u8d25","description":"","b_description":"","comments_total":836,"share":"https:\/\/www.dongqiudi.com\/article\/1305927","thumb":"https:\/\/img1.qunliao.info\/fastdfs4\/M00\/F7\/8B\/280x210\/crop\/-\/ChNLkl4EsJGAEzzQABAl5y4jYi0445.gif","top":false,"top_color":"","url":"https:\/\/api.dongqiudi.com\/article\/1305927.html?from=tab_37","url1":"https:\/\/api.dongqiudi.com\/article\/1305927.html?from=tab_37","scheme":"dongqiudi:\/\/\/news\/1305927","is_video":false,"new_video_detail":null,"collection_type":null,"add_to_tab":"0","is_redirect_h5":false,"ignore":"","template":"https://www.dongqiudi.com/api/app/tabs/web/news.html","show_comments":true,"published_at":"2019-12-26 21:49:38","sort_timestamp":1577368178,"channel":"article","changetop":0,"lasttime":1577406794,"relate_type":"0","click_from":"tab_37","show_time":1577368178,"stat_data":{"stat_from":"tab_37","stat_type":"article"}}]}