{"id":4,"label":"\u610f\u7532","prev":"https:\/\/api.dongqiudi.com\/app\/tabs\/web\/4.json?before=1578114864","fresh":"https:\/\/api.dongqiudi.com\/app\/tabs\/web\/4.json?action=fresh","next":"https:\/\/api.dongqiudi.com\/app\/tabs\/web\/4.json?after=1578077275&page=2","max":1578114864,"min":1578077275,"page":1,"url":"https:\/\/api.dongqiudi.com\/app\/tabs\/web\/4.json?","articles":[{"id":1311777,"title":"C\u7f57\u4e3a\u81ea\u5df1\u52a0\u6cb9\u6253\u6c14\uff1a\u65b0\u7684\u4e00\u5e74\uff0c\u76f8\u540c\u7684\u52a8\u529b","share_title":"C\u7f57\u4e3a\u81ea\u5df1\u52a0\u6cb9\u6253\u6c14\uff1a\u65b0\u7684\u4e00\u5e74\uff0c\u76f8\u540c\u7684\u52a8\u529b","description":"","b_description":"","comments_total":13,"share":"https:\/\/www.dongqiudi.com\/article\/1311777","thumb":"https:\/\/csimg2.qunliao.info\/fastdfs4\/M00\/F9\/64\/280x210\/crop\/-\/ChMf8F4QHfOAJ4E7AACp-V6p1jU710.jpg","top":false,"top_color":"","url":"https:\/\/api.dongqiudi.com\/article\/1311777.html?from=tab_4","url1":"https:\/\/api.dongqiudi.com\/article\/1311777.html?from=tab_4","scheme":"dongqiudi:\/\/\/news\/1311777","is_video":false,"new_video_detail":null,"collection_type":null,"add_to_tab":"0","is_redirect_h5":false,"ignore":"","template":"https://www.dongqiudi.com/api/app/tabs/web/news.html","show_comments":true,"published_at":"2020-01-04 13:14:24","sort_timestamp":1578114864,"channel":"article","changetop":0,"lasttime":1578114949,"relate_type":"0","click_from":"tab_4","show_time":1578114864,"stat_data":{"stat_from":"tab_4","stat_type":"article"}},{"id":1311776,"title":"\u6c5f\u82cf\u961f\u65e7\u5c06R\u9a6c\uff1a\u53bb\u6b27\u6d32\u8e22\u7403\u662f\u6bcf\u4e2a\u524d\u950b\u7684\u68a6\u60f3\uff0c\u5bf9\u6211\u6765\u8bf4\u4e5f\u662f","share_title":"\u6c5f\u82cf\u961f\u65e7\u5c06R\u9a6c\uff1a\u53bb\u6b27\u6d32\u8e22\u7403\u662f\u6bcf\u4e2a\u524d\u950b\u7684\u68a6\u60f3\uff0c\u5bf9\u6211\u6765\u8bf4\u4e5f\u662f","description":"","b_description":"","comments_total":4,"share":"https:\/\/www.dongqiudi.com\/article\/1311776","thumb":"https:\/\/bdimg1.qunliao.info\/tos-cn-i-j5hyufq5o6\/fastdfs4\/M00\/F9\/64\/ChMf8F4QG7SAMRn_AADW613PjE8993.jpg~tplv-j5hyufq5o6-crop:280:210.jpeg","top":false,"top_color":"","url":"https:\/\/api.dongqiudi.com\/article\/1311776.html?from=tab_4","url1":"https:\/\/api.dongqiudi.com\/article\/1311776.html?from=tab_4","scheme":"dongqiudi:\/\/\/news\/1311776","is_video":false,"new_video_detail":null,"collection_type":null,"add_to_tab":"0","is_redirect_h5":false,"ignore":"","template":"https://www.dongqiudi.com/api/app/tabs/web/news.html","show_comments":true,"published_at":"2020-01-04 13:14:05","sort_timestamp":1578114845,"channel":"article","changetop":0,"lasttime":1578114929,"relate_type":"0","click_from":"tab_4","show_time":1578114845,"stat_data":{"stat_from":"tab_4","stat_type":"article"}},{"id":1311740,"title":"\u7c73\u4f53\uff1a\u4e2d\u56fd\u548c\u4fc4\u7f57\u65af\u7403\u961f\u90fd\u6709\u610f\u90fd\u7075\u524d\u950b\u624e\u624e","share_title":"\u7c73\u4f53\uff1a\u4e2d\u56fd\u548c\u4fc4\u7f57\u65af\u7403\u961f\u90fd\u6709\u610f\u90fd\u7075\u524d\u950b\u624e\u624e","description":"","b_description":"","comments_total":91,"share":"https:\/\/www.dongqiudi.com\/article\/1311740","thumb":"https:\/\/bdimg1.qunliao.info\/tos-cn-i-j5hyufq5o6\/fastdfs4\/M00\/F9\/60\/ChNLkl4QETaAMRmHAAFq9I4edbU956.jpg~tplv-j5hyufq5o6-crop:280:210.jpeg","top":false,"top_color":"","url":"https:\/\/api.dongqiudi.com\/article\/1311740.html?from=tab_4","url1":"https:\/\/api.dongqiudi.com\/article\/1311740.html?from=tab_4","scheme":"dongqiudi:\/\/\/news\/1311740","is_video":false,"new_video_detail":null,"collection_type":null,"add_to_tab":"0","is_redirect_h5":false,"ignore":"","template":"https://www.dongqiudi.com/api/app/tabs/web/news.html","show_comments":true,"published_at":"2020-01-04 11:57:40","sort_timestamp":1578110260,"channel":"article","changetop":0,"lasttime":1578114909,"relate_type":"0","click_from":"tab_4","show_time":1578110260,"stat_data":{"stat_from":"tab_4","stat_type":"article"}},{"id":1311733,"title":"\u610f\u5a92\uff1a\u7531\u4e8e\u5408\u540c\u671f\u9650\u95ee\u9898\uff0c\u56fd\u7c73\u5c06\u91cd\u65b0\u8003\u8651\u5f15\u8fdb\u5409\u9c81\u7684\u53ef\u80fd\u6027","share_title":"\u610f\u5a92\uff1a\u7531\u4e8e\u5408\u540c\u671f\u9650\u95ee\u9898\uff0c\u56fd\u7c73\u5c06\u91cd\u65b0\u8003\u8651\u5f15\u8fdb\u5409\u9c81\u7684\u53ef\u80fd\u6027","description":"","b_description":"","comments_total":56,"share":"https:\/\/www.dongqiudi.com\/article\/1311733","thumb":"https:\/\/bdimg1.qunliao.info\/tos-cn-i-j5hyufq5o6\/fastdfs4\/M00\/F9\/61\/ChMf8F4QB8OATVCGAABqmiry7yo820.jpg~tplv-j5hyufq5o6-crop:280:210.jpeg","top":false,"top_color":"","url":"https:\/\/api.dongqiudi.com\/article\/1311733.html?from=tab_4","url1":"https:\/\/api.dongqiudi.com\/article\/1311733.html?from=tab_4","scheme":"dongqiudi:\/\/\/news\/1311733","is_video":false,"new_video_detail":null,"collection_type":null,"add_to_tab":"0","is_redirect_h5":false,"ignore":"","template":"https://www.dongqiudi.com/api/app/tabs/web/news.html","show_comments":true,"published_at":"2020-01-04 11:36:48","sort_timestamp":1578109008,"channel":"article","changetop":0,"lasttime":1578111907,"relate_type":"0","click_from":"tab_4","show_time":1578109008,"stat_data":{"stat_from":"tab_4","stat_type":"article"}},{"id":1311724,"title":"\u8ddf\u961f\u8bb0\u8005\uff1a\u6258\u8fea\u535a\u503e\u5411\u4e8e\u52a0\u76df\u7c73\u5170\uff0c\u660e\u5929\u53ef\u80fd\u544a\u77e5\u7ecf\u7eaa\u4eba\u548c\u7403\u961f","share_title":"\u8ddf\u961f\u8bb0\u8005\uff1a\u6258\u8fea\u535a\u503e\u5411\u4e8e\u52a0\u76df\u7c73\u5170\uff0c\u660e\u5929\u53ef\u80fd\u544a\u77e5\u7ecf\u7eaa\u4eba\u548c\u7403\u961f","description":"","b_description":"","comments_total":105,"share":"https:\/\/www.dongqiudi.com\/article\/1311724","thumb":"https:\/\/bdimg1.qunliao.info\/tos-cn-i-j5hyufq5o6\/fastdfs4\/M00\/C8\/1C\/ChNLklxVH1eAWA3RAAHARBqbGig390.jpg~tplv-j5hyufq5o6-crop:280:210.jpeg","top":false,"top_color":"","url":"https:\/\/api.dongqiudi.com\/article\/1311724.html?from=tab_4","url1":"https:\/\/api.dongqiudi.com\/article\/1311724.html?from=tab_4","scheme":"dongqiudi:\/\/\/news\/1311724","is_video":false,"new_video_detail":null,"collection_type":null,"add_to_tab":"0","is_redirect_h5":false,"ignore":"","template":"https://www.dongqiudi.com/api/app/tabs/web/news.html","show_comments":true,"published_at":"2020-01-04 11:24:58","sort_timestamp":1578108298,"channel":"article","changetop":0,"lasttime":1578113111,"relate_type":"0","click_from":"tab_4","show_time":1578108298,"stat_data":{"stat_from":"tab_4","stat_type":"article"}},{"id":1311720,"title":"BR\u8db3\u7403\uff1a\u70ed\u523a\u548c\u5c24\u6587\u6709\u610f\u535a\u963f\u6ed5\uff0c\u9886\u5148\u963f\u68ee\u7eb3","share_title":"BR\u8db3\u7403\uff1a\u70ed\u523a\u548c\u5c24\u6587\u6709\u610f\u535a\u963f\u6ed5\uff0c\u9886\u5148\u963f\u68ee\u7eb3","description":"","b_description":"","comments_total":119,"share":"https:\/\/www.dongqiudi.com\/article\/1311720","thumb":"https:\/\/csimg2.qunliao.info\/fastdfs4\/M00\/F9\/5F\/280x210\/crop\/-\/ChMf8F4QAlSABKmhAAGWPEi0w2g905.jpg","top":false,"top_color":"","url":"https:\/\/api.dongqiudi.com\/article\/1311720.html?from=tab_4","url1":"https:\/\/api.dongqiudi.com\/article\/1311720.html?from=tab_4","scheme":"dongqiudi:\/\/\/news\/1311720","is_video":false,"new_video_detail":null,"collection_type":null,"add_to_tab":"0","is_redirect_h5":false,"ignore":"","template":"https://www.dongqiudi.com/api/app/tabs/web/news.html","show_comments":true,"published_at":"2020-01-04 11:12:30","sort_timestamp":1578107550,"channel":"article","changetop":0,"lasttime":1578111310,"relate_type":"0","click_from":"tab_4","show_time":1578107550,"stat_data":{"stat_from":"tab_4","stat_type":"article"}},{"id":1311715,"title":"\u897f\u5a92\uff1a\u7c73\u5170\u4e5f\u5bf9\u5fb7\u62c9\u514b\u65af\u52d2\u611f\u5174\u8da3\uff0c\u613f\u7528\u5e15\u594e\u5854\u4ea4\u6362","share_title":"\u897f\u5a92\uff1a\u7c73\u5170\u4e5f\u5bf9\u5fb7\u62c9\u514b\u65af\u52d2\u611f\u5174\u8da3\uff0c\u613f\u7528\u5e15\u594e\u5854\u4ea4\u6362","description":"","b_description":"","comments_total":94,"share":"https:\/\/www.dongqiudi.com\/article\/1311715","thumb":"https:\/\/bdimg1.qunliao.info\/tos-cn-i-j5hyufq5o6\/fastdfs4\/M00\/F2\/A9\/ChNLkl3qgm2ANrFgAAGyN_hLGbE865.jpg~tplv-j5hyufq5o6-crop:280:210.jpeg","top":false,"top_color":"","url":"https:\/\/api.dongqiudi.com\/article\/1311715.html?from=tab_4","url1":"https:\/\/api.dongqiudi.com\/article\/1311715.html?from=tab_4","scheme":"dongqiudi:\/\/\/news\/1311715","is_video":false,"new_video_detail":null,"collection_type":null,"add_to_tab":"0","is_redirect_h5":false,"ignore":"","template":"https://www.dongqiudi.com/api/app/tabs/web/news.html","show_comments":true,"published_at":"2020-01-04 11:07:09","sort_timestamp":1578107229,"channel":"article","changetop":0,"lasttime":1578110710,"relate_type":"0","click_from":"tab_4","show_time":1578107229,"stat_data":{"stat_from":"tab_4","stat_type":"article"}},{"id":1311713,"title":"\u72b6\u6001\u4f9d\u7136\u8fd9\u4e48\u597d\uff01\u4f0a\u5e03\u53c2\u52a0\u7c73\u5170\u5185\u90e8\u6559\u5b66\u8d5b\uff0c\u9996\u53d1\u767b\u573a\u4f20\u5c04\u5efa\u529f","share_title":"\u72b6\u6001\u4f9d\u7136\u8fd9\u4e48\u597d\uff01\u4f0a\u5e03\u53c2\u52a0\u7c73\u5170\u5185\u90e8\u6559\u5b66\u8d5b\uff0c\u9996\u53d1\u767b\u573a\u4f20\u5c04\u5efa\u529f","b_description":"","comments_total":199,"share":"https:\/\/www.dongqiudi.com\/article\/1311713","thumb":"https:\/\/bdimg1.qunliao.info\/tos-cn-i-j5hyufq5o6\/fastdfs4\/M00\/F9\/5F\/ChMf8F4P_6OAM3JxAA4JrVYYI8g506.png~tplv-j5hyufq5o6-crop:280:210.jpeg","top":false,"top_color":"","url":"https:\/\/api.dongqiudi.com\/article\/1311713.html?from=tab_4","url1":"https:\/\/api.dongqiudi.com\/article\/1311713.html?from=tab_4","scheme":"dongqiudi:\/\/\/video_detail\/1311713","is_video":true,"new_video_detail":1,"collection_type":null,"add_to_tab":null,"is_redirect_h5":false,"ignore":"","video_info":{"video_src":"https:\/\/img.qunliao.info\/FhX6z7n7_4476018751.mp4","video_hash":"66b0173f3056fd6badd5fc21cd8bd461","video_time":"00:57","video_mode":"player","video_width":640,"video_height":368,"visit_total":"400000+","vertical_screen":0,"size":5,"video_scheme":"dongqiudi:\/\/v1\/videoFullscreen\/article\/1311713","video_image":"https:\/\/img.qunliao.info\/FhX6z7n7_4476018751.mp4?vframe\/jpg\/offset\/1","vid":"v028406b0000bo801701ahqe390mi3jg","vid_token":"https:\/\/vod.bytedanceapi.com\/?Action=GetPlayInfo&Version=2019-03-15&video_id=v028406b0000bo801701ahqe390mi3jg&X-Amz-Expires=31622400&X-Amz-Date=20200104T030556Z&X-Amz-Algorithm=AWS4-HMAC-SHA256&X-Amz-Credential=AKLTZTI4ZjVjYzJjYTVmNDc2Yzg1ZjIxNmI2YzViYTcxODI%2F20200104%2Fcn-north-1%2Fvod%2Faws4_request&X-Amz-SignedHeaders=&X-Amz-SignedQueries=Action%3BVersion%3BX-Amz-Algorithm%3BX-Amz-Credential%3BX-Amz-Date%3BX-Amz-Expires%3BX-Amz-SignedHeaders%3Bvideo_id&X-Amz-Signature=c4bcc1efb80e595cffba9ee7f1314370911373d0073820936e6231a42f223cf9"},"cover":{"pic":"https:\/\/img1.qunliao.info\/fastdfs4\/M00\/F9\/5F\/640x400\/-\/-\/ChMf8F4P_6OAM3JxAA4JrVYYI8g506.png"},"template":"https://www.dongqiudi.com/api/app/tabs/web/top.html","show_comments":true,"published_at":"2020-01-04 11:03:52","sort_timestamp":1578107032,"channel":"video","extend":["cover"],"changetop":0,"lasttime":1578110412,"relate_type":"0","description":"","click_from":"tab_4","show_time":1578107032,"stat_data":{"stat_from":"tab_4","stat_type":"video"}},{"id":1311695,"title":"\u4ec0\u7434\u65af\u5c3c\uff1a\u9762\u5bf9\u4f0a\u5e03\u662f\u4e00\u4e2a\u6311\u6218\uff0c\u4ed6\u867d\u7136\u8001\u4e86\u4f46\u8fd8\u662f\u5f88\u5f3a","share_title":"\u4ec0\u7434\u65af\u5c3c\uff1a\u9762\u5bf9\u4f0a\u5e03\u662f\u4e00\u4e2a\u6311\u6218\uff0c\u4ed6\u867d\u7136\u8001\u4e86\u4f46\u8fd8\u662f\u5f88\u5f3a","description":"","b_description":"","comments_total":38,"share":"https:\/\/www.dongqiudi.com\/article\/1311695","thumb":"https:\/\/csimg2.qunliao.info\/fastdfs4\/M00\/F0\/9E\/280x210\/crop\/-\/ChNLkl3hsmiADucLAAHvlLJK6SI082.jpg","top":false,"top_color":"","url":"https:\/\/api.dongqiudi.com\/article\/1311695.html?from=tab_4","url1":"https:\/\/api.dongqiudi.com\/article\/1311695.html?from=tab_4","scheme":"dongqiudi:\/\/\/news\/1311695","is_video":false,"new_video_detail":null,"collection_type":null,"add_to_tab":"0","is_redirect_h5":false,"ignore":"","template":"https://www.dongqiudi.com/api/app/tabs/web/news.html","show_comments":true,"published_at":"2020-01-04 10:28:10","sort_timestamp":1578104890,"channel":"article","changetop":0,"lasttime":1578106808,"relate_type":"0","click_from":"tab_4","show_time":1578104890,"stat_data":{"stat_from":"tab_4","stat_type":"article"}},{"id":1311689,"title":"\u6c14\u6c1b\u706b\u7206\uff01\u9884\u8ba1\u4f1a\u67096.5\u4e07\u7403\u8ff7\u89c2\u6218\u56fd\u7c73\u5bf9\u9635\u4e9a\u7279\u5170\u5927","share_title":"\u6c14\u6c1b\u706b\u7206\uff01\u9884\u8ba1\u4f1a\u67096.5\u4e07\u7403\u8ff7\u89c2\u6218\u56fd\u7c73\u5bf9\u9635\u4e9a\u7279\u5170\u5927","description":"","b_description":"","comments_total":151,"share":"https:\/\/www.dongqiudi.com\/article\/1311689","thumb":"https:\/\/bdimg1.qunliao.info\/tos-cn-i-j5hyufq5o6\/fastdfs4\/M00\/F3\/70\/ChMf8F3uuk2ATqJkABgI4YJsYYI454.jpg~tplv-j5hyufq5o6-crop:280:210.jpeg","top":false,"top_color":"","url":"https:\/\/api.dongqiudi.com\/article\/1311689.html?from=tab_4","url1":"https:\/\/api.dongqiudi.com\/article\/1311689.html?from=tab_4","scheme":"dongqiudi:\/\/\/news\/1311689","is_video":false,"new_video_detail":null,"collection_type":null,"add_to_tab":"0","is_redirect_h5":false,"ignore":"","template":"https://www.dongqiudi.com/api/app/tabs/web/news.html","show_comments":true,"published_at":"2020-01-04 10:23:15","sort_timestamp":1578104595,"channel":"article","changetop":0,"lasttime":1578107412,"relate_type":"0","click_from":"tab_4","show_time":1578104595,"stat_data":{"stat_from":"tab_4","stat_type":"article"}},{"id":1311673,"title":"\u8865\u5f3a\u4e2d\u573a\uff0c\u7c73\u5170\u6709\u610f\u90fd\u7075\u4e2d\u573a\u6885\u7279","share_title":"\u8865\u5f3a\u4e2d\u573a\uff0c\u7c73\u5170\u6709\u610f\u90fd\u7075\u4e2d\u573a\u6885\u7279","description":"","b_description":"","comments_total":43,"share":"https:\/\/www.dongqiudi.com\/article\/1311673","thumb":"https:\/\/csimg2.qunliao.info\/fastdfs3\/M00\/E0\/CC\/280x210\/crop\/-\/ChO2w14P7x2Ad3DeAAG65mW121s274.jpg","top":false,"top_color":"","url":"https:\/\/api.dongqiudi.com\/v2\/feed\/1311673.html?from=tab_4","url1":"https:\/\/api.dongqiudi.com\/v2\/feed\/1311673.html?from=tab_4","scheme":"dongqiudi:\/\/\/feed\/1311673","is_video":false,"new_video_detail":null,"collection_type":null,"add_to_tab":"0","is_redirect_h5":false,"ignore":"","template":"https://www.dongqiudi.com/api/app/tabs/web/feed.html","show_comments":true,"published_at":"2020-01-04 09:54:49","sort_timestamp":1578102889,"author":{"name":"\u6cd5\u56fd\u8db3\u7403\u65b0\u95fb","bg_image":"","user_id":11440067,"avatar":"https:\/\/bdimg2.qunliao.info\/tos-cn-i-j5hyufq5o6\/fastdfs3\/M00\/CA\/39\/ChONol1bQYuAV7joAAz_02KgIu0482.jpg~tplv-j5hyufq5o6-scaleimage:100:0.image","icon":"https:\/\/bdimg2.qunliao.info\/tos-cn-i-j5hyufq5o6\/fastdfs3\/M00\/CA\/39\/ChONol1bQYuAV7joAAz_02KgIu0482.jpg~tplv-j5hyufq5o6-scaleimage:100:0.image","level":"normal","medal_url":"","hide_declaration":"","scheme":"dongqiudi:\/\/v1\/user\/index\/11440067"},"channel":"feed","changetop":0,"lasttime":1578104708,"relate_type":"0","click_from":"tab_4","show_time":1578102889,"stat_data":{"stat_from":"tab_4","stat_type":"feed"}},{"id":1311445,"title":"\u5728\u7403\u573a\u4e0a\u8fd8\u80fd\u9760\u53d1\u578b\u53d6\u80dc\uff1f","share_title":"\u5728\u7403\u573a\u4e0a\u8fd8\u80fd\u9760\u53d1\u578b\u53d6\u80dc\uff1f","description":"","b_description":"","comments_total":517,"share":"https:\/\/www.dongqiudi.com\/article\/1311445","thumb":"https:\/\/bdimg1.qunliao.info\/tos-cn-i-j5hyufq5o6\/fastdfs4\/M00\/F9\/44\/ChMf8F4PFyGAIsCzAAG0c1Id9b4176.jpg~tplv-j5hyufq5o6-crop:280:210.jpeg","top":false,"top_color":"","url":"https:\/\/api.dongqiudi.com\/article\/1311445.html?from=tab_4","url1":"https:\/\/api.dongqiudi.com\/article\/1311445.html?from=tab_4","scheme":"dongqiudi:\/\/\/news\/1311445","is_video":false,"new_video_detail":null,"collection_type":null,"add_to_tab":"0","is_redirect_h5":false,"ignore":"","template":"https://www.dongqiudi.com/api/app/tabs/web/news.html","show_comments":true,"published_at":"2020-01-04 09:45:27","sort_timestamp":1578102327,"channel":"article","label":"\u8f6c\u8f7d","label_color":"#4782c4","changetop":0,"lasttime":1578108969,"relate_type":"0","click_from":"tab_4","show_time":1578092400,"stat_data":{"stat_from":"tab_4","stat_type":"article"}},{"id":1311664,"title":"\u610f\u5a92\uff1a\u4e70\u65ad\u59c6\u5e0c\u5854\u826f\uff0c\u7f57\u9a6c\u62a5\u4ef71000\u4e07\u6b27\u5143\u88ab\u62d2","share_title":"\u610f\u5a92\uff1a\u4e70\u65ad\u59c6\u5e0c\u5854\u826f\uff0c\u7f57\u9a6c\u62a5\u4ef71000\u4e07\u6b27\u5143\u88ab\u62d2","description":"","b_description":"","comments_total":176,"share":"https:\/\/www.dongqiudi.com\/article\/1311664","thumb":"https:\/\/bdimg1.qunliao.info\/tos-cn-i-j5hyufq5o6\/fastdfs4\/M00\/F9\/59\/ChNLkl4P4u2Af4QtAABNc05Ir-E595.jpg~tplv-j5hyufq5o6-crop:280:210.jpeg","top":false,"top_color":"","url":"https:\/\/api.dongqiudi.com\/article\/1311664.html?from=tab_4","url1":"https:\/\/api.dongqiudi.com\/article\/1311664.html?from=tab_4","scheme":"dongqiudi:\/\/\/news\/1311664","is_video":false,"new_video_detail":null,"collection_type":null,"add_to_tab":"0","is_redirect_h5":false,"ignore":"","template":"https://www.dongqiudi.com/api/app/tabs/web/news.html","show_comments":true,"published_at":"2020-01-04 08:59:06","sort_timestamp":1578099546,"channel":"article","changetop":0,"lasttime":1578107406,"relate_type":"0","click_from":"tab_4","show_time":1578099546,"stat_data":{"stat_from":"tab_4","stat_type":"article"}},{"id":1311658,"title":"\u7eb3\u5c3c\uff1a2014\u5e74\u7684\u65f6\u5019\u66fe\u5f88\u63a5\u8fd1\u52a0\u76df\u5c24\u6587","share_title":"\u7eb3\u5c3c\uff1a2014\u5e74\u7684\u65f6\u5019\u66fe\u5f88\u63a5\u8fd1\u52a0\u76df\u5c24\u6587","description":"","b_description":"","comments_total":51,"share":"https:\/\/www.dongqiudi.com\/article\/1311658","thumb":"https:\/\/bdimg1.qunliao.info\/tos-cn-i-j5hyufq5o6\/fastdfs3\/M00\/88\/C9\/ChOxM1vwGzmAEcX1AALFM-7nyEU847.jpg~tplv-j5hyufq5o6-crop:280:210.jpeg","top":false,"top_color":"","url":"https:\/\/api.dongqiudi.com\/article\/1311658.html?from=tab_4","url1":"https:\/\/api.dongqiudi.com\/article\/1311658.html?from=tab_4","scheme":"dongqiudi:\/\/\/news\/1311658","is_video":false,"new_video_detail":null,"collection_type":null,"add_to_tab":"0","is_redirect_h5":false,"ignore":"","template":"https://www.dongqiudi.com/api/app/tabs/web/news.html","show_comments":true,"published_at":"2020-01-04 08:25:52","sort_timestamp":1578097552,"channel":"article","changetop":0,"lasttime":1578103508,"relate_type":"0","click_from":"tab_4","show_time":1578097552,"stat_data":{"stat_from":"tab_4","stat_type":"article"}},{"id":1311654,"title":"\u5386\u53f2\u6218\u7ee9\uff1a\u90a3\u4e0d\u52d2\u65afvs\u56fd\u9645\u7c73\u5170","share_title":"\u5386\u53f2\u6218\u7ee9\uff1a\u90a3\u4e0d\u52d2\u65afvs\u56fd\u9645\u7c73\u5170","description":"","b_description":"","comments_total":27,"share":"https:\/\/www.dongqiudi.com\/article\/1311654","thumb":"https:\/\/csimg2.qunliao.info\/fastdfs3\/M00\/E0\/CB\/280x210\/crop\/-\/ChONol4P2EKADqznAAG0MQxgWpQ120.jpg","top":false,"top_color":"","url":"https:\/\/api.dongqiudi.com\/v2\/feed\/1311654.html?from=tab_4","url1":"https:\/\/api.dongqiudi.com\/v2\/feed\/1311654.html?from=tab_4","scheme":"dongqiudi:\/\/\/feed\/1311654","is_video":false,"new_video_detail":null,"collection_type":null,"add_to_tab":"0","is_redirect_h5":false,"ignore":"","template":"https://www.dongqiudi.com/api/app/tabs/web/feed.html","show_comments":true,"published_at":"2020-01-04 08:13:51","sort_timestamp":1578096831,"author":{"name":"\u90a3\u4e0d\u52d2\u65af\u8db3\u7403\u4ff1\u4e50\u90e8","bg_image":"","user_id":5631363,"avatar":"https:\/\/bdimg2.qunliao.info\/tos-cn-i-j5hyufq5o6\/fastdfs2\/M00\/57\/1C\/ChNy21qcx8mAfg4zAACOag43gys337.jpg~tplv-j5hyufq5o6-scaleimage:100:0.image","icon":"https:\/\/bdimg2.qunliao.info\/tos-cn-i-j5hyufq5o6\/fastdfs2\/M00\/57\/1C\/ChNy21qcx8mAfg4zAACOag43gys337.jpg~tplv-j5hyufq5o6-scaleimage:100:0.image","level":"normal","medal_url":"https:\/\/img1.dongqiudi.com\/fastdfs1\/M00\/63\/B3\/o4YBAFj5pYKAetOzAAAGhNXa-yY637.png","hide_declaration":"","scheme":"dongqiudi:\/\/v1\/user\/index\/5631363"},"channel":"feed","changetop":0,"lasttime":1578102608,"relate_type":"0","click_from":"tab_4","show_time":1578096831,"stat_data":{"stat_from":"tab_4","stat_type":"feed"}},{"id":1311644,"title":"\u8fea\u9a6c\u6d4e\u5965\uff1a\u62c9\u9f50\u5965\u5c06\u5728\u4eca\u590f\u514d\u7b7e\u57c3\u74e6\u5c14\u526f\u961f\u957f\u57c3\u65af\u5361\u5170\u7279","share_title":"\u8fea\u9a6c\u6d4e\u5965\uff1a\u62c9\u9f50\u5965\u5c06\u5728\u4eca\u590f\u514d\u7b7e\u57c3\u74e6\u5c14\u526f\u961f\u957f\u57c3\u65af\u5361\u5170\u7279","description":"","b_description":"","comments_total":70,"share":"https:\/\/www.dongqiudi.com\/article\/1311644","thumb":"https:\/\/bdimg1.qunliao.info\/tos-cn-i-j5hyufq5o6\/fastdfs4\/M00\/F9\/57\/ChNLkl4PzL-AU0_bAACsKuL92qM032.jpg~tplv-j5hyufq5o6-crop:280:210.jpeg","top":false,"top_color":"","url":"https:\/\/api.dongqiudi.com\/article\/1311644.html?from=tab_4","url1":"https:\/\/api.dongqiudi.com\/article\/1311644.html?from=tab_4","scheme":"dongqiudi:\/\/\/news\/1311644","is_video":false,"new_video_detail":null,"collection_type":null,"add_to_tab":"0","is_redirect_h5":false,"ignore":"","template":"https://www.dongqiudi.com/api/app/tabs/web/news.html","show_comments":true,"published_at":"2020-01-04 07:24:40","sort_timestamp":1578093880,"channel":"article","changetop":0,"lasttime":1578097810,"relate_type":"0","click_from":"tab_4","show_time":1578093880,"stat_data":{"stat_from":"tab_4","stat_type":"article"}},{"id":1311631,"title":"\u8fea\u9a6c\u6d4e\u5965\uff1a\u83b1\u65af\u7279\u57ce\u548c\u591a\u7279\u62a5\u4ef7\u5fb7\u7c73\u62c9\u5c14\uff0c\u88ab\u5c24\u6587\u62d2\u7edd","share_title":"\u8fea\u9a6c\u6d4e\u5965\uff1a\u83b1\u65af\u7279\u57ce\u548c\u591a\u7279\u62a5\u4ef7\u5fb7\u7c73\u62c9\u5c14\uff0c\u88ab\u5c24\u6587\u62d2\u7edd","description":"","b_description":"","comments_total":127,"share":"https:\/\/www.dongqiudi.com\/article\/1311631","thumb":"https:\/\/bdimg1.qunliao.info\/tos-cn-i-j5hyufq5o6\/fastdfs4\/M00\/EB\/1A\/ChNLkl3Cd7eAbjWcAAIV-XW7SKc411.jpg~tplv-j5hyufq5o6-crop:280:210.jpeg","top":false,"top_color":"","url":"https:\/\/api.dongqiudi.com\/article\/1311631.html?from=tab_4","url1":"https:\/\/api.dongqiudi.com\/article\/1311631.html?from=tab_4","scheme":"dongqiudi:\/\/\/news\/1311631","is_video":false,"new_video_detail":null,"collection_type":null,"add_to_tab":"0","is_redirect_h5":false,"ignore":"","template":"https://www.dongqiudi.com/api/app/tabs/web/news.html","show_comments":true,"published_at":"2020-01-04 05:09:54","sort_timestamp":1578085794,"channel":"article","changetop":0,"lasttime":1578099006,"relate_type":"0","click_from":"tab_4","show_time":1578085794,"stat_data":{"stat_from":"tab_4","stat_type":"article"}},{"id":1311624,"title":"\u8fea\u9a6c\u6d4e\u5965\uff1a\u7c73\u5170\u4ee3\u8868\u5728\u5df4\u585e\u7f57\u90a3\u8fdb\u884c\u6258\u8fea\u535a\u7684\u8f6c\u4f1a\u8c08\u5224","share_title":"\u8fea\u9a6c\u6d4e\u5965\uff1a\u7c73\u5170\u4ee3\u8868\u5728\u5df4\u585e\u7f57\u90a3\u8fdb\u884c\u6258\u8fea\u535a\u7684\u8f6c\u4f1a\u8c08\u5224","description":"","b_description":"","comments_total":83,"share":"https:\/\/www.dongqiudi.com\/article\/1311624","thumb":"https:\/\/bdimg1.qunliao.info\/tos-cn-i-j5hyufq5o6\/fastdfs4\/M00\/F9\/58\/ChMf8F4PnyOACXv7AACsHPhVhUI110.jpg~tplv-j5hyufq5o6-crop:280:210.jpeg","top":false,"top_color":"","url":"https:\/\/api.dongqiudi.com\/article\/1311624.html?from=tab_4","url1":"https:\/\/api.dongqiudi.com\/article\/1311624.html?from=tab_4","scheme":"dongqiudi:\/\/\/news\/1311624","is_video":false,"new_video_detail":null,"collection_type":null,"add_to_tab":"0","is_redirect_h5":false,"ignore":"","template":"https://www.dongqiudi.com/api/app/tabs/web/news.html","show_comments":true,"published_at":"2020-01-04 04:09:59","sort_timestamp":1578082199,"channel":"article","changetop":0,"lasttime":1578092405,"relate_type":"0","click_from":"tab_4","show_time":1578082199,"stat_data":{"stat_from":"tab_4","stat_type":"article"}},{"id":1311611,"title":"\u90fd\u4f53\uff1a\u63d0\u9ad8\u62a5\u4ef7\uff0c\u56fd\u9645\u7c73\u5170\u4f9d\u7136\u60f3\u8981\u963f\u5e93\u5c3c\u4e9a","share_title":"\u90fd\u4f53\uff1a\u63d0\u9ad8\u62a5\u4ef7\uff0c\u56fd\u9645\u7c73\u5170\u4f9d\u7136\u60f3\u8981\u963f\u5e93\u5c3c\u4e9a","description":"","b_description":"","comments_total":56,"share":"https:\/\/www.dongqiudi.com\/article\/1311611","thumb":"https:\/\/csimg2.qunliao.info\/fastdfs4\/M00\/F9\/55\/280x210\/crop\/-\/ChNLkl4PjJ6AN-gWAAB52VphPRU696.jpg","top":false,"top_color":"","url":"https:\/\/api.dongqiudi.com\/article\/1311611.html?from=tab_4","url1":"https:\/\/api.dongqiudi.com\/article\/1311611.html?from=tab_4","scheme":"dongqiudi:\/\/\/news\/1311611","is_video":false,"new_video_detail":null,"collection_type":null,"add_to_tab":"0","is_redirect_h5":false,"ignore":"","template":"https://www.dongqiudi.com/api/app/tabs/web/news.html","show_comments":true,"published_at":"2020-01-04 02:51:39","sort_timestamp":1578077499,"channel":"article","changetop":0,"lasttime":1578085507,"relate_type":"0","click_from":"tab_4","show_time":1578077499,"stat_data":{"stat_from":"tab_4","stat_type":"article"}},{"id":1311609,"title":"\u4e39\u9ea6\u5a92\u4f53\uff1a\u56fd\u7c73\u6572\u5b9a\u57c3\u91cc\u514b\u68ee\uff0c\u8f6c\u4f1a\u8d392000-2300\u4e07\u6b27\u5143","share_title":"\u4e39\u9ea6\u5a92\u4f53\uff1a\u56fd\u7c73\u6572\u5b9a\u57c3\u91cc\u514b\u68ee\uff0c\u8f6c\u4f1a\u8d392000-2300\u4e07\u6b27\u5143","description":"","b_description":"","comments_total":1343,"share":"https:\/\/www.dongqiudi.com\/article\/1311609","thumb":"https:\/\/bdimg1.qunliao.info\/tos-cn-i-j5hyufq5o6\/fastdfs4\/M00\/F8\/D9\/ChNLkl4MT4SAXaUyAAEtQIVsrJY922.jpg~tplv-j5hyufq5o6-crop:280:210.jpeg","top":false,"top_color":"","url":"https:\/\/api.dongqiudi.com\/article\/1311609.html?from=tab_4","url1":"https:\/\/api.dongqiudi.com\/article\/1311609.html?from=tab_4","scheme":"dongqiudi:\/\/\/news\/1311609","is_video":false,"new_video_detail":null,"collection_type":null,"add_to_tab":"0","is_redirect_h5":false,"ignore":"","template":"https://www.dongqiudi.com/api/app/tabs/web/news.html","show_comments":true,"published_at":"2020-01-04 02:47:56","sort_timestamp":1578077276,"channel":"article","changetop":0,"lasttime":1578109200,"relate_type":"0","click_from":"tab_4","show_time":1578077276,"stat_data":{"stat_from":"tab_4","stat_type":"article"}}]}