{"id":5,"label":"\u897f\u7532","prev":"https:\/\/api.dongqiudi.com\/app\/tabs\/web\/5.json?before=1578113040","fresh":"https:\/\/api.dongqiudi.com\/app\/tabs\/web\/5.json?action=fresh","next":"https:\/\/api.dongqiudi.com\/app\/tabs\/web\/5.json?after=1578082198&page=2","max":1578113040,"min":1578082198,"page":1,"url":"https:\/\/api.dongqiudi.com\/app\/tabs\/web\/5.json?","articles":[{"id":1311763,"title":"\u4f50\u5c14\u514b\uff1a\u4e0d\u5e0c\u671b\u4eba\u4eec\u7ed9\u54c8\u5170\u5fb7\u80cc\u4e0a\u5305\u88b1\uff0c\u4f46\u4e0d\u6392\u9664\u4f1a\u6709\u7403\u5458\u79bb\u5f00","share_title":"\u4f50\u5c14\u514b\uff1a\u4e0d\u5e0c\u671b\u4eba\u4eec\u7ed9\u54c8\u5170\u5fb7\u80cc\u4e0a\u5305\u88b1\uff0c\u4f46\u4e0d\u6392\u9664\u4f1a\u6709\u7403\u5458\u79bb\u5f00","description":"","b_description":"","comments_total":10,"share":"https:\/\/www.dongqiudi.com\/article\/1311763","thumb":"https:\/\/bdimg1.qunliao.info\/tos-cn-i-j5hyufq5o6\/fastdfs4\/M00\/F9\/62\/ChNLkl4QG7eAUpg-AAKlKnbR1vI964.jpg~tplv-j5hyufq5o6-crop:280:210.jpeg","top":false,"top_color":"","url":"https:\/\/api.dongqiudi.com\/article\/1311763.html?from=tab_5","url1":"https:\/\/api.dongqiudi.com\/article\/1311763.html?from=tab_5","scheme":"dongqiudi:\/\/\/news\/1311763","is_video":false,"new_video_detail":null,"collection_type":null,"add_to_tab":"0","is_redirect_h5":false,"ignore":"","template":"https://www.dongqiudi.com/api/app/tabs/web/news.html","show_comments":true,"published_at":"2020-01-04 12:44:00","sort_timestamp":1578113040,"channel":"article","changetop":0,"lasttime":1578114908,"relate_type":"0","click_from":"tab_5","show_time":1578113040,"stat_data":{"stat_from":"tab_5","stat_type":"article"}},{"id":1311748,"title":"\u5fb7\u5a92\u8bc4\u95e8\u5174\u8fc7\u53bb\u5341\u5e74\u6700\u4f73\u9635\u5bb9\uff1a\u7f57\u4f0a\u65af\u548c\u7279\u5c14\u65bd\u7279\u6839\u9886\u8854","share_title":"\u5fb7\u5a92\u8bc4\u95e8\u5174\u8fc7\u53bb\u5341\u5e74\u6700\u4f73\u9635\u5bb9\uff1a\u7f57\u4f0a\u65af\u548c\u7279\u5c14\u65bd\u7279\u6839\u9886\u8854","description":"","b_description":"","comments_total":14,"share":"https:\/\/www.dongqiudi.com\/article\/1311748","thumb":"https:\/\/csimg2.qunliao.info\/fastdfs4\/M00\/F9\/60\/280x210\/crop\/-\/ChNLkl4QEPmAaFMtAAEvTdIsORY084.jpg","top":false,"top_color":"","url":"https:\/\/api.dongqiudi.com\/article\/1311748.html?from=tab_5","url1":"https:\/\/api.dongqiudi.com\/article\/1311748.html?from=tab_5","scheme":"dongqiudi:\/\/\/news\/1311748","is_video":false,"new_video_detail":null,"collection_type":null,"add_to_tab":"0","is_redirect_h5":false,"ignore":"","template":"https://www.dongqiudi.com/api/app/tabs/web/news.html","show_comments":true,"published_at":"2020-01-04 12:15:34","sort_timestamp":1578111334,"channel":"article","changetop":0,"lasttime":1578114609,"relate_type":"0","click_from":"tab_5","show_time":1578111334,"stat_data":{"stat_from":"tab_5","stat_type":"article"}},{"id":1311724,"title":"\u8ddf\u961f\u8bb0\u8005\uff1a\u6258\u8fea\u535a\u503e\u5411\u4e8e\u52a0\u76df\u7c73\u5170\uff0c\u660e\u5929\u53ef\u80fd\u544a\u77e5\u7ecf\u7eaa\u4eba\u548c\u7403\u961f","share_title":"\u8ddf\u961f\u8bb0\u8005\uff1a\u6258\u8fea\u535a\u503e\u5411\u4e8e\u52a0\u76df\u7c73\u5170\uff0c\u660e\u5929\u53ef\u80fd\u544a\u77e5\u7ecf\u7eaa\u4eba\u548c\u7403\u961f","description":"","b_description":"","comments_total":105,"share":"https:\/\/www.dongqiudi.com\/article\/1311724","thumb":"https:\/\/bdimg1.qunliao.info\/tos-cn-i-j5hyufq5o6\/fastdfs4\/M00\/C8\/1C\/ChNLklxVH1eAWA3RAAHARBqbGig390.jpg~tplv-j5hyufq5o6-crop:280:210.jpeg","top":false,"top_color":"","url":"https:\/\/api.dongqiudi.com\/article\/1311724.html?from=tab_5","url1":"https:\/\/api.dongqiudi.com\/article\/1311724.html?from=tab_5","scheme":"dongqiudi:\/\/\/news\/1311724","is_video":false,"new_video_detail":null,"collection_type":null,"add_to_tab":"0","is_redirect_h5":false,"ignore":"","template":"https://www.dongqiudi.com/api/app/tabs/web/news.html","show_comments":true,"published_at":"2020-01-04 11:24:58","sort_timestamp":1578108298,"channel":"article","changetop":0,"lasttime":1578113111,"relate_type":"0","click_from":"tab_5","show_time":1578108298,"stat_data":{"stat_from":"tab_5","stat_type":"article"}},{"id":1311722,"title":"\u963f\u65af\uff1a\u60f3\u5728\u51ac\u7a97\u9001\u8d70\u9a6c\u91cc\u4e9a\u8bfa\uff0c\u7687\u9a6c\u613f\u610f\u5e2e\u4e0b\u5bb6\u627f\u62c5\u90e8\u5206\u5de5\u8d44","share_title":"\u963f\u65af\uff1a\u60f3\u5728\u51ac\u7a97\u9001\u8d70\u9a6c\u91cc\u4e9a\u8bfa\uff0c\u7687\u9a6c\u613f\u610f\u5e2e\u4e0b\u5bb6\u627f\u62c5\u90e8\u5206\u5de5\u8d44","description":"","b_description":"","comments_total":136,"share":"https:\/\/www.dongqiudi.com\/article\/1311722","thumb":"https:\/\/bdimg1.qunliao.info\/tos-cn-i-j5hyufq5o6\/fastdfs4\/M00\/F9\/5D\/ChNLkl4QApyAWt90AAFnJfNCPTk151.jpg~tplv-j5hyufq5o6-crop:280:210.jpeg","top":false,"top_color":"","url":"https:\/\/api.dongqiudi.com\/article\/1311722.html?from=tab_5","url1":"https:\/\/api.dongqiudi.com\/article\/1311722.html?from=tab_5","scheme":"dongqiudi:\/\/\/news\/1311722","is_video":false,"new_video_detail":null,"collection_type":null,"add_to_tab":"0","is_redirect_h5":false,"ignore":"","template":"https://www.dongqiudi.com/api/app/tabs/web/news.html","show_comments":true,"published_at":"2020-01-04 11:14:51","sort_timestamp":1578107691,"channel":"article","changetop":0,"lasttime":1578112511,"relate_type":"0","click_from":"tab_5","show_time":1578107691,"stat_data":{"stat_from":"tab_5","stat_type":"article"}},{"id":1311715,"title":"\u897f\u5a92\uff1a\u7c73\u5170\u4e5f\u5bf9\u5fb7\u62c9\u514b\u65af\u52d2\u611f\u5174\u8da3\uff0c\u613f\u7528\u5e15\u594e\u5854\u4ea4\u6362","share_title":"\u897f\u5a92\uff1a\u7c73\u5170\u4e5f\u5bf9\u5fb7\u62c9\u514b\u65af\u52d2\u611f\u5174\u8da3\uff0c\u613f\u7528\u5e15\u594e\u5854\u4ea4\u6362","description":"","b_description":"","comments_total":94,"share":"https:\/\/www.dongqiudi.com\/article\/1311715","thumb":"https:\/\/bdimg1.qunliao.info\/tos-cn-i-j5hyufq5o6\/fastdfs4\/M00\/F2\/A9\/ChNLkl3qgm2ANrFgAAGyN_hLGbE865.jpg~tplv-j5hyufq5o6-crop:280:210.jpeg","top":false,"top_color":"","url":"https:\/\/api.dongqiudi.com\/article\/1311715.html?from=tab_5","url1":"https:\/\/api.dongqiudi.com\/article\/1311715.html?from=tab_5","scheme":"dongqiudi:\/\/\/news\/1311715","is_video":false,"new_video_detail":null,"collection_type":null,"add_to_tab":"0","is_redirect_h5":false,"ignore":"","template":"https://www.dongqiudi.com/api/app/tabs/web/news.html","show_comments":true,"published_at":"2020-01-04 11:07:09","sort_timestamp":1578107229,"channel":"article","changetop":0,"lasttime":1578110710,"relate_type":"0","click_from":"tab_5","show_time":1578107229,"stat_data":{"stat_from":"tab_5","stat_type":"article"}},{"id":1311709,"title":"\u8e22\u7403\u8005\uff1a\u6c83\u5c14\u592b\u65af\u5821\u6709\u610f\u7687\u9a6c\u5916\u79df\u540e\u536b\u5df4\u5217\u970d","share_title":"\u8e22\u7403\u8005\uff1a\u6c83\u5c14\u592b\u65af\u5821\u6709\u610f\u7687\u9a6c\u5916\u79df\u540e\u536b\u5df4\u5217\u970d","description":"","b_description":"","comments_total":26,"share":"https:\/\/www.dongqiudi.com\/article\/1311709","thumb":"https:\/\/bdimg1.qunliao.info\/tos-cn-i-j5hyufq5o6\/fastdfs4\/M00\/F9\/5F\/ChMf8F4P_32AbeLTAADN6Wx3AYg170.jpg~tplv-j5hyufq5o6-crop:280:210.jpeg","top":false,"top_color":"","url":"https:\/\/api.dongqiudi.com\/article\/1311709.html?from=tab_5","url1":"https:\/\/api.dongqiudi.com\/article\/1311709.html?from=tab_5","scheme":"dongqiudi:\/\/\/news\/1311709","is_video":false,"new_video_detail":null,"collection_type":null,"add_to_tab":"0","is_redirect_h5":false,"ignore":"","template":"https://www.dongqiudi.com/api/app/tabs/web/news.html","show_comments":true,"published_at":"2020-01-04 11:00:25","sort_timestamp":1578106825,"channel":"article","changetop":0,"lasttime":1578108907,"relate_type":"0","click_from":"tab_5","show_time":1578106825,"stat_data":{"stat_from":"tab_5","stat_type":"article"}},{"id":1311708,"title":"\u963f\u5c14\u74dc\u897f\u5c14\uff1a\u548c\u9ec4\u6f5c\u6bd4\u8d5b\u80af\u5b9a\u4e0d\u4e4f\u8fdb\u7403\uff1b\u5384\u5fb7\u9ad8\u53ea\u8003\u8651\u7687\u5bb6\u793e\u4f1a","share_title":"\u963f\u5c14\u74dc\u897f\u5c14\uff1a\u548c\u9ec4\u6f5c\u6bd4\u8d5b\u80af\u5b9a\u4e0d\u4e4f\u8fdb\u7403\uff1b\u5384\u5fb7\u9ad8\u53ea\u8003\u8651\u7687\u5bb6\u793e\u4f1a","description":"","b_description":"","comments_total":9,"share":"https:\/\/www.dongqiudi.com\/article\/1311708","thumb":"https:\/\/bdimg1.qunliao.info\/tos-cn-i-j5hyufq5o6\/fastdfs4\/M00\/F9\/5D\/ChNLkl4P_nKACh-gAAEthf72IHs359.jpg~tplv-j5hyufq5o6-crop:280:210.jpeg","top":false,"top_color":"","url":"https:\/\/api.dongqiudi.com\/article\/1311708.html?from=tab_5","url1":"https:\/\/api.dongqiudi.com\/article\/1311708.html?from=tab_5","scheme":"dongqiudi:\/\/\/news\/1311708","is_video":false,"new_video_detail":null,"collection_type":null,"add_to_tab":"0","is_redirect_h5":false,"ignore":"","template":"https://www.dongqiudi.com/api/app/tabs/web/news.html","show_comments":true,"published_at":"2020-01-04 10:57:56","sort_timestamp":1578106676,"channel":"article","changetop":0,"lasttime":1578108307,"relate_type":"0","click_from":"tab_5","show_time":1578106676,"stat_data":{"stat_from":"tab_5","stat_type":"article"}},{"id":1311704,"title":"\u524d\u88c1\u5224\u4e3a\u513f\u5b50\u53d6\u540d\u201c\u4f2f\u7eb3\u4e4c\u201d\uff0c\u539f\u56e0\u662f\u6cb3\u5e8a\u5728\u8fd9\u91cc\u51fb\u8d25\u535a\u5361\u593a\u51a0","share_title":"\u524d\u88c1\u5224\u4e3a\u513f\u5b50\u53d6\u540d\u201c\u4f2f\u7eb3\u4e4c\u201d\uff0c\u539f\u56e0\u662f\u6cb3\u5e8a\u5728\u8fd9\u91cc\u51fb\u8d25\u535a\u5361\u593a\u51a0","description":"","b_description":"","comments_total":153,"share":"https:\/\/www.dongqiudi.com\/article\/1311704","thumb":"https:\/\/csimg2.qunliao.info\/fastdfs4\/M00\/F9\/5E\/280x210\/crop\/-\/ChMf8F4P-fmAN8mBAADEeTZ4DHY852.jpg","top":false,"top_color":"","url":"https:\/\/api.dongqiudi.com\/article\/1311704.html?from=tab_5","url1":"https:\/\/api.dongqiudi.com\/article\/1311704.html?from=tab_5","scheme":"dongqiudi:\/\/\/news\/1311704","is_video":false,"new_video_detail":null,"collection_type":null,"add_to_tab":"0","is_redirect_h5":false,"ignore":"","template":"https://www.dongqiudi.com/api/app/tabs/web/news.html","show_comments":true,"published_at":"2020-01-04 10:45:32","sort_timestamp":1578105932,"channel":"article","changetop":0,"lasttime":1578113270,"relate_type":"0","click_from":"tab_5","show_time":1578105932,"stat_data":{"stat_from":"tab_5","stat_type":"article"}},{"id":1311686,"title":"\u961f\u62a5\uff1a\u5df4\u9ece\u88ab\u66fc\u8054\u9006\u8f6c\u8ba9\u5185\u9a6c\u5c14\u51b3\u5b9a\u79bb\u5f00","share_title":"\u961f\u62a5\uff1a\u5df4\u9ece\u88ab\u66fc\u8054\u9006\u8f6c\u8ba9\u5185\u9a6c\u5c14\u51b3\u5b9a\u79bb\u5f00","description":"","b_description":"","comments_total":340,"share":"https:\/\/www.dongqiudi.com\/article\/1311686","thumb":"https:\/\/csimg2.qunliao.info\/fastdfs4\/M00\/F9\/5D\/280x210\/crop\/-\/ChMf8F4P8YKAUWt5AAEHmSqeOaI214.jpg","top":false,"top_color":"","url":"https:\/\/api.dongqiudi.com\/article\/1311686.html?from=tab_5","url1":"https:\/\/api.dongqiudi.com\/article\/1311686.html?from=tab_5","scheme":"dongqiudi:\/\/\/news\/1311686","is_video":false,"new_video_detail":null,"collection_type":null,"add_to_tab":"0","is_redirect_h5":false,"ignore":"","template":"https://www.dongqiudi.com/api/app/tabs/web/news.html","show_comments":true,"published_at":"2020-01-04 10:20:15","sort_timestamp":1578104415,"channel":"article","changetop":0,"lasttime":1578108314,"relate_type":"0","click_from":"tab_5","show_time":1578104415,"stat_data":{"stat_from":"tab_5","stat_type":"article"}},{"id":1311679,"title":"\u963f\u5c14\u74dc\u897f\u5c14\uff1a\u7eed\u7ea6\u5f88\u987a\u5229\uff0c\u5728\u8fd9\u91cc\u6211\u611f\u53d7\u5230\u4e86\u5c0a\u91cd\u3001\u91cd\u89c6\u548c\u70ed\u7231","share_title":"\u963f\u5c14\u74dc\u897f\u5c14\uff1a\u7eed\u7ea6\u5f88\u987a\u5229\uff0c\u5728\u8fd9\u91cc\u6211\u611f\u53d7\u5230\u4e86\u5c0a\u91cd\u3001\u91cd\u89c6\u548c\u70ed\u7231","description":"","b_description":"","comments_total":4,"share":"https:\/\/www.dongqiudi.com\/article\/1311679","thumb":"https:\/\/bdimg1.qunliao.info\/tos-cn-i-j5hyufq5o6\/fastdfs4\/M00\/F9\/5D\/ChMf8F4P9M-APOfGAAHaBM6Nf5A518.jpg~tplv-j5hyufq5o6-crop:280:210.jpeg","top":false,"top_color":"","url":"https:\/\/api.dongqiudi.com\/article\/1311679.html?from=tab_5","url1":"https:\/\/api.dongqiudi.com\/article\/1311679.html?from=tab_5","scheme":"dongqiudi:\/\/\/news\/1311679","is_video":false,"new_video_detail":null,"collection_type":null,"add_to_tab":"0","is_redirect_h5":false,"ignore":"","template":"https://www.dongqiudi.com/api/app/tabs/web/news.html","show_comments":true,"published_at":"2020-01-04 10:14:10","sort_timestamp":1578104050,"channel":"article","changetop":0,"lasttime":1578105607,"relate_type":"0","click_from":"tab_5","show_time":1578104050,"stat_data":{"stat_from":"tab_5","stat_type":"article"}},{"id":1311674,"title":"\u5fb7\u5a92\uff1a\u591a\u7279\u8499\u5fb7\u548c\u5df4\u8428\u5c06\u7ade\u4e89\u83b1\u6bd4\u9521\u540e\u536b\u514b\u6d1b\u65af\u7279\u66fc","share_title":"\u5fb7\u5a92\uff1a\u591a\u7279\u8499\u5fb7\u548c\u5df4\u8428\u5c06\u7ade\u4e89\u83b1\u6bd4\u9521\u540e\u536b\u514b\u6d1b\u65af\u7279\u66fc","description":"","b_description":"","comments_total":164,"share":"https:\/\/www.dongqiudi.com\/article\/1311674","thumb":"https:\/\/csimg2.qunliao.info\/fastdfs4\/M00\/F9\/5B\/280x210\/crop\/-\/ChNLkl4P8KuAbds4AADBxT4ZPAg890.jpg","top":false,"top_color":"","url":"https:\/\/api.dongqiudi.com\/article\/1311674.html?from=tab_5","url1":"https:\/\/api.dongqiudi.com\/article\/1311674.html?from=tab_5","scheme":"dongqiudi:\/\/\/news\/1311674","is_video":false,"new_video_detail":null,"collection_type":null,"add_to_tab":"0","is_redirect_h5":false,"ignore":"","template":"https://www.dongqiudi.com/api/app/tabs/web/news.html","show_comments":true,"published_at":"2020-01-04 09:57:30","sort_timestamp":1578103050,"channel":"article","changetop":0,"lasttime":1578107393,"relate_type":"0","click_from":"tab_5","show_time":1578103050,"stat_data":{"stat_from":"tab_5","stat_type":"article"}},{"id":1311445,"title":"\u5728\u7403\u573a\u4e0a\u8fd8\u80fd\u9760\u53d1\u578b\u53d6\u80dc\uff1f","share_title":"\u5728\u7403\u573a\u4e0a\u8fd8\u80fd\u9760\u53d1\u578b\u53d6\u80dc\uff1f","description":"","b_description":"","comments_total":517,"share":"https:\/\/www.dongqiudi.com\/article\/1311445","thumb":"https:\/\/bdimg1.qunliao.info\/tos-cn-i-j5hyufq5o6\/fastdfs4\/M00\/F9\/44\/ChMf8F4PFyGAIsCzAAG0c1Id9b4176.jpg~tplv-j5hyufq5o6-crop:280:210.jpeg","top":false,"top_color":"","url":"https:\/\/api.dongqiudi.com\/article\/1311445.html?from=tab_5","url1":"https:\/\/api.dongqiudi.com\/article\/1311445.html?from=tab_5","scheme":"dongqiudi:\/\/\/news\/1311445","is_video":false,"new_video_detail":null,"collection_type":null,"add_to_tab":"0","is_redirect_h5":false,"ignore":"","template":"https://www.dongqiudi.com/api/app/tabs/web/news.html","show_comments":true,"published_at":"2020-01-04 09:45:27","sort_timestamp":1578102327,"channel":"article","label":"\u8f6c\u8f7d","label_color":"#4782c4","changetop":0,"lasttime":1578108969,"relate_type":"0","click_from":"tab_5","show_time":1578092400,"stat_data":{"stat_from":"tab_5","stat_type":"article"}},{"id":1311657,"title":"\u5b9e\u51b5\u6559\u7ec3\u6a21\u5f0f\u9884\u6f14\uff1a\u73b0\u5b9e\u7248\u52a0\u6cf0\u7f57\u5c3c\u4e9a\u5fb7\u6bd4\u6b66\u78ca\u8868\u73b0\u5982\u4f55\uff1f","share_title":"\u5b9e\u51b5\u6559\u7ec3\u6a21\u5f0f\u9884\u6f14\uff1a\u73b0\u5b9e\u7248\u52a0\u6cf0\u7f57\u5c3c\u4e9a\u5fb7\u6bd4\u6b66\u78ca\u8868\u73b0\u5982\u4f55\uff1f","description":"","b_description":"","comments_total":118,"share":"https:\/\/www.dongqiudi.com\/article\/1311657","thumb":"https:\/\/bdimg1.qunliao.info\/tos-cn-i-j5hyufq5o6\/fastdfs3\/M00\/E0\/CB\/ChONol4P13mAPHLBAASBfIuIYIM091.jpg~tplv-j5hyufq5o6-crop:280:210.jpeg","top":false,"top_color":"","url":"https:\/\/api.dongqiudi.com\/v2\/feed\/1311657.html?from=tab_5","url1":"https:\/\/api.dongqiudi.com\/v2\/feed\/1311657.html?from=tab_5","scheme":"dongqiudi:\/\/\/feed_video_detail\/1311657","is_video":true,"new_video_detail":1,"collection_type":null,"add_to_tab":"0","is_redirect_h5":false,"ignore":"","video_info":{"video_src":"https:\/\/img.qunliao.info\/0CnK2qOt_5376908751.mp4","video_hash":"344e4ac569eddb1c1a942352a7c72c03","video_time":"22:36","video_mode":"player","video_width":1280,"video_height":720,"visit_total":"500000+","vertical_screen":0,"size":590,"video_scheme":"dongqiudi:\/\/v1\/videoFullscreen\/article\/1311657","video_image":"https:\/\/img.qunliao.info\/0CnK2qOt_5376908751.mp4?vframe\/jpg\/offset\/1","vid":"v028406b0000bo7tla73cp54dm5t4ob0","vid_token":"https:\/\/vod.bytedanceapi.com\/?Action=GetPlayInfo&Version=2019-03-15&video_id=v028406b0000bo7tla73cp54dm5t4ob0&X-Amz-Expires=31622400&X-Amz-Date=20200104T002702Z&X-Amz-Algorithm=AWS4-HMAC-SHA256&X-Amz-Credential=AKLTZTI4ZjVjYzJjYTVmNDc2Yzg1ZjIxNmI2YzViYTcxODI%2F20200104%2Fcn-north-1%2Fvod%2Faws4_request&X-Amz-SignedHeaders=&X-Amz-SignedQueries=Action%3BVersion%3BX-Amz-Algorithm%3BX-Amz-Credential%3BX-Amz-Date%3BX-Amz-Expires%3BX-Amz-SignedHeaders%3Bvideo_id&X-Amz-Signature=704282e34ea2462255534bf57eca7f03978bd4a35d55f5192ad2d94b9e76e2c3"},"cover":{"pic":"https:\/\/img1.qunliao.info\/fastdfs3\/M00\/E0\/CB\/640x400\/-\/-\/ChONol4P13mAPHLBAASBfIuIYIM091.jpg"},"template":"https://www.dongqiudi.com/api/app/tabs/web/feed.html","show_comments":true,"published_at":"2020-01-04 08:18:55","sort_timestamp":1578097135,"author":{"name":"\u5723\u548c\u5927\u5723\u5b9e\u51b5\u8db3\u7403\u9891\u9053","bg_image":"","user_id":12477454,"avatar":"https:\/\/bdimg2.qunliao.info\/tos-cn-i-j5hyufq5o6\/fastdfs4\/M00\/09\/24\/ChNnC1v8DaqADVyIAAARbc62SXI477.png~tplv-j5hyufq5o6-scaleimage:100:0.image","icon":"https:\/\/bdimg2.qunliao.info\/tos-cn-i-j5hyufq5o6\/fastdfs4\/M00\/09\/24\/ChNnC1v8DaqADVyIAAARbc62SXI477.png~tplv-j5hyufq5o6-scaleimage:100:0.image","level":"normal","medal_url":"","hide_declaration":"","scheme":"dongqiudi:\/\/v1\/user\/index\/12477454"},"channel":"feed_video","extend":["cover"],"changetop":0,"lasttime":1578108218,"relate_type":"0","topic_tags":[{"content":"\u4e24\u4e2a\u7248\u672c\u52a0\u6cf0\u7f57\u5c3c\u4e9a\u5fb7\u6bd4\u54ea\u4e2a\u6210\u771f\uff1f","scheme":"dongqiudi:\/\/v3\/topic\/topicDetail?param={\"topicName\":\"\\u4e24\\u4e2a\\u7248\\u672c\\u52a0\\u6cf0\\u7f57\\u5c3c\\u4e9a\\u5fb7\\u6bd4\\u54ea\\u4e2a\\u6210\\u771f\\uff1f\"}"}],"click_from":"tab_5","show_time":1578097135,"stat_data":{"stat_from":"tab_5","stat_type":"feed_video"}},{"id":1311652,"title":"\u7403\u5458\u5e2dVIP\uff0c\u767b\u8d1d\u83b1\u548c\u6cd5\u8482\u5c31\u5750\u5728\u65c1\u8fb9","share_title":"\u7403\u5458\u5e2dVIP\uff0c\u767b\u8d1d\u83b1\u548c\u6cd5\u8482\u5c31\u5750\u5728\u65c1\u8fb9","description":"","b_description":"","comments_total":58,"share":"https:\/\/n.dongqiudi.com\/webapp\/tops.html?id=1311652","thumb":"https:\/\/bdimg1.qunliao.info\/tos-cn-i-j5hyufq5o6\/fastdfs4\/M00\/F9\/58\/ChNLkl4P1aeAY3bQABIeUMtcotA744.jpg~tplv-j5hyufq5o6-crop:280:210.jpeg","top":false,"top_color":"","url":"https:\/\/api.dongqiudi.com\/v2\/feed\/1311652.html?from=tab_5","url1":"https:\/\/api.dongqiudi.com\/v2\/feed\/1311652.html?from=tab_5","scheme":"dongqiudi:\/\/\/news\/1311652","is_video":false,"new_video_detail":null,"collection_type":null,"add_to_tab":"0","is_redirect_h5":false,"ignore":"","template":"https://www.dongqiudi.com/api/app/tabs/web/top.html","show_comments":true,"published_at":"2020-01-04 08:00:41","sort_timestamp":1578096041,"author":{"name":"\u6885\u897f\u7ecf\u7eaa\u4eba\u52a9\u7406","bg_image":"","user_id":11717367,"avatar":"https:\/\/bdimg2.qunliao.info\/tos-cn-i-j5hyufq5o6\/fastdfs3\/M00\/B2\/D6\/ChO2w10sK6qAc5-1AAkMOMYp8Kg053.jpg~tplv-j5hyufq5o6-scaleimage:100:0.image","icon":"https:\/\/bdimg2.qunliao.info\/tos-cn-i-j5hyufq5o6\/fastdfs3\/M00\/B2\/D6\/ChO2w10sK6qAc5-1AAkMOMYp8Kg053.jpg~tplv-j5hyufq5o6-scaleimage:100:0.image","level":"normal","medal_url":"https:\/\/img1.qunliao.info\/fastdfs4\/M00\/CB\/54\/ChMf8F1AGyeAFVgsAAAHWlha2R8820.png","hide_declaration":"","scheme":"dongqiudi:\/\/v1\/user\/index\/11717367","newpendant":[{"url":"https:\/\/img1.qunliao.info\/fastdfs4\/M00\/CB\/54\/ChMf8F1AGyeAFVgsAAAHWlha2R8820.png","title":"","type":"identity","width":42,"height":42,"scheme":"","level":"1","from":"ident"},{"url":"https:\/\/sd.qunliao.info\/fastdfs3\/M00\/B5\/7E\/ChOxM1xC2RyAO0y3AAAVIBAG1T0205.png","title":"","type":"fav","width":42,"height":42,"scheme":"","level":2,"from":"hometeam"}],"medal_desc":"\u5df4\u585e\u7f57\u90a3\u7403\u961f\u8fbe\u4eba"},"mini_top_content":{"content":"\u7403\u5458\u5e2dVIP\uff0c\u767b\u8d1d\u83b1\u548c\u6cd5\u8482\u5c31\u5750\u5728\u65c1\u8fb9","image_total":2,"images":[{"url":"https:\/\/bdimg1.qunliao.info\/tos-cn-i-j5hyufq5o6\/fastdfs4\/M00\/F9\/58\/ChNLkl4P1aeAY3bQABIeUMtcotA744.jpg~tplv-j5hyufq5o6-orign2.image","size":1187408,"width":1600,"height":2133,"mime":"image\/jpeg","thumb":"https:\/\/bdimg1.qunliao.info\/tos-cn-i-j5hyufq5o6\/fastdfs4\/M00\/F9\/58\/ChNLkl4P1aeAY3bQABIeUMtcotA744.jpg~tplv-j5hyufq5o6-scaleimage:400:0.image?imageView2\/1\/format\/jpg"},{"url":"https:\/\/bdimg1.qunliao.info\/tos-cn-i-j5hyufq5o6\/fastdfs4\/M00\/F9\/58\/ChNLkl4P1aeAJ-OdAAZLaRJwLFo878.jpg~tplv-j5hyufq5o6-orign2.image","size":412521,"width":1080,"height":1920,"mime":"image\/jpeg","thumb":"https:\/\/bdimg1.qunliao.info\/tos-cn-i-j5hyufq5o6\/fastdfs4\/M00\/F9\/58\/ChNLkl4P1aeAJ-OdAAZLaRJwLFo878.jpg~tplv-j5hyufq5o6-scaleimage:400:0.image?imageView2\/1\/format\/jpg"}],"praise_total":192},"channel":"mini_top","changetop":0,"lasttime":1578099610,"relate_type":"0","share_data":{"url":"https:\/\/n.dongqiudi.com\/webapp\/tops.html?id=1311652","title":"\u7403\u5458\u5e2dVIP\uff0c\u767b\u8d1d\u83b1\u548c\u6cd5\u8482\u5c31\u5750\u5728\u65c1\u8fb9","content":"\u66f4\u591a\u7cbe\u5f69\u5185\u5bb9\uff0c\u5c3d\u5728\u61c2\u7403\u5e1d","share_thumb_url":"https:\/\/bdimg1.qunliao.info\/tos-cn-i-j5hyufq5o6\/fastdfs4\/M00\/F9\/58\/ChNLkl4P1aeAY3bQABIeUMtcotA744.jpg~tplv-j5hyufq5o6-crop:280:210.jpeg"},"click_from":"tab_5","show_time":1578096041,"stat_data":{"stat_from":"tab_5","stat_type":"mini_top"}},{"id":1311643,"title":"\u6492\u82b1\uff01\u7eb3\u74e6\u65af\u5df2\u4e3a\u585e\u7ef4\u5229\u4e9a\u51fa\u6218500\u573a\u6bd4\u8d5b","share_title":"\u6492\u82b1\uff01\u7eb3\u74e6\u65af\u5df2\u4e3a\u585e\u7ef4\u5229\u4e9a\u51fa\u6218500\u573a\u6bd4\u8d5b","description":"","b_description":"","comments_total":6,"share":"https:\/\/www.dongqiudi.com\/article\/1311643","thumb":"https:\/\/bdimg1.qunliao.info\/tos-cn-i-j5hyufq5o6\/fastdfs4\/M00\/F9\/59\/ChMf8F4PyfWAd9OzAAGO9yci74E434.jpg~tplv-j5hyufq5o6-crop:280:210.jpeg","top":false,"top_color":"","url":"https:\/\/api.dongqiudi.com\/article\/1311643.html?from=tab_5","url1":"https:\/\/api.dongqiudi.com\/article\/1311643.html?from=tab_5","scheme":"dongqiudi:\/\/\/news\/1311643","is_video":false,"new_video_detail":null,"collection_type":null,"add_to_tab":"0","is_redirect_h5":false,"ignore":"","template":"https://www.dongqiudi.com/api/app/tabs/web/news.html","show_comments":true,"published_at":"2020-01-04 07:26:30","sort_timestamp":1578093990,"channel":"article","changetop":0,"lasttime":1578097809,"relate_type":"0","click_from":"tab_5","show_time":1578093990,"stat_data":{"stat_from":"tab_5","stat_type":"article"}},{"id":1311644,"title":"\u8fea\u9a6c\u6d4e\u5965\uff1a\u62c9\u9f50\u5965\u5c06\u5728\u4eca\u590f\u514d\u7b7e\u57c3\u74e6\u5c14\u526f\u961f\u957f\u57c3\u65af\u5361\u5170\u7279","share_title":"\u8fea\u9a6c\u6d4e\u5965\uff1a\u62c9\u9f50\u5965\u5c06\u5728\u4eca\u590f\u514d\u7b7e\u57c3\u74e6\u5c14\u526f\u961f\u957f\u57c3\u65af\u5361\u5170\u7279","description":"","b_description":"","comments_total":70,"share":"https:\/\/www.dongqiudi.com\/article\/1311644","thumb":"https:\/\/bdimg1.qunliao.info\/tos-cn-i-j5hyufq5o6\/fastdfs4\/M00\/F9\/57\/ChNLkl4PzL-AU0_bAACsKuL92qM032.jpg~tplv-j5hyufq5o6-crop:280:210.jpeg","top":false,"top_color":"","url":"https:\/\/api.dongqiudi.com\/article\/1311644.html?from=tab_5","url1":"https:\/\/api.dongqiudi.com\/article\/1311644.html?from=tab_5","scheme":"dongqiudi:\/\/\/news\/1311644","is_video":false,"new_video_detail":null,"collection_type":null,"add_to_tab":"0","is_redirect_h5":false,"ignore":"","template":"https://www.dongqiudi.com/api/app/tabs/web/news.html","show_comments":true,"published_at":"2020-01-04 07:24:40","sort_timestamp":1578093880,"channel":"article","changetop":0,"lasttime":1578097810,"relate_type":"0","click_from":"tab_5","show_time":1578093880,"stat_data":{"stat_from":"tab_5","stat_type":"article"}},{"id":1311636,"title":"\u6bcf\u4f53\uff1a\u897f\u73ed\u7259\u4eba\u4e0e\u5df4\u8428\u5728\u8d5b\u524d\u5c06\u4e3e\u884c\u6d3b\u52a8\uff0c\u5df4\u6258\u6885\u4e4c\u786e\u8ba4\u51fa\u5e2d","share_title":"\u6bcf\u4f53\uff1a\u897f\u73ed\u7259\u4eba\u4e0e\u5df4\u8428\u5728\u8d5b\u524d\u5c06\u4e3e\u884c\u6d3b\u52a8\uff0c\u5df4\u6258\u6885\u4e4c\u786e\u8ba4\u51fa\u5e2d","description":"","b_description":"","comments_total":116,"share":"https:\/\/www.dongqiudi.com\/article\/1311636","thumb":"https:\/\/csimg2.qunliao.info\/fastdfs4\/M00\/F9\/57\/280x210\/crop\/-\/ChNLkl4Pt5OAK60vAADNaArf4jM180.jpg","top":false,"top_color":"","url":"https:\/\/api.dongqiudi.com\/article\/1311636.html?from=tab_5","url1":"https:\/\/api.dongqiudi.com\/article\/1311636.html?from=tab_5","scheme":"dongqiudi:\/\/\/news\/1311636","is_video":false,"new_video_detail":null,"collection_type":null,"add_to_tab":"0","is_redirect_h5":false,"ignore":"","template":"https://www.dongqiudi.com/api/app/tabs/web/news.html","show_comments":true,"published_at":"2020-01-04 05:53:21","sort_timestamp":1578088401,"channel":"article","changetop":0,"lasttime":1578100812,"relate_type":"0","topic_tags":[{"content":"\u52a0\u6cf0\u5fb7\u6bd4","scheme":"dongqiudi:\/\/v3\/topic\/topicDetail?param={\"topicName\":\"\\u52a0\\u6cf0\\u5fb7\\u6bd4\"}"}],"click_from":"tab_5","show_time":1578088401,"stat_data":{"stat_from":"tab_5","stat_type":"article"}},{"id":1311614,"title":"\u5df4\u8428\u52a0\u6cf0\u5fb7\u6bd4\u540d\u5355\uff1a\u7279\u5c14\u65bd\u7279\u6839\u4f24\u7f3a\uff0c\u6cd5\u8482\u3001\u6bd4\u8fbe\u5c14\u5165\u9009","share_title":"\u5df4\u8428\u52a0\u6cf0\u5fb7\u6bd4\u540d\u5355\uff1a\u7279\u5c14\u65bd\u7279\u6839\u4f24\u7f3a\uff0c\u6cd5\u8482\u3001\u6bd4\u8fbe\u5c14\u5165\u9009","description":"","b_description":"","comments_total":1881,"share":"https:\/\/www.dongqiudi.com\/article\/1311614","thumb":"https:\/\/csimg2.qunliao.info\/fastdfs4\/M00\/F9\/55\/280x210\/crop\/-\/ChNLkl4PkBeAK-cYAAOMvX7fns0420.jpg","top":false,"top_color":"","url":"https:\/\/api.dongqiudi.com\/article\/1311614.html?from=tab_5","url1":"https:\/\/api.dongqiudi.com\/article\/1311614.html?from=tab_5","scheme":"dongqiudi:\/\/\/news\/1311614","is_video":false,"new_video_detail":null,"collection_type":null,"add_to_tab":"0","is_redirect_h5":false,"ignore":"","template":"https://www.dongqiudi.com/api/app/tabs/web/news.html","show_comments":true,"published_at":"2020-01-04 05:00:59","sort_timestamp":1578085259,"channel":"article","changetop":0,"lasttime":1578112474,"relate_type":"0","topic_tags":[{"content":"\u52a0\u6cf0\u5fb7\u6bd4","scheme":"dongqiudi:\/\/v3\/topic\/topicDetail?param={\"topicName\":\"\\u52a0\\u6cf0\\u5fb7\\u6bd4\"}"}],"click_from":"tab_5","show_time":1578078359,"stat_data":{"stat_from":"tab_5","stat_type":"article"}},{"id":1311616,"title":"\u9a6c\u5fb7\u91cc\u7ade\u6280\u6218\u83b1\u4e07\u7279\u5927\u540d\u5355\uff1a\u6bd4\u6258\u6d1b\u56de\u5f52\uff0c\u52d2\u9a6c\u5c14\u672a\u5165\u9009","share_title":"\u9a6c\u5fb7\u91cc\u7ade\u6280\u6218\u83b1\u4e07\u7279\u5927\u540d\u5355\uff1a\u6bd4\u6258\u6d1b\u56de\u5f52\uff0c\u52d2\u9a6c\u5c14\u672a\u5165\u9009","description":"","b_description":"","comments_total":27,"share":"https:\/\/www.dongqiudi.com\/article\/1311616","thumb":"https:\/\/bdimg1.qunliao.info\/tos-cn-i-j5hyufq5o6\/fastdfs4\/M00\/F9\/55\/ChNLkl4PkuSAHoF7AAHFItQ6IuI834.jpg~tplv-j5hyufq5o6-crop:280:210.jpeg","top":false,"top_color":"","url":"https:\/\/api.dongqiudi.com\/article\/1311616.html?from=tab_5","url1":"https:\/\/api.dongqiudi.com\/article\/1311616.html?from=tab_5","scheme":"dongqiudi:\/\/\/news\/1311616","is_video":false,"new_video_detail":null,"collection_type":null,"add_to_tab":"0","is_redirect_h5":false,"ignore":"","template":"https://www.dongqiudi.com/api/app/tabs/web/news.html","show_comments":true,"published_at":"2020-01-04 04:11:22","sort_timestamp":1578082282,"channel":"article","changetop":0,"lasttime":1578098726,"relate_type":"0","click_from":"tab_5","show_time":1578082282,"stat_data":{"stat_from":"tab_5","stat_type":"article"}},{"id":1311624,"title":"\u8fea\u9a6c\u6d4e\u5965\uff1a\u7c73\u5170\u4ee3\u8868\u5728\u5df4\u585e\u7f57\u90a3\u8fdb\u884c\u6258\u8fea\u535a\u7684\u8f6c\u4f1a\u8c08\u5224","share_title":"\u8fea\u9a6c\u6d4e\u5965\uff1a\u7c73\u5170\u4ee3\u8868\u5728\u5df4\u585e\u7f57\u90a3\u8fdb\u884c\u6258\u8fea\u535a\u7684\u8f6c\u4f1a\u8c08\u5224","description":"","b_description":"","comments_total":83,"share":"https:\/\/www.dongqiudi.com\/article\/1311624","thumb":"https:\/\/bdimg1.qunliao.info\/tos-cn-i-j5hyufq5o6\/fastdfs4\/M00\/F9\/58\/ChMf8F4PnyOACXv7AACsHPhVhUI110.jpg~tplv-j5hyufq5o6-crop:280:210.jpeg","top":false,"top_color":"","url":"https:\/\/api.dongqiudi.com\/article\/1311624.html?from=tab_5","url1":"https:\/\/api.dongqiudi.com\/article\/1311624.html?from=tab_5","scheme":"dongqiudi:\/\/\/news\/1311624","is_video":false,"new_video_detail":null,"collection_type":null,"add_to_tab":"0","is_redirect_h5":false,"ignore":"","template":"https://www.dongqiudi.com/api/app/tabs/web/news.html","show_comments":true,"published_at":"2020-01-04 04:09:59","sort_timestamp":1578082199,"channel":"article","changetop":0,"lasttime":1578092405,"relate_type":"0","click_from":"tab_5","show_time":1578082199,"stat_data":{"stat_from":"tab_5","stat_type":"article"}}]}