{"id":55,"label":"\u6df1\u5ea6","prev":"https:\/\/api.dongqiudi.com\/app\/tabs\/web\/55.json?before=1578110406","fresh":"https:\/\/api.dongqiudi.com\/app\/tabs\/web\/55.json?action=fresh","next":"https:\/\/api.dongqiudi.com\/app\/tabs\/web\/55.json?after=1577764819&page=2","max":1578110406,"min":1577764819,"page":1,"url":"https:\/\/api.dongqiudi.com\/app\/tabs\/web\/55.json?","articles":[{"id":1311625,"title":"\u65e9\u62a5\uff1a\u4f0a\u5e03\u7684\u5634\uff0c\u51ef\u6069\u7684\u817f","share_title":"\u65e9\u62a5\uff1a\u4f0a\u5e03\u7684\u5634\uff0c\u51ef\u6069\u7684\u817f","description":"","b_description":"","comments_total":105,"share":"https:\/\/www.dongqiudi.com\/article\/1311625","thumb":"https:\/\/bdimg1.qunliao.info\/tos-cn-i-j5hyufq5o6\/fastdfs4\/M00\/F9\/59\/ChMf8F4PtpqAXm-sAAJNeBVu5S8998.jpg~tplv-j5hyufq5o6-crop:280:210.jpeg","top":false,"top_color":"","url":"https:\/\/api.dongqiudi.com\/article\/1311625.html?from=tab_55","url1":"https:\/\/api.dongqiudi.com\/article\/1311625.html?from=tab_55","scheme":"dongqiudi:\/\/\/news\/1311625","is_video":false,"new_video_detail":null,"collection_type":null,"add_to_tab":"0","is_redirect_h5":false,"ignore":"","template":"https://www.dongqiudi.com/api/app/tabs/web/news.html","show_comments":true,"published_at":"2020-01-04 12:00:06","sort_timestamp":1578110406,"channel":"article","changetop":0,"lasttime":1578110490,"relate_type":"0","click_from":"tab_55","show_time":1578092400,"stat_data":{"stat_from":"tab_55","stat_type":"article"}},{"id":1311445,"title":"\u5728\u7403\u573a\u4e0a\u8fd8\u80fd\u9760\u53d1\u578b\u53d6\u80dc\uff1f","share_title":"\u5728\u7403\u573a\u4e0a\u8fd8\u80fd\u9760\u53d1\u578b\u53d6\u80dc\uff1f","description":"","b_description":"","comments_total":517,"share":"https:\/\/www.dongqiudi.com\/article\/1311445","thumb":"https:\/\/bdimg1.qunliao.info\/tos-cn-i-j5hyufq5o6\/fastdfs4\/M00\/F9\/44\/ChMf8F4PFyGAIsCzAAG0c1Id9b4176.jpg~tplv-j5hyufq5o6-crop:280:210.jpeg","top":false,"top_color":"","url":"https:\/\/api.dongqiudi.com\/article\/1311445.html?from=tab_55","url1":"https:\/\/api.dongqiudi.com\/article\/1311445.html?from=tab_55","scheme":"dongqiudi:\/\/\/news\/1311445","is_video":false,"new_video_detail":null,"collection_type":null,"add_to_tab":"0","is_redirect_h5":false,"ignore":"","template":"https://www.dongqiudi.com/api/app/tabs/web/news.html","show_comments":true,"published_at":"2020-01-04 09:45:27","sort_timestamp":1578102327,"channel":"article","label":"\u8f6c\u8f7d","label_color":"#4782c4","changetop":0,"lasttime":1578108969,"relate_type":"0","click_from":"tab_55","show_time":1578092400,"stat_data":{"stat_from":"tab_55","stat_type":"article"}},{"id":1309872,"title":"\u4e2d\u65e5\u97e9\u5bf9\u6bd4\uff0c\u6211\u4eec\u7684\u8db3\u7403\u662f\u5426\u6700\u6ca1\u5730\u4f4d\uff1f","share_title":"\u4e2d\u65e5\u97e9\u5bf9\u6bd4\uff0c\u6211\u4eec\u7684\u8db3\u7403\u662f\u5426\u6700\u6ca1\u5730\u4f4d\uff1f","description":"","b_description":"","comments_total":2342,"share":"https:\/\/www.dongqiudi.com\/article\/1309872","thumb":"https:\/\/bdimg1.qunliao.info\/tos-cn-i-j5hyufq5o6\/fastdfs3\/M00\/E0\/6E\/ChO2w14MaUmALmmBAACu_U0FW_Q873.jpg~tplv-j5hyufq5o6-crop:280:210.jpeg","top":false,"top_color":"","url":"https:\/\/api.dongqiudi.com\/v2\/feed\/1309872.html?from=tab_55","url1":"https:\/\/api.dongqiudi.com\/v2\/feed\/1309872.html?from=tab_55","scheme":"dongqiudi:\/\/\/feed\/1309872","is_video":false,"new_video_detail":null,"collection_type":null,"add_to_tab":"0","is_redirect_h5":false,"ignore":"","template":"https://www.dongqiudi.com/api/app/tabs/web/feed.html","show_comments":true,"published_at":"2020-01-04 03:24:31","sort_timestamp":1578079471,"author":{"name":"\u5185\u5fb7\u4e13\u680f","bg_image":"","user_id":2536488,"avatar":"https:\/\/bdimg2.qunliao.info\/tos-cn-i-j5hyufq5o6\/fastdfs\/M00\/02\/96\/ooYBAFesIN6AT0FvAAAgr5BgGLk461.jpg~tplv-j5hyufq5o6-scaleimage:100:0.image","icon":"https:\/\/bdimg2.qunliao.info\/tos-cn-i-j5hyufq5o6\/fastdfs\/M00\/02\/96\/ooYBAFesIN6AT0FvAAAgr5BgGLk461.jpg~tplv-j5hyufq5o6-scaleimage:100:0.image","level":"normal","medal_url":"","hide_declaration":"","scheme":"dongqiudi:\/\/v1\/user\/index\/2536488"},"channel":"feed","changetop":0,"lasttime":1578108314,"relate_type":"0","topic_tags":[{"content":"\u7761\u524d\u4e00\u8bfb","scheme":"dongqiudi:\/\/v3\/topic\/topicDetail?param={\"topicName\":\"\\u7761\\u524d\\u4e00\\u8bfb\"}"}],"click_from":"tab_55","show_time":1578060000,"stat_data":{"stat_from":"tab_55","stat_type":"feed"}},{"id":1311502,"title":"\u4e3a\u4ec0\u4e48\u8bf4\u8863\u4e0d\u5982\u65b0\uff0c\u978b\u4e0d\u5982\u65e7\uff1f","share_title":"\u4e3a\u4ec0\u4e48\u8bf4\u8863\u4e0d\u5982\u65b0\uff0c\u978b\u4e0d\u5982\u65e7\uff1f","description":"","b_description":"","comments_total":96,"share":"https:\/\/www.dongqiudi.com\/article\/1311502","thumb":"https:\/\/bdimg1.qunliao.info\/tos-cn-i-j5hyufq5o6\/fastdfs3\/M00\/E0\/C2\/ChO2w14PSpWAMu_GAAcwvKqF9X0761.png~tplv-j5hyufq5o6-crop:280:210.jpeg","top":false,"top_color":"","url":"https:\/\/api.dongqiudi.com\/v2\/feed\/1311502.html?from=tab_55","url1":"https:\/\/api.dongqiudi.com\/v2\/feed\/1311502.html?from=tab_55","scheme":"dongqiudi:\/\/\/feed\/1311502","is_video":false,"new_video_detail":null,"collection_type":null,"add_to_tab":"0","is_redirect_h5":false,"ignore":"","template":"https://www.dongqiudi.com/api/app/tabs/web/feed.html","show_comments":true,"published_at":"2020-01-03 22:12:55","sort_timestamp":1578060775,"author":{"name":"\u8db3\u7403\u8bd1\u4f73\u4e4b\u8a00","bg_image":"","user_id":5056605,"avatar":"https:\/\/bdimg2.qunliao.info\/tos-cn-i-j5hyufq5o6\/fastdfs3\/M00\/5B\/21\/ChOxM1uTnd-AROFhAAD34h9MmT8497.jpg~tplv-j5hyufq5o6-scaleimage:100:0.image","icon":"https:\/\/bdimg2.qunliao.info\/tos-cn-i-j5hyufq5o6\/fastdfs3\/M00\/5B\/21\/ChOxM1uTnd-AROFhAAD34h9MmT8497.jpg~tplv-j5hyufq5o6-scaleimage:100:0.image","level":"normal","medal_url":"","hide_declaration":"","scheme":"dongqiudi:\/\/v1\/user\/index\/5056605"},"channel":"feed","changetop":0,"lasttime":1578102011,"relate_type":"0","click_from":"tab_55","show_time":1578060775,"stat_data":{"stat_from":"tab_55","stat_type":"feed"}},{"id":1303318,"title":"\u7528\u4e0a\u5e1d\u89c6\u89d2\uff0c\u5728\u8c37\u6b4c\u5730\u56fe\u4e0a\u6e38\u89c8\u6b27\u6d32\u8457\u540d\u7403\u573a","share_title":"\u7528\u4e0a\u5e1d\u89c6\u89d2\uff0c\u5728\u8c37\u6b4c\u5730\u56fe\u4e0a\u6e38\u89c8\u6b27\u6d32\u8457\u540d\u7403\u573a","description":"","b_description":"","comments_total":1528,"share":"https:\/\/www.dongqiudi.com\/article\/1303318","thumb":"https:\/\/bdimg1.qunliao.info\/tos-cn-i-j5hyufq5o6\/fastdfs4\/M00\/F6\/88\/ChMf8F3_JWmAFUB6ABuh8cXLDhU461.png~tplv-j5hyufq5o6-crop:280:210.jpeg","top":false,"top_color":"","url":"https:\/\/api.dongqiudi.com\/v2\/feed\/1303318.html?from=tab_55","url1":"https:\/\/api.dongqiudi.com\/v2\/feed\/1303318.html?from=tab_55","scheme":"dongqiudi:\/\/\/feed\/1303318","is_video":false,"new_video_detail":null,"collection_type":null,"add_to_tab":"0","is_redirect_h5":false,"ignore":"","template":"https://www.dongqiudi.com/api/app/tabs/web/feed.html","show_comments":true,"published_at":"2020-01-03 20:49:32","sort_timestamp":1578055772,"author":{"name":"\u53f2\u81e3\u66f0","bg_image":"","user_id":6460967,"avatar":"https:\/\/bdimg2.qunliao.info\/tos-cn-i-j5hyufq5o6\/fastdfs2\/M00\/71\/21\/ChNy21rxFJqAMXPDAACGaeH8L2E900.jpg~tplv-j5hyufq5o6-scaleimage:100:0.image","icon":"https:\/\/bdimg2.qunliao.info\/tos-cn-i-j5hyufq5o6\/fastdfs2\/M00\/71\/21\/ChNy21rxFJqAMXPDAACGaeH8L2E900.jpg~tplv-j5hyufq5o6-scaleimage:100:0.image","level":"normal","medal_url":"","hide_declaration":"","scheme":"dongqiudi:\/\/v1\/user\/index\/6460967"},"channel":"feed","changetop":0,"lasttime":1578101532,"relate_type":"0","click_from":"tab_55","show_time":1578041400,"stat_data":{"stat_from":"tab_55","stat_type":"feed"}},{"id":1310935,"title":"\u65e9\u62a5\uff1a\u6765\u4e86\uff0c\u8001\u94c1\uff01","share_title":"\u65e9\u62a5\uff1a\u6765\u4e86\uff0c\u8001\u94c1\uff01","description":"","b_description":"","comments_total":263,"share":"https:\/\/www.dongqiudi.com\/article\/1310935","thumb":"https:\/\/bdimg1.qunliao.info\/tos-cn-i-j5hyufq5o6\/fastdfs4\/M00\/F6\/89\/ChNLkl3_KW6AX-LlAAJMf6WrtAQ578.jpg~tplv-j5hyufq5o6-crop:280:210.jpeg","top":false,"top_color":"","url":"https:\/\/api.dongqiudi.com\/article\/1310935.html?from=tab_55","url1":"https:\/\/api.dongqiudi.com\/article\/1310935.html?from=tab_55","scheme":"dongqiudi:\/\/\/news\/1310935","is_video":false,"new_video_detail":null,"collection_type":null,"add_to_tab":"0","is_redirect_h5":false,"ignore":"","template":"https://www.dongqiudi.com/api/app/tabs/web/news.html","show_comments":true,"published_at":"2020-01-03 12:00:05","sort_timestamp":1578024005,"channel":"article","changetop":0,"lasttime":1578024243,"relate_type":"0","click_from":"tab_55","show_time":1578006000,"stat_data":{"stat_from":"tab_55","stat_type":"article"}},{"id":1306400,"title":"\u8001\u7167\u7247\uff1a\u90a3\u5e74\u590f\u5929\uff0c\u4ea8\u5229\u7528\u7279\u96f7\u6cfd\u76d6\u7684\u7403\u8863\u6321\u4f4f\u4e86\u5168\u4e16\u754c","share_title":"\u8001\u7167\u7247\uff1a\u90a3\u5e74\u590f\u5929\uff0c\u4ea8\u5229\u7528\u7279\u96f7\u6cfd\u76d6\u7684\u7403\u8863\u6321\u4f4f\u4e86\u5168\u4e16\u754c","description":"","b_description":"","comments_total":846,"share":"https:\/\/www.dongqiudi.com\/article\/1306400","thumb":"https:\/\/bdimg1.qunliao.info\/tos-cn-i-j5hyufq5o6\/fastdfs3\/M00\/DF\/A3\/ChONol4FjK2AAJS3AAzNSOPN948530.png~tplv-j5hyufq5o6-crop:280:210.jpeg","top":false,"top_color":"","url":"https:\/\/api.dongqiudi.com\/v2\/feed\/1306400.html?from=tab_55","url1":"https:\/\/api.dongqiudi.com\/v2\/feed\/1306400.html?from=tab_55","scheme":"dongqiudi:\/\/\/feed\/1306400","is_video":false,"new_video_detail":null,"collection_type":null,"add_to_tab":"0","is_redirect_h5":false,"ignore":"","template":"https://www.dongqiudi.com/api/app/tabs/web/feed.html","show_comments":true,"published_at":"2020-01-03 02:21:37","sort_timestamp":1577989297,"author":{"name":"\u53f6\u516c\u597d\u7403\u4e13\u680f","bg_image":"","user_id":8674288,"avatar":"https:\/\/bdimg2.qunliao.info\/tos-cn-i-j5hyufq5o6\/fastdfs3\/M00\/32\/09\/ChOxM1tQQ-2ABoQGAAEmkBZ9e_o442.jpg~tplv-j5hyufq5o6-scaleimage:100:0.image","icon":"https:\/\/bdimg2.qunliao.info\/tos-cn-i-j5hyufq5o6\/fastdfs3\/M00\/32\/09\/ChOxM1tQQ-2ABoQGAAEmkBZ9e_o442.jpg~tplv-j5hyufq5o6-scaleimage:100:0.image","level":"normal","medal_url":"","hide_declaration":"","scheme":"dongqiudi:\/\/v1\/user\/index\/8674288"},"channel":"feed","changetop":0,"lasttime":1578000378,"relate_type":"0","click_from":"tab_55","show_time":1577973600,"stat_data":{"stat_from":"tab_55","stat_type":"feed"}},{"id":1310490,"title":"\u674e\u94c1\u6267\u6559\u56fd\u8db3\uff1a\u68a6\u60f3\u7167\u8fdb\u73b0\u5b9e\uff0c\u5e0c\u671b\u4e0e\u6311\u6218\u5e76\u5b58","share_title":"\u674e\u94c1\u6267\u6559\u56fd\u8db3\uff1a\u68a6\u60f3\u7167\u8fdb\u73b0\u5b9e\uff0c\u5e0c\u671b\u4e0e\u6311\u6218\u5e76\u5b58","description":"","b_description":"","comments_total":733,"share":"https:\/\/www.dongqiudi.com\/article\/1310490","thumb":"https:\/\/bdimg1.qunliao.info\/tos-cn-i-j5hyufq5o6\/fastdfs3\/M00\/E0\/91\/ChONol4NkM-AFniqAAGVDDvoy4E115.jpg~tplv-j5hyufq5o6-crop:280:210.jpeg","top":false,"top_color":"","url":"https:\/\/api.dongqiudi.com\/v2\/feed\/1310490.html?from=tab_55","url1":"https:\/\/api.dongqiudi.com\/v2\/feed\/1310490.html?from=tab_55","scheme":"dongqiudi:\/\/\/feed\/1310490","is_video":false,"new_video_detail":null,"collection_type":null,"add_to_tab":"0","is_redirect_h5":false,"ignore":"","template":"https://www.dongqiudi.com/api/app/tabs/web/feed.html","show_comments":true,"published_at":"2020-01-02 21:14:17","sort_timestamp":1577970857,"author":{"name":"\u5c0f\u559c\u7684\u7403","bg_image":"","user_id":2695194,"avatar":"https:\/\/bdimg2.qunliao.info\/tos-cn-i-j5hyufq5o6\/fastdfs\/M00\/17\/E7\/ooYBAFiFxiKAeYarAAEPQPQ1lSg316.jpg~tplv-j5hyufq5o6-scaleimage:100:0.image","icon":"https:\/\/bdimg2.qunliao.info\/tos-cn-i-j5hyufq5o6\/fastdfs\/M00\/17\/E7\/ooYBAFiFxiKAeYarAAEPQPQ1lSg316.jpg~tplv-j5hyufq5o6-scaleimage:100:0.image","level":"normal","medal_url":"","hide_declaration":"","scheme":"dongqiudi:\/\/v1\/user\/index\/2695194"},"channel":"feed","changetop":0,"lasttime":1577982011,"relate_type":"0","click_from":"tab_55","show_time":1577955778,"stat_data":{"stat_from":"tab_55","stat_type":"feed"}},{"id":1281707,"title":"\u6b66\u78ca\u76842019\uff1a\u9ece\u660e\u7684\u90a3\u9053\u5149\uff0c\u4f1a\u8d8a\u8fc7\u9ed1\u6697","share_title":"\u6b66\u78ca\u76842019\uff1a\u9ece\u660e\u7684\u90a3\u9053\u5149\uff0c\u4f1a\u8d8a\u8fc7\u9ed1\u6697","description":"","b_description":"","comments_total":519,"share":"https:\/\/www.dongqiudi.com\/article\/1281707","thumb":"https:\/\/bdimg1.qunliao.info\/tos-cn-i-j5hyufq5o6\/fastdfs3\/M00\/DA\/A8\/ChO2w13cjxSAfW0iAACb-TQDiP8775.jpg~tplv-j5hyufq5o6-crop:280:210.jpeg","top":false,"top_color":"","url":"https:\/\/api.dongqiudi.com\/v2\/feed\/1281707.html?from=tab_55","url1":"https:\/\/api.dongqiudi.com\/v2\/feed\/1281707.html?from=tab_55","scheme":"dongqiudi:\/\/\/feed\/1281707","is_video":false,"new_video_detail":null,"collection_type":null,"add_to_tab":"0","is_redirect_h5":false,"ignore":"","template":"https://www.dongqiudi.com/api/app/tabs/web/feed.html","show_comments":true,"published_at":"2020-01-02 15:05:28","sort_timestamp":1577948728,"author":{"name":"\u5c0f\u559c\u7684\u7403","bg_image":"","user_id":2695194,"avatar":"https:\/\/bdimg2.qunliao.info\/tos-cn-i-j5hyufq5o6\/fastdfs\/M00\/17\/E7\/ooYBAFiFxiKAeYarAAEPQPQ1lSg316.jpg~tplv-j5hyufq5o6-scaleimage:100:0.image","icon":"https:\/\/bdimg2.qunliao.info\/tos-cn-i-j5hyufq5o6\/fastdfs\/M00\/17\/E7\/ooYBAFiFxiKAeYarAAEPQPQ1lSg316.jpg~tplv-j5hyufq5o6-scaleimage:100:0.image","level":"normal","medal_url":"","hide_declaration":"","scheme":"dongqiudi:\/\/v1\/user\/index\/2695194"},"channel":"feed","changetop":0,"lasttime":1578103093,"relate_type":"0","topic_tags":[{"content":"\u6b66\u78ca\u7559\u6d0b","scheme":"dongqiudi:\/\/v3\/topic\/topicDetail?param={\"topicName\":\"\\u6b66\\u78ca\\u7559\\u6d0b\"}"}],"click_from":"tab_55","show_time":1577937600,"stat_data":{"stat_from":"tab_55","stat_type":"feed"}},{"id":1310247,"title":"\u65e9\u62a5\uff1a\u7a46\u4e09\u5c81\u4e0a\u7ebf","share_title":"\u65e9\u62a5\uff1a\u7a46\u4e09\u5c81\u4e0a\u7ebf","description":"","b_description":"","comments_total":501,"share":"https:\/\/www.dongqiudi.com\/article\/1310247","thumb":"https:\/\/bdimg1.qunliao.info\/tos-cn-i-j5hyufq5o6\/fastdfs4\/M00\/F8\/F8\/ChMf8F4ND1qAZ0A0AAFEunTRtFY903.jpg~tplv-j5hyufq5o6-crop:280:210.jpeg","top":false,"top_color":"","url":"https:\/\/api.dongqiudi.com\/article\/1310247.html?from=tab_55","url1":"https:\/\/api.dongqiudi.com\/article\/1310247.html?from=tab_55","scheme":"dongqiudi:\/\/\/news\/1310247","is_video":false,"new_video_detail":null,"collection_type":null,"add_to_tab":"0","is_redirect_h5":false,"ignore":"","template":"https://www.dongqiudi.com/api/app/tabs/web/news.html","show_comments":true,"published_at":"2020-01-02 12:01:05","sort_timestamp":1577937665,"channel":"article","changetop":0,"lasttime":1577945250,"relate_type":"0","click_from":"tab_55","show_time":1577919625,"stat_data":{"stat_from":"tab_55","stat_type":"article"}},{"id":1310227,"title":"\u70ed\u523avs\u5357\u5b89\u666e\u987f\uff1a\u7528\u4e0d\u8d77\"\u5962\u4f88\u54c1\"\uff0c\u70ed\u523a\u4e4b\u56f0\u6e90\u4e8e\u8170\u4f4d\u7f3a\u4eba","share_title":"\u70ed\u523avs\u5357\u5b89\u666e\u987f\uff1a\u7528\u4e0d\u8d77\"\u5962\u4f88\u54c1\"\uff0c\u70ed\u523a\u4e4b\u56f0\u6e90\u4e8e\u8170\u4f4d\u7f3a\u4eba","description":"","b_description":"","comments_total":195,"share":"https:\/\/www.dongqiudi.com\/article\/1310227","thumb":"https:\/\/bdimg1.qunliao.info\/tos-cn-i-j5hyufq5o6\/fastdfs3\/M00\/E0\/84\/ChONol4NDwaAUcWyAAN-cJ2tDoI967.jpg~tplv-j5hyufq5o6-crop:280:210.jpeg","top":false,"top_color":"","url":"https:\/\/api.dongqiudi.com\/v2\/feed\/1310227.html?from=tab_55","url1":"https:\/\/api.dongqiudi.com\/v2\/feed\/1310227.html?from=tab_55","scheme":"dongqiudi:\/\/\/feed\/1310227","is_video":false,"new_video_detail":null,"collection_type":null,"add_to_tab":"0","is_redirect_h5":false,"ignore":"","template":"https://www.dongqiudi.com/api/app/tabs/web/feed.html","show_comments":true,"published_at":"2020-01-02 07:23:24","sort_timestamp":1577921004,"author":{"name":"\u5218\u5f3a\u4e13\u680f","bg_image":"","user_id":1402609,"avatar":"https:\/\/bdimg2.qunliao.info\/tos-cn-i-j5hyufq5o6\/fastdfs4\/M00\/C0\/3E\/ChNLklxJi6KATvhXAAAd0CluhBo205.jpg~tplv-j5hyufq5o6-scaleimage:100:0.image","icon":"https:\/\/bdimg2.qunliao.info\/tos-cn-i-j5hyufq5o6\/fastdfs4\/M00\/C0\/3E\/ChNLklxJi6KATvhXAAAd0CluhBo205.jpg~tplv-j5hyufq5o6-scaleimage:100:0.image","level":"normal","medal_url":"","hide_declaration":"","scheme":"dongqiudi:\/\/v1\/user\/index\/1402609"},"channel":"feed","changetop":0,"lasttime":1577931009,"relate_type":"0","click_from":"tab_55","show_time":1577921004,"stat_data":{"stat_from":"tab_55","stat_type":"feed"}},{"id":1309968,"title":"\u201c\u5439\u201d\u4e86\u5341\u5e74C\u7f57\uff0c\u6211\u4eec\u4e3a\u4ec0\u4e48\u4e0d\u89c9\u5f97\u817b\uff1f","share_title":"\u201c\u5439\u201d\u4e86\u5341\u5e74C\u7f57\uff0c\u6211\u4eec\u4e3a\u4ec0\u4e48\u4e0d\u89c9\u5f97\u817b\uff1f","description":"","b_description":"","comments_total":586,"share":"https:\/\/www.dongqiudi.com\/article\/1309968","thumb":"https:\/\/bdimg1.qunliao.info\/tos-cn-i-j5hyufq5o6\/fastdfs3\/M00\/E0\/4D\/ChO2w14LY86ARmRmAACSMSidf44041.jpg~tplv-j5hyufq5o6-crop:280:210.jpeg","top":false,"top_color":"","url":"https:\/\/api.dongqiudi.com\/v2\/feed\/1309968.html?from=tab_55","url1":"https:\/\/api.dongqiudi.com\/v2\/feed\/1309968.html?from=tab_55","scheme":"dongqiudi:\/\/\/feed\/1309968","is_video":false,"new_video_detail":null,"collection_type":null,"add_to_tab":"0","is_redirect_h5":false,"ignore":"","template":"https://www.dongqiudi.com/api/app/tabs/web/feed.html","show_comments":true,"published_at":"2020-01-01 21:32:47","sort_timestamp":1577885567,"author":{"name":"\u8db3\u7403\u8bd1\u4f73\u4e4b\u8a00","bg_image":"","user_id":5056605,"avatar":"https:\/\/bdimg2.qunliao.info\/tos-cn-i-j5hyufq5o6\/fastdfs3\/M00\/5B\/21\/ChOxM1uTnd-AROFhAAD34h9MmT8497.jpg~tplv-j5hyufq5o6-scaleimage:100:0.image","icon":"https:\/\/bdimg2.qunliao.info\/tos-cn-i-j5hyufq5o6\/fastdfs3\/M00\/5B\/21\/ChOxM1uTnd-AROFhAAD34h9MmT8497.jpg~tplv-j5hyufq5o6-scaleimage:100:0.image","level":"normal","medal_url":"","hide_declaration":"","scheme":"dongqiudi:\/\/v1\/user\/index\/5056605"},"channel":"feed","changetop":0,"lasttime":1578045222,"relate_type":"0","click_from":"tab_55","show_time":1577885567,"stat_data":{"stat_from":"tab_55","stat_type":"feed"}},{"id":1309775,"title":"\u5404\u4e2a\u5165\u7c4d\u7403\u5458\uff0c\u65b0\u8d5b\u5b63\u8c01\u7b97\u5185\u63f4\u3001\u8c01\u7b97\u5916\u63f4\uff1f","share_title":"\u5404\u4e2a\u5165\u7c4d\u7403\u5458\uff0c\u65b0\u8d5b\u5b63\u8c01\u7b97\u5185\u63f4\u3001\u8c01\u7b97\u5916\u63f4\uff1f","description":"","b_description":"","comments_total":1329,"share":"https:\/\/www.dongqiudi.com\/article\/1309775","thumb":"https:\/\/csimg2.qunliao.info\/fastdfs3\/M00\/E0\/6B\/280x210\/crop\/-\/ChONol4MUfuABw2UAAQHhCI29n8483.jpg","top":false,"top_color":"","url":"https:\/\/api.dongqiudi.com\/v2\/feed\/1309775.html?from=tab_55","url1":"https:\/\/api.dongqiudi.com\/v2\/feed\/1309775.html?from=tab_55","scheme":"dongqiudi:\/\/\/feed\/1309775","is_video":false,"new_video_detail":null,"collection_type":null,"add_to_tab":"0","is_redirect_h5":false,"ignore":"","template":"https://www.dongqiudi.com/api/app/tabs/web/feed.html","show_comments":true,"published_at":"2020-01-01 20:31:16","sort_timestamp":1577881876,"author":{"name":"\u53f2\u81e3\u66f0","bg_image":"","user_id":6460967,"avatar":"https:\/\/bdimg2.qunliao.info\/tos-cn-i-j5hyufq5o6\/fastdfs2\/M00\/71\/21\/ChNy21rxFJqAMXPDAACGaeH8L2E900.jpg~tplv-j5hyufq5o6-scaleimage:100:0.image","icon":"https:\/\/bdimg2.qunliao.info\/tos-cn-i-j5hyufq5o6\/fastdfs2\/M00\/71\/21\/ChNy21rxFJqAMXPDAACGaeH8L2E900.jpg~tplv-j5hyufq5o6-scaleimage:100:0.image","level":"normal","medal_url":"","hide_declaration":"","scheme":"dongqiudi:\/\/v1\/user\/index\/6460967"},"channel":"feed","changetop":0,"lasttime":1578101532,"relate_type":"0","topic_tags":[{"content":"\u8db3\u534f\u65b0\u653f","scheme":"dongqiudi:\/\/v3\/topic\/topicDetail?param={\"topicName\":\"\\u8db3\\u534f\\u65b0\\u653f\"}"}],"click_from":"tab_55","show_time":1577867827,"stat_data":{"stat_from":"tab_55","stat_type":"feed"}},{"id":1306696,"title":"\u8fd9\u4e9b\u7cbe\u5f69\u7684\u4f53\u80b2\u8d5b\u4e8b\uff0c\u8ba9\u4f60\u5ea6\u8fc7\u4e00\u4e2a\u5143\u6c14\u6ee1\u6ee1\u76842020\u5e74","share_title":"\u8fd9\u4e9b\u7cbe\u5f69\u7684\u4f53\u80b2\u8d5b\u4e8b\uff0c\u8ba9\u4f60\u5ea6\u8fc7\u4e00\u4e2a\u5143\u6c14\u6ee1\u6ee1\u76842020\u5e74","description":"","b_description":"","comments_total":525,"share":"https:\/\/www.dongqiudi.com\/article\/1306696","thumb":"https:\/\/bdimg1.qunliao.info\/tos-cn-i-j5hyufq5o6\/fastdfs3\/M00\/DF\/B6\/ChO2w14GF6iAGDAoAABlwyE1P9I942.jpg~tplv-j5hyufq5o6-crop:280:210.jpeg","top":false,"top_color":"","url":"https:\/\/api.dongqiudi.com\/v2\/feed\/1306696.html?from=tab_55","url1":"https:\/\/api.dongqiudi.com\/v2\/feed\/1306696.html?from=tab_55","scheme":"dongqiudi:\/\/\/feed\/1306696","is_video":false,"new_video_detail":null,"collection_type":null,"add_to_tab":"0","is_redirect_h5":false,"ignore":"","template":"https://www.dongqiudi.com/api/app/tabs/web/feed.html","show_comments":true,"published_at":"2020-01-01 12:00:55","sort_timestamp":1577851255,"author":{"name":"\u4e0a\u5927\u592b\u6563\u5b9c\u751f","bg_image":"","user_id":2697473,"avatar":"https:\/\/bdimg2.qunliao.info\/tos-cn-i-j5hyufq5o6\/fastdfs\/M00\/07\/16\/ooYBAFftteuAAh4yAAB1slfR4Fk570.jpg~tplv-j5hyufq5o6-scaleimage:100:0.image","icon":"https:\/\/bdimg2.qunliao.info\/tos-cn-i-j5hyufq5o6\/fastdfs\/M00\/07\/16\/ooYBAFftteuAAh4yAAB1slfR4Fk570.jpg~tplv-j5hyufq5o6-scaleimage:100:0.image","level":"normal","medal_url":"","hide_declaration":"","scheme":"dongqiudi:\/\/v1\/user\/index\/2697473"},"channel":"feed","changetop":0,"lasttime":1577871684,"relate_type":"0","click_from":"tab_55","show_time":1577833218,"stat_data":{"stat_from":"tab_55","stat_type":"feed"}},{"id":1309322,"title":"\u65e9\u62a5\uff1a\u5f00\u201c\u7a97\u201d\u8fce\u201c\u65b0\u201d","share_title":"\u65e9\u62a5\uff1a\u5f00\u201c\u7a97\u201d\u8fce\u201c\u65b0\u201d","description":"","b_description":"","comments_total":206,"share":"https:\/\/www.dongqiudi.com\/article\/1309322","thumb":"https:\/\/bdimg1.qunliao.info\/tos-cn-i-j5hyufq5o6\/fastdfs4\/M00\/F8\/C4\/ChMf8F4LrFGAa8dvAADB9i5KZ3o933.jpg~tplv-j5hyufq5o6-crop:280:210.jpeg","top":false,"top_color":"","url":"https:\/\/api.dongqiudi.com\/article\/1309322.html?from=tab_55","url1":"https:\/\/api.dongqiudi.com\/article\/1309322.html?from=tab_55","scheme":"dongqiudi:\/\/\/news\/1309322","is_video":false,"new_video_detail":null,"collection_type":null,"add_to_tab":"0","is_redirect_h5":false,"ignore":"","template":"https://www.dongqiudi.com/api/app/tabs/web/news.html","show_comments":true,"published_at":"2020-01-01 12:00:43","sort_timestamp":1577851243,"channel":"article","changetop":0,"lasttime":1577856011,"relate_type":"0","click_from":"tab_55","show_time":1577833200,"stat_data":{"stat_from":"tab_55","stat_type":"article"}},{"id":1309138,"title":"\u89e3\u7981\u540e\u7684\u9996\u4e2a\u8f6c\u4f1a\u7a97\u53e3\u5373\u5c06\u5230\u6765\uff0c\u5207\u5c14\u897f\u5c06\u5728\u65b0\u5e74\u5982\u4f55\u64cd\u4f5c\uff1f","share_title":"\u89e3\u7981\u540e\u7684\u9996\u4e2a\u8f6c\u4f1a\u7a97\u53e3\u5373\u5c06\u5230\u6765\uff0c\u5207\u5c14\u897f\u5c06\u5728\u65b0\u5e74\u5982\u4f55\u64cd\u4f5c\uff1f","description":"","b_description":"","comments_total":181,"share":"https:\/\/www.dongqiudi.com\/article\/1309138","thumb":"https:\/\/bdimg1.qunliao.info\/tos-cn-i-j5hyufq5o6\/fastdfs3\/M00\/E0\/44\/ChONol4LKx-AcmLzAAXnbo7Cu2g987.jpg~tplv-j5hyufq5o6-crop:280:210.jpeg","top":false,"top_color":"","url":"https:\/\/api.dongqiudi.com\/v2\/feed\/1309138.html?from=tab_55","url1":"https:\/\/api.dongqiudi.com\/v2\/feed\/1309138.html?from=tab_55","scheme":"dongqiudi:\/\/\/feed\/1309138","is_video":false,"new_video_detail":null,"collection_type":null,"add_to_tab":"0","is_redirect_h5":false,"ignore":"","template":"https://www.dongqiudi.com/api/app/tabs/web/feed.html","show_comments":true,"published_at":"2020-01-01 10:00:22","sort_timestamp":1577844022,"author":{"name":"Equalizer","bg_image":"","user_id":5066278,"avatar":"https:\/\/bdimg2.qunliao.info\/tos-cn-i-j5hyufq5o6\/fastdfs3\/M00\/5B\/22\/ChOxM1uToJiAbqtYAABNhnrrPlQ360.jpg~tplv-j5hyufq5o6-scaleimage:100:0.image","icon":"https:\/\/bdimg2.qunliao.info\/tos-cn-i-j5hyufq5o6\/fastdfs3\/M00\/5B\/22\/ChOxM1uToJiAbqtYAABNhnrrPlQ360.jpg~tplv-j5hyufq5o6-scaleimage:100:0.image","level":"normal","medal_url":"","hide_declaration":"","scheme":"dongqiudi:\/\/v1\/user\/index\/5066278"},"channel":"feed","changetop":0,"lasttime":1577847611,"relate_type":"0","click_from":"tab_55","show_time":1577844022,"stat_data":{"stat_from":"tab_55","stat_type":"feed"}},{"id":1306458,"title":"\u4e00\u8f6c\u8eab\uff0c\u548c\u5341\u5e74\u7684\u9752\u6625\u8bf4\u53e5\u518d\u89c1","share_title":"\u4e00\u8f6c\u8eab\uff0c\u548c\u5341\u5e74\u7684\u9752\u6625\u8bf4\u53e5\u518d\u89c1","description":"","b_description":"","comments_total":980,"share":"https:\/\/www.dongqiudi.com\/article\/1306458","thumb":"https:\/\/bdimg1.qunliao.info\/tos-cn-i-j5hyufq5o6\/fastdfs3\/M00\/DF\/DF\/ChO2w14Hc1WAf_mEAAEBqKmI658351.jpg~tplv-j5hyufq5o6-crop:280:210.jpeg","top":false,"top_color":"","url":"https:\/\/api.dongqiudi.com\/v2\/feed\/1306458.html?from=tab_55","url1":"https:\/\/api.dongqiudi.com\/v2\/feed\/1306458.html?from=tab_55","scheme":"dongqiudi:\/\/\/feed\/1306458","is_video":false,"new_video_detail":null,"collection_type":null,"add_to_tab":"0","is_redirect_h5":false,"ignore":"","template":"https://www.dongqiudi.com/api/app/tabs/web/feed.html","show_comments":true,"published_at":"2020-01-01 04:15:57","sort_timestamp":1577823357,"author":{"name":"\u5361\u5361\u4e4b\u4f73\u4e13\u680f","bg_image":"","user_id":6468543,"avatar":"https:\/\/bdimg2.qunliao.info\/tos-cn-i-j5hyufq5o6\/fastdfs2\/M00\/71\/87\/ChOqM1ryuZWAI5qdAAIxuo28_q8442.jpg~tplv-j5hyufq5o6-scaleimage:100:0.image","icon":"https:\/\/bdimg2.qunliao.info\/tos-cn-i-j5hyufq5o6\/fastdfs2\/M00\/71\/87\/ChOqM1ryuZWAI5qdAAIxuo28_q8442.jpg~tplv-j5hyufq5o6-scaleimage:100:0.image","level":"normal","medal_url":"","hide_declaration":"","scheme":"dongqiudi:\/\/v1\/user\/index\/6468543"},"channel":"feed","changetop":0,"lasttime":1578111590,"relate_type":"0","click_from":"tab_55","show_time":1577800800,"stat_data":{"stat_from":"tab_55","stat_type":"feed"}},{"id":1308987,"title":"\u4ec0\u4e48\u662f\u201c\u8377\u5170\u201d\uff0c\u5b83\u548c\u201c\u5c3c\u5fb7\u5170\u201d\u5230\u5e95\u6709\u5565\u4e0d\u4e00\u6837\uff1f","share_title":"\u4ec0\u4e48\u662f\u201c\u8377\u5170\u201d\uff0c\u5b83\u548c\u201c\u5c3c\u5fb7\u5170\u201d\u5230\u5e95\u6709\u5565\u4e0d\u4e00\u6837\uff1f","description":"","b_description":"","comments_total":751,"share":"https:\/\/www.dongqiudi.com\/article\/1308987","thumb":"https:\/\/bdimg1.qunliao.info\/tos-cn-i-j5hyufq5o6\/fastdfs3\/M00\/E0\/3B\/ChO2w14LAM2AIKKbAAE2MArCa2Y394.jpg~tplv-j5hyufq5o6-crop:280:210.jpeg","top":false,"top_color":"","url":"https:\/\/api.dongqiudi.com\/v2\/feed\/1308987.html?from=tab_55","url1":"https:\/\/api.dongqiudi.com\/v2\/feed\/1308987.html?from=tab_55","scheme":"dongqiudi:\/\/\/feed\/1308987","is_video":false,"new_video_detail":null,"collection_type":null,"add_to_tab":"0","is_redirect_h5":false,"ignore":"","template":"https://www.dongqiudi.com/api/app/tabs/web/feed.html","show_comments":true,"published_at":"2019-12-31 16:52:26","sort_timestamp":1577782346,"author":{"name":"\u53f2\u81e3\u66f0","bg_image":"","user_id":6460967,"avatar":"https:\/\/bdimg2.qunliao.info\/tos-cn-i-j5hyufq5o6\/fastdfs2\/M00\/71\/21\/ChNy21rxFJqAMXPDAACGaeH8L2E900.jpg~tplv-j5hyufq5o6-scaleimage:100:0.image","icon":"https:\/\/bdimg2.qunliao.info\/tos-cn-i-j5hyufq5o6\/fastdfs2\/M00\/71\/21\/ChNy21rxFJqAMXPDAACGaeH8L2E900.jpg~tplv-j5hyufq5o6-scaleimage:100:0.image","level":"normal","medal_url":"","hide_declaration":"","scheme":"dongqiudi:\/\/v1\/user\/index\/6460967"},"channel":"feed","changetop":0,"lasttime":1577791335,"relate_type":"0","click_from":"tab_55","show_time":1577779834,"stat_data":{"stat_from":"tab_55","stat_type":"feed"}},{"id":1307172,"title":"\u4e3a\u4ec0\u4e48\u8db3\u7403\u7efc\u827a\u6ca1\u6709\u7bee\u7403\u7efc\u827a\u706b\uff1f","share_title":"\u4e3a\u4ec0\u4e48\u8db3\u7403\u7efc\u827a\u6ca1\u6709\u7bee\u7403\u7efc\u827a\u706b\uff1f","description":"","b_description":"","comments_total":2722,"share":"https:\/\/www.dongqiudi.com\/article\/1307172","thumb":"https:\/\/bdimg1.qunliao.info\/tos-cn-i-j5hyufq5o6\/fastdfs3\/M00\/DF\/D8\/ChONol4HRNiAIUNoAADP-Nh2dvs451.jpg~tplv-j5hyufq5o6-crop:280:210.jpeg","top":false,"top_color":"","url":"https:\/\/api.dongqiudi.com\/v2\/feed\/1307172.html?from=tab_55","url1":"https:\/\/api.dongqiudi.com\/v2\/feed\/1307172.html?from=tab_55","scheme":"dongqiudi:\/\/\/feed\/1307172","is_video":false,"new_video_detail":null,"collection_type":null,"add_to_tab":"0","is_redirect_h5":false,"ignore":"","template":"https://www.dongqiudi.com/api/app/tabs/web/feed.html","show_comments":true,"published_at":"2019-12-31 15:42:46","sort_timestamp":1577778166,"author":{"name":"Eighter","bg_image":"","user_id":11736471,"avatar":"https:\/\/bdimg2.qunliao.info\/tos-cn-i-j5hyufq5o6\/fastdfs3\/M00\/2B\/9B\/ChONolybL06AFYUkAAAlB5selHQ902.jpg~tplv-j5hyufq5o6-scaleimage:100:0.image","icon":"https:\/\/bdimg2.qunliao.info\/tos-cn-i-j5hyufq5o6\/fastdfs3\/M00\/2B\/9B\/ChONolybL06AFYUkAAAlB5selHQ902.jpg~tplv-j5hyufq5o6-scaleimage:100:0.image","level":"normal","medal_url":"","hide_declaration":"","scheme":"dongqiudi:\/\/v1\/user\/index\/11736471"},"channel":"feed","changetop":0,"lasttime":1577781609,"relate_type":"0","click_from":"tab_55","show_time":1577764800,"stat_data":{"stat_from":"tab_55","stat_type":"feed"}},{"id":1308673,"title":"\u9a6c\u9edb\u8336\u5144\u5f1f\u548c\u5564\u9152\u7537\u56e2\uff0c\u54ea\u4e2a\u624d\u662f\u4f60\u7684\u7231\uff1f","share_title":"\u9a6c\u9edb\u8336\u5144\u5f1f\u548c\u5564\u9152\u7537\u56e2\uff0c\u54ea\u4e2a\u624d\u662f\u4f60\u7684\u7231\uff1f","description":"","b_description":"","comments_total":863,"share":"https:\/\/www.dongqiudi.com\/article\/1308673","thumb":"https:\/\/bdimg1.qunliao.info\/tos-cn-i-j5hyufq5o6\/fastdfs4\/M00\/F8\/8A\/ChNLkl4Kf8KATuNAAAQvHNrtR4g122.jpg~tplv-j5hyufq5o6-crop:280:210.jpeg","top":false,"top_color":"","url":"https:\/\/api.dongqiudi.com\/article\/1308673.html?from=tab_55","url1":"https:\/\/api.dongqiudi.com\/article\/1308673.html?from=tab_55","scheme":"dongqiudi:\/\/\/news\/1308673","is_video":false,"new_video_detail":null,"collection_type":null,"add_to_tab":"0","is_redirect_h5":false,"ignore":"","template":"https://www.dongqiudi.com/api/app/tabs/web/news.html","show_comments":true,"published_at":"2019-12-31 12:00:20","sort_timestamp":1577764820,"channel":"article","label":"\u8f6c\u8f7d","label_color":"#4782c4","changetop":0,"lasttime":1578103508,"relate_type":"0","click_from":"tab_55","show_time":1577747208,"stat_data":{"stat_from":"tab_55","stat_type":"article"}}]}