{"id":57,"label":"\u4e94\u6d32","prev":"https:\/\/api.dongqiudi.com\/app\/tabs\/web\/57.json?before=1578114845","fresh":"https:\/\/api.dongqiudi.com\/app\/tabs\/web\/57.json?action=fresh","next":"https:\/\/api.dongqiudi.com\/app\/tabs\/web\/57.json?after=1578064807&page=2","max":1578114845,"min":1578064807,"page":1,"url":"https:\/\/api.dongqiudi.com\/app\/tabs\/web\/57.json?","articles":[{"id":1311776,"title":"\u6c5f\u82cf\u961f\u65e7\u5c06R\u9a6c\uff1a\u53bb\u6b27\u6d32\u8e22\u7403\u662f\u6bcf\u4e2a\u524d\u950b\u7684\u68a6\u60f3\uff0c\u5bf9\u6211\u6765\u8bf4\u4e5f\u662f","share_title":"\u6c5f\u82cf\u961f\u65e7\u5c06R\u9a6c\uff1a\u53bb\u6b27\u6d32\u8e22\u7403\u662f\u6bcf\u4e2a\u524d\u950b\u7684\u68a6\u60f3\uff0c\u5bf9\u6211\u6765\u8bf4\u4e5f\u662f","description":"","b_description":"","comments_total":4,"share":"https:\/\/www.dongqiudi.com\/article\/1311776","thumb":"https:\/\/bdimg1.qunliao.info\/tos-cn-i-j5hyufq5o6\/fastdfs4\/M00\/F9\/64\/ChMf8F4QG7SAMRn_AADW613PjE8993.jpg~tplv-j5hyufq5o6-crop:280:210.jpeg","top":false,"top_color":"","url":"https:\/\/api.dongqiudi.com\/article\/1311776.html?from=tab_57","url1":"https:\/\/api.dongqiudi.com\/article\/1311776.html?from=tab_57","scheme":"dongqiudi:\/\/\/news\/1311776","is_video":false,"new_video_detail":null,"collection_type":null,"add_to_tab":"0","is_redirect_h5":false,"ignore":"","template":"https://www.dongqiudi.com/api/app/tabs/web/news.html","show_comments":true,"published_at":"2020-01-04 13:14:05","sort_timestamp":1578114845,"channel":"article","changetop":0,"lasttime":1578114929,"relate_type":"0","click_from":"tab_57","show_time":1578114845,"stat_data":{"stat_from":"tab_57","stat_type":"article"}},{"id":1311757,"title":"\u97e9\u56fd\u56fd\u5965\u70ed\u8eab\u8d5b\u6218\u5e73\u6fb3\u5927\u5229\u4e9a\uff0c1\u67089\u65e5\u5728\u5965\u9884\u8d5b\u5c06\u9996\u6218\u4e2d\u56fd\u961f","share_title":"\u97e9\u56fd\u56fd\u5965\u70ed\u8eab\u8d5b\u6218\u5e73\u6fb3\u5927\u5229\u4e9a\uff0c1\u67089\u65e5\u5728\u5965\u9884\u8d5b\u5c06\u9996\u6218\u4e2d\u56fd\u961f","description":"","b_description":"","comments_total":14,"share":"https:\/\/www.dongqiudi.com\/article\/1311757","thumb":"https:\/\/bdimg1.qunliao.info\/tos-cn-i-j5hyufq5o6\/fastdfs4\/M00\/F9\/63\/ChMf8F4QFGmAXTCUAADxfhGLbKc419.jpg~tplv-j5hyufq5o6-crop:280:210.jpeg","top":false,"top_color":"","url":"https:\/\/api.dongqiudi.com\/article\/1311757.html?from=tab_57","url1":"https:\/\/api.dongqiudi.com\/article\/1311757.html?from=tab_57","scheme":"dongqiudi:\/\/\/news\/1311757","is_video":false,"new_video_detail":null,"collection_type":null,"add_to_tab":"0","is_redirect_h5":false,"ignore":"","template":"https://www.dongqiudi.com/api/app/tabs/web/news.html","show_comments":true,"published_at":"2020-01-04 12:29:44","sort_timestamp":1578112184,"channel":"article","changetop":0,"lasttime":1578114909,"relate_type":"0","topic_tags":[{"content":"\u4e1c\u4eac\u5965\u8fd0\u4e4b\u8def","scheme":"dongqiudi:\/\/v3\/topic\/topicDetail?param={\"topicName\":\"\\u4e1c\\u4eac\\u5965\\u8fd0\\u4e4b\\u8def\"}"}],"click_from":"tab_57","show_time":1578112184,"stat_data":{"stat_from":"tab_57","stat_type":"article"}},{"id":1311715,"title":"\u897f\u5a92\uff1a\u7c73\u5170\u4e5f\u5bf9\u5fb7\u62c9\u514b\u65af\u52d2\u611f\u5174\u8da3\uff0c\u613f\u7528\u5e15\u594e\u5854\u4ea4\u6362","share_title":"\u897f\u5a92\uff1a\u7c73\u5170\u4e5f\u5bf9\u5fb7\u62c9\u514b\u65af\u52d2\u611f\u5174\u8da3\uff0c\u613f\u7528\u5e15\u594e\u5854\u4ea4\u6362","description":"","b_description":"","comments_total":94,"share":"https:\/\/www.dongqiudi.com\/article\/1311715","thumb":"https:\/\/bdimg1.qunliao.info\/tos-cn-i-j5hyufq5o6\/fastdfs4\/M00\/F2\/A9\/ChNLkl3qgm2ANrFgAAGyN_hLGbE865.jpg~tplv-j5hyufq5o6-crop:280:210.jpeg","top":false,"top_color":"","url":"https:\/\/api.dongqiudi.com\/article\/1311715.html?from=tab_57","url1":"https:\/\/api.dongqiudi.com\/article\/1311715.html?from=tab_57","scheme":"dongqiudi:\/\/\/news\/1311715","is_video":false,"new_video_detail":null,"collection_type":null,"add_to_tab":"0","is_redirect_h5":false,"ignore":"","template":"https://www.dongqiudi.com/api/app/tabs/web/news.html","show_comments":true,"published_at":"2020-01-04 11:07:09","sort_timestamp":1578107229,"channel":"article","changetop":0,"lasttime":1578110710,"relate_type":"0","click_from":"tab_57","show_time":1578107229,"stat_data":{"stat_from":"tab_57","stat_type":"article"}},{"id":1311711,"title":"\u5df4\u9ece\u5c0f\u5c06\uff1a\u60f3\u5728\u5df4\u9ece\u8d62\u5f97\u4e00\u5207\uff0c\u5e0c\u671b\u672a\u6765\u5165\u9009\u6cd5\u56fd\u56fd\u5bb6\u961f","share_title":"\u5df4\u9ece\u5c0f\u5c06\uff1a\u60f3\u5728\u5df4\u9ece\u8d62\u5f97\u4e00\u5207\uff0c\u5e0c\u671b\u672a\u6765\u5165\u9009\u6cd5\u56fd\u56fd\u5bb6\u961f","description":"","b_description":"","comments_total":20,"share":"https:\/\/www.dongqiudi.com\/article\/1311711","thumb":"https:\/\/csimg2.qunliao.info\/fastdfs4\/M00\/F9\/5C\/280x210\/crop\/-\/ChNLkl4P-2eAUBqQAABW76gZuv8801.jpg","top":false,"top_color":"","url":"https:\/\/api.dongqiudi.com\/article\/1311711.html?from=tab_57","url1":"https:\/\/api.dongqiudi.com\/article\/1311711.html?from=tab_57","scheme":"dongqiudi:\/\/\/news\/1311711","is_video":false,"new_video_detail":null,"collection_type":null,"add_to_tab":"0","is_redirect_h5":false,"ignore":"","template":"https://www.dongqiudi.com/api/app/tabs/web/news.html","show_comments":true,"published_at":"2020-01-04 11:01:52","sort_timestamp":1578106912,"channel":"article","changetop":0,"lasttime":1578108907,"relate_type":"0","click_from":"tab_57","show_time":1578106912,"stat_data":{"stat_from":"tab_57","stat_type":"article"}},{"id":1311707,"title":"\u9b4f\u683c\u5c14\uff1a\u611f\u8c22\u4e0e\u591a\u7279\u5927\u5bb6\u5ead\u5171\u540c\u5ea6\u8fc7\u7684\u7f8e\u597d\u65f6\u5149","share_title":"\u9b4f\u683c\u5c14\uff1a\u611f\u8c22\u4e0e\u591a\u7279\u5927\u5bb6\u5ead\u5171\u540c\u5ea6\u8fc7\u7684\u7f8e\u597d\u65f6\u5149","description":"","b_description":"","comments_total":17,"share":"https:\/\/www.dongqiudi.com\/article\/1311707","thumb":"https:\/\/bdimg1.qunliao.info\/tos-cn-i-j5hyufq5o6\/fastdfs4\/M00\/F9\/5D\/ChNLkl4QADuAGECoAAE6ehRbXi0267.jpg~tplv-j5hyufq5o6-crop:280:210.jpeg","top":false,"top_color":"","url":"https:\/\/api.dongqiudi.com\/article\/1311707.html?from=tab_57","url1":"https:\/\/api.dongqiudi.com\/article\/1311707.html?from=tab_57","scheme":"dongqiudi:\/\/\/news\/1311707","is_video":false,"new_video_detail":null,"collection_type":null,"add_to_tab":"0","is_redirect_h5":false,"ignore":"","template":"https://www.dongqiudi.com/api/app/tabs/web/news.html","show_comments":true,"published_at":"2020-01-04 10:56:17","sort_timestamp":1578106577,"channel":"article","changetop":0,"lasttime":1578108308,"relate_type":"0","click_from":"tab_57","show_time":1578106577,"stat_data":{"stat_from":"tab_57","stat_type":"article"}},{"id":1310347,"title":"2006\u4e16\u754c\u676f\u5e74\u9f50\u8fbe\u5185\u9ad8\u5149\u65f6\u523b\u5206\u6790","share_title":"2006\u4e16\u754c\u676f\u5e74\u9f50\u8fbe\u5185\u9ad8\u5149\u65f6\u523b\u5206\u6790","description":"","b_description":"","comments_total":119,"share":"https:\/\/www.dongqiudi.com\/article\/1310347","thumb":"https:\/\/bdimg1.qunliao.info\/tos-cn-i-j5hyufq5o6\/fastdfs3\/M00\/E0\/AD\/ChONol4OsFiAPl9bAAlajY_MCp4325.jpg~tplv-j5hyufq5o6-crop:280:210.jpeg","top":false,"top_color":"","url":"https:\/\/api.dongqiudi.com\/v2\/feed\/1310347.html?from=tab_57","url1":"https:\/\/api.dongqiudi.com\/v2\/feed\/1310347.html?from=tab_57","scheme":"dongqiudi:\/\/\/feed\/1310347","is_video":false,"new_video_detail":null,"collection_type":null,"add_to_tab":"0","is_redirect_h5":false,"ignore":"","template":"https://www.dongqiudi.com/api/app/tabs/web/feed.html","show_comments":true,"published_at":"2020-01-04 10:54:44","sort_timestamp":1578106484,"author":{"name":"\u8db3\u7403\u4e4b\u8def","bg_image":"","user_id":2551632,"avatar":"https:\/\/bdimg2.qunliao.info\/tos-cn-i-j5hyufq5o6\/fastdfs\/M00\/03\/1A\/ooYBAFeyuRGARJFCAAANGFpBQ-U554.jpg~tplv-j5hyufq5o6-scaleimage:100:0.image","icon":"https:\/\/bdimg2.qunliao.info\/tos-cn-i-j5hyufq5o6\/fastdfs\/M00\/03\/1A\/ooYBAFeyuRGARJFCAAANGFpBQ-U554.jpg~tplv-j5hyufq5o6-scaleimage:100:0.image","level":"normal","medal_url":"","hide_declaration":"","scheme":"dongqiudi:\/\/v1\/user\/index\/2551632"},"channel":"feed","changetop":0,"lasttime":1578110111,"relate_type":"0","click_from":"tab_57","show_time":1578106484,"stat_data":{"stat_from":"tab_57","stat_type":"feed"}},{"id":1311704,"title":"\u524d\u88c1\u5224\u4e3a\u513f\u5b50\u53d6\u540d\u201c\u4f2f\u7eb3\u4e4c\u201d\uff0c\u539f\u56e0\u662f\u6cb3\u5e8a\u5728\u8fd9\u91cc\u51fb\u8d25\u535a\u5361\u593a\u51a0","share_title":"\u524d\u88c1\u5224\u4e3a\u513f\u5b50\u53d6\u540d\u201c\u4f2f\u7eb3\u4e4c\u201d\uff0c\u539f\u56e0\u662f\u6cb3\u5e8a\u5728\u8fd9\u91cc\u51fb\u8d25\u535a\u5361\u593a\u51a0","description":"","b_description":"","comments_total":153,"share":"https:\/\/www.dongqiudi.com\/article\/1311704","thumb":"https:\/\/csimg2.qunliao.info\/fastdfs4\/M00\/F9\/5E\/280x210\/crop\/-\/ChMf8F4P-fmAN8mBAADEeTZ4DHY852.jpg","top":false,"top_color":"","url":"https:\/\/api.dongqiudi.com\/article\/1311704.html?from=tab_57","url1":"https:\/\/api.dongqiudi.com\/article\/1311704.html?from=tab_57","scheme":"dongqiudi:\/\/\/news\/1311704","is_video":false,"new_video_detail":null,"collection_type":null,"add_to_tab":"0","is_redirect_h5":false,"ignore":"","template":"https://www.dongqiudi.com/api/app/tabs/web/news.html","show_comments":true,"published_at":"2020-01-04 10:45:32","sort_timestamp":1578105932,"channel":"article","changetop":0,"lasttime":1578113270,"relate_type":"0","click_from":"tab_57","show_time":1578105932,"stat_data":{"stat_from":"tab_57","stat_type":"article"}},{"id":1311696,"title":"\u606d\u559c\u5361\u9a6c\u62c9\u5165\u9009\u6b27\u51a050\u5927\u660e\u65e5\u4e4b\u661f\u540d\u5355!\u5168\u4f53\u8d5b\u8ff7\u5c31...","share_title":"\u606d\u559c\u5361\u9a6c\u62c9\u5165\u9009\u6b27\u51a050\u5927\u660e\u65e5\u4e4b\u661f\u540d\u5355!\u5168\u4f53\u8d5b\u8ff7\u5c31...","description":"","b_description":"","comments_total":0,"share":"https:\/\/n.dongqiudi.com\/webapp\/tops.html?id=1311696","thumb":"https:\/\/csimg2.qunliao.info\/fastdfs3\/M00\/E0\/CE\/280x210\/crop\/-\/ChONol4P-CqAZKJHAAjJ9CgPSes37.jpeg","top":false,"top_color":"","url":"https:\/\/api.dongqiudi.com\/v2\/feed\/1311696.html?from=tab_57","url1":"https:\/\/api.dongqiudi.com\/v2\/feed\/1311696.html?from=tab_57","scheme":"dongqiudi:\/\/\/news\/1311696","is_video":false,"new_video_detail":null,"collection_type":null,"add_to_tab":"0","is_redirect_h5":false,"ignore":"","template":"https://www.dongqiudi.com/api/app/tabs/web/top.html","show_comments":true,"published_at":"2020-01-04 10:28:53","sort_timestamp":1578104933,"author":{"name":"\u9a6c\u8d5b\u8db3\u7403\u4ff1\u4e50\u90e8","bg_image":"","user_id":12295306,"avatar":"https:\/\/bdimg2.qunliao.info\/tos-cn-i-j5hyufq5o6\/fastdfs3\/M00\/A4\/71\/ChO2w10cgjKAM_eoAACNUyBaX_c476.jpg~tplv-j5hyufq5o6-scaleimage:100:0.image","icon":"https:\/\/bdimg2.qunliao.info\/tos-cn-i-j5hyufq5o6\/fastdfs3\/M00\/A4\/71\/ChO2w10cgjKAM_eoAACNUyBaX_c476.jpg~tplv-j5hyufq5o6-scaleimage:100:0.image","level":"normal","medal_url":"https:\/\/img1.dongqiudi.com\/fastdfs1\/M00\/63\/B3\/o4YBAFj5pYKAetOzAAAGhNXa-yY637.png","hide_declaration":"","scheme":"dongqiudi:\/\/v1\/user\/index\/12295306","newpendant":[{"url":"https:\/\/img1.qunliao.info\/fastdfs4\/M00\/CB\/54\/ChMf8F1AGvaAeLARAAAF2RP93Bs240.png","title":"","type":"identity","width":42,"height":42,"scheme":"","level":"1","from":"ident"},{"url":"https:\/\/sd.qunliao.info\/fastdfs3\/M00\/B5\/76\/ChOxM1xC2HeAUivXAAANTuRcxd0959.png","title":"","type":"fav","width":42,"height":42,"scheme":"","level":2,"from":"hometeam"}],"medal_desc":"\u9a6c\u8d5b\u8db3\u7403\u4ff1\u4e50\u90e8\u5b98\u65b9\u8d26\u53f7"},"mini_top_content":{"content":"\u606d\u559c\u5361\u9a6c\u62c9\u5165\u9009\u6b27\u51a050\u5927\u660e\u65e5\u4e4b\u661f\u540d\u5355!\u5168\u4f53\u8d5b\u8ff7\u5c31\u7eea\uff0c\u5b88\u62a4\u6211\u4eec\u6700\u597d\u7684\u5361\u9a6c\u62c9\u3002","image_total":1,"images":[{"url":"https:\/\/csimg2.qunliao.info\/fastdfs3\/M00\/E0\/CE\/ChONol4P-CqAZKJHAAjJ9CgPSes37.jpeg","size":8,"width":1080,"height":1350,"mime":"image\/jpeg","thumb":"https:\/\/csimg2.qunliao.info\/fastdfs3\/M00\/E0\/CE\/400x-\/-\/-\/ChONol4P-CqAZKJHAAjJ9CgPSes37.jpeg?imageView2\/1\/format\/jpg"}],"praise_total":3},"channel":"mini_top","changetop":0,"lasttime":1578106808,"relate_type":"0","share_data":{"url":"https:\/\/n.dongqiudi.com\/webapp\/tops.html?id=1311696","title":"\u606d\u559c\u5361\u9a6c\u62c9\u5165\u9009\u6b27\u51a050\u5927\u660e\u65e5\u4e4b\u661f\u540d\u5355!\u5168\u4f53\u8d5b\u8ff7\u5c31...","content":"\u66f4\u591a\u7cbe\u5f69\u5185\u5bb9\uff0c\u5c3d\u5728\u61c2\u7403\u5e1d","share_thumb_url":"https:\/\/csimg2.qunliao.info\/fastdfs3\/M00\/E0\/CE\/ChONol4P-CqAZKJHAAjJ9CgPSes37.jpeg"},"click_from":"tab_57","show_time":1578104933,"stat_data":{"stat_from":"tab_57","stat_type":"mini_top"}},{"id":1311686,"title":"\u961f\u62a5\uff1a\u5df4\u9ece\u88ab\u66fc\u8054\u9006\u8f6c\u8ba9\u5185\u9a6c\u5c14\u51b3\u5b9a\u79bb\u5f00","share_title":"\u961f\u62a5\uff1a\u5df4\u9ece\u88ab\u66fc\u8054\u9006\u8f6c\u8ba9\u5185\u9a6c\u5c14\u51b3\u5b9a\u79bb\u5f00","description":"","b_description":"","comments_total":340,"share":"https:\/\/www.dongqiudi.com\/article\/1311686","thumb":"https:\/\/csimg2.qunliao.info\/fastdfs4\/M00\/F9\/5D\/280x210\/crop\/-\/ChMf8F4P8YKAUWt5AAEHmSqeOaI214.jpg","top":false,"top_color":"","url":"https:\/\/api.dongqiudi.com\/article\/1311686.html?from=tab_57","url1":"https:\/\/api.dongqiudi.com\/article\/1311686.html?from=tab_57","scheme":"dongqiudi:\/\/\/news\/1311686","is_video":false,"new_video_detail":null,"collection_type":null,"add_to_tab":"0","is_redirect_h5":false,"ignore":"","template":"https://www.dongqiudi.com/api/app/tabs/web/news.html","show_comments":true,"published_at":"2020-01-04 10:20:15","sort_timestamp":1578104415,"channel":"article","changetop":0,"lasttime":1578108314,"relate_type":"0","click_from":"tab_57","show_time":1578104415,"stat_data":{"stat_from":"tab_57","stat_type":"article"}},{"id":1311680,"title":"\u52a0\u5c14\u8482\u8036\u56de\u5e94\u7687\u9a6c\u770b\u4e0a\u91cc\u5c14\u961f\u5458\u4f20\u95fb\uff1a\u5a92\u4f53\u8bf4\u7684\u4e8b\u6211\u4e0d\u611f\u5174\u8da3","share_title":"\u52a0\u5c14\u8482\u8036\u56de\u5e94\u7687\u9a6c\u770b\u4e0a\u91cc\u5c14\u961f\u5458\u4f20\u95fb\uff1a\u5a92\u4f53\u8bf4\u7684\u4e8b\u6211\u4e0d\u611f\u5174\u8da3","description":"","b_description":"","comments_total":1,"share":"https:\/\/www.dongqiudi.com\/article\/1311680","thumb":"https:\/\/bdimg1.qunliao.info\/tos-cn-i-j5hyufq5o6\/fastdfs3\/M00\/E0\/CE\/ChONol4P9B6ABJh7AADFMtsMvl0890.JPG~tplv-j5hyufq5o6-crop:280:210.jpeg","top":false,"top_color":"","url":"https:\/\/api.dongqiudi.com\/v2\/feed\/1311680.html?from=tab_57","url1":"https:\/\/api.dongqiudi.com\/v2\/feed\/1311680.html?from=tab_57","scheme":"dongqiudi:\/\/\/feed\/1311680","is_video":false,"new_video_detail":null,"collection_type":null,"add_to_tab":"0","is_redirect_h5":false,"ignore":"","template":"https://www.dongqiudi.com/api/app/tabs/web/feed.html","show_comments":true,"published_at":"2020-01-04 10:14:14","sort_timestamp":1578104054,"author":{"name":"\u6cd5\u7532\u91cc\u5c14\u4ff1\u4e50\u90e8","bg_image":"","user_id":11227525,"avatar":"https:\/\/bdimg2.qunliao.info\/tos-cn-i-j5hyufq5o6\/fastdfs3\/M00\/BF\/AF\/180x180\/crop\/-\/ChOxM1xRMomAU4d3AADa8BV02Bs662.jpg~tplv-j5hyufq5o6-scaleimage:100:0.image","icon":"https:\/\/bdimg2.qunliao.info\/tos-cn-i-j5hyufq5o6\/fastdfs3\/M00\/BF\/AF\/180x180\/crop\/-\/ChOxM1xRMomAU4d3AADa8BV02Bs662.jpg~tplv-j5hyufq5o6-scaleimage:100:0.image","level":"normal","medal_url":"https:\/\/img1.dongqiudi.com\/fastdfs1\/M00\/63\/B3\/o4YBAFj5pYKAetOzAAAGhNXa-yY637.png","hide_declaration":"","scheme":"dongqiudi:\/\/v1\/user\/index\/11227525"},"channel":"feed","changetop":0,"lasttime":1578105907,"relate_type":"0","click_from":"tab_57","show_time":1578104054,"stat_data":{"stat_from":"tab_57","stat_type":"feed"}},{"id":1311670,"title":"\u6765\u81ea\u8c22\u5361\u5c0f\u54e5\u54e5\u4eb2\u4eb2\uff0c\u795d\u4f60\u6709\u4e2a\u6109\u5feb\u7684\u5468\u672b","share_title":"\u6765\u81ea\u8c22\u5361\u5c0f\u54e5\u54e5\u4eb2\u4eb2\uff0c\u795d\u4f60\u6709\u4e2a\u6109\u5feb\u7684\u5468\u672b","description":"","b_description":"","comments_total":0,"share":"https:\/\/www.dongqiudi.com\/article\/1311670","thumb":"https:\/\/bdimg1.qunliao.info\/tos-cn-i-j5hyufq5o6\/fastdfs3\/M00\/E0\/CC\/ChO2w14P7ISADNvoAACnqoPbWd0553.JPG~tplv-j5hyufq5o6-crop:280:210.jpeg","top":false,"top_color":"","url":"https:\/\/api.dongqiudi.com\/v2\/feed\/1311670.html?from=tab_57","url1":"https:\/\/api.dongqiudi.com\/v2\/feed\/1311670.html?from=tab_57","scheme":"dongqiudi:\/\/\/feed_video_detail\/1311670","is_video":true,"new_video_detail":1,"collection_type":null,"add_to_tab":"0","is_redirect_h5":false,"ignore":"","video_info":{"video_src":"https:\/\/img.qunliao.info\/Jy8Y52h7_9461018751.mp4","video_hash":"da9e5fb6a4328c5b60b0e4a8ec1a8516","video_time":"00:09","video_mode":"player","video_width":480,"video_height":480,"visit_total":798,"vertical_screen":0,"size":1,"video_scheme":"dongqiudi:\/\/v1\/videoFullscreen\/article\/1311670","video_image":"https:\/\/img.qunliao.info\/Jy8Y52h7_9461018751.mp4?vframe\/jpg\/offset\/1","vid":"v028403b0000bo7urao2saj3tem6qhk0","vid_token":"https:\/\/vod.bytedanceapi.com\/?Action=GetPlayInfo&Version=2019-03-15&video_id=v028403b0000bo7urao2saj3tem6qhk0&X-Amz-Expires=31622400&X-Amz-Date=20200104T014507Z&X-Amz-Algorithm=AWS4-HMAC-SHA256&X-Amz-Credential=AKLTZTI4ZjVjYzJjYTVmNDc2Yzg1ZjIxNmI2YzViYTcxODI%2F20200104%2Fcn-north-1%2Fvod%2Faws4_request&X-Amz-SignedHeaders=&X-Amz-SignedQueries=Action%3BVersion%3BX-Amz-Algorithm%3BX-Amz-Credential%3BX-Amz-Date%3BX-Amz-Expires%3BX-Amz-SignedHeaders%3Bvideo_id&X-Amz-Signature=69dbace4db98adbb0786f1f31cd8be0fc31880b621dc06a26d9ea5ab1839b5c3"},"cover":{"pic":"https:\/\/img1.qunliao.info\/fastdfs3\/M00\/E0\/CC\/640x400\/-\/-\/ChO2w14P7ISADNvoAACnqoPbWd0553.JPG"},"template":"https://www.dongqiudi.com/api/app/tabs/web/feed.html","show_comments":true,"published_at":"2020-01-04 09:43:05","sort_timestamp":1578102185,"author":{"name":"\u6cd5\u7532\u91cc\u5c14\u4ff1\u4e50\u90e8","bg_image":"","user_id":11227525,"avatar":"https:\/\/bdimg2.qunliao.info\/tos-cn-i-j5hyufq5o6\/fastdfs3\/M00\/BF\/AF\/180x180\/crop\/-\/ChOxM1xRMomAU4d3AADa8BV02Bs662.jpg~tplv-j5hyufq5o6-scaleimage:100:0.image","icon":"https:\/\/bdimg2.qunliao.info\/tos-cn-i-j5hyufq5o6\/fastdfs3\/M00\/BF\/AF\/180x180\/crop\/-\/ChOxM1xRMomAU4d3AADa8BV02Bs662.jpg~tplv-j5hyufq5o6-scaleimage:100:0.image","level":"normal","medal_url":"https:\/\/img1.dongqiudi.com\/fastdfs1\/M00\/63\/B3\/o4YBAFj5pYKAetOzAAAGhNXa-yY637.png","hide_declaration":"","scheme":"dongqiudi:\/\/v1\/user\/index\/11227525"},"channel":"feed_video","extend":["cover"],"changetop":0,"lasttime":1578104409,"relate_type":"0","click_from":"tab_57","show_time":1578102185,"stat_data":{"stat_from":"tab_57","stat_type":"feed_video"}},{"id":1311629,"title":"\u5b98\u65b9\uff1a\u610f\u5927\u5229\u524d\u56fd\u811a\u5361\u83ab\u62c9\u5185\u897f\u6267\u6559\u65af\u6d1b\u6587\u5c3c\u4e9a\u7403\u961f","share_title":"\u5b98\u65b9\uff1a\u610f\u5927\u5229\u524d\u56fd\u811a\u5361\u83ab\u62c9\u5185\u897f\u6267\u6559\u65af\u6d1b\u6587\u5c3c\u4e9a\u7403\u961f","description":"","b_description":"","comments_total":127,"share":"https:\/\/www.dongqiudi.com\/article\/1311629","thumb":"https:\/\/csimg2.qunliao.info\/fastdfs4\/M00\/F9\/58\/280x210\/crop\/-\/ChMf8F4PqMKAIagtAAGFumRHGn4708.jpg","top":false,"top_color":"","url":"https:\/\/api.dongqiudi.com\/article\/1311629.html?from=tab_57","url1":"https:\/\/api.dongqiudi.com\/article\/1311629.html?from=tab_57","scheme":"dongqiudi:\/\/\/news\/1311629","is_video":false,"new_video_detail":null,"collection_type":null,"add_to_tab":"0","is_redirect_h5":false,"ignore":"","template":"https://www.dongqiudi.com/api/app/tabs/web/news.html","show_comments":true,"published_at":"2020-01-04 04:51:25","sort_timestamp":1578084685,"channel":"article","changetop":0,"lasttime":1578093306,"relate_type":"0","click_from":"tab_57","show_time":1578084685,"stat_data":{"stat_from":"tab_57","stat_type":"article"}},{"id":1311626,"title":"\u52a0\u62c9\u5854\u8428\u96f7\u5b98\u65b9\uff1a\u7403\u961f\u5728\u8fdb\u884c\u83b1\u6bd4\u9521\u540e\u536b\u8428\u62c9\u57fa\u7684\u8f6c\u4f1a\u8c08\u5224","share_title":"\u52a0\u62c9\u5854\u8428\u96f7\u5b98\u65b9\uff1a\u7403\u961f\u5728\u8fdb\u884c\u83b1\u6bd4\u9521\u540e\u536b\u8428\u62c9\u57fa\u7684\u8f6c\u4f1a\u8c08\u5224","description":"","b_description":"","comments_total":3,"share":"https:\/\/www.dongqiudi.com\/article\/1311626","thumb":"https:\/\/bdimg1.qunliao.info\/tos-cn-i-j5hyufq5o6\/fastdfs4\/M00\/F9\/58\/ChMf8F4Po1iAbWSbAABw-SPkgPo116.jpg~tplv-j5hyufq5o6-crop:280:210.jpeg","top":false,"top_color":"","url":"https:\/\/api.dongqiudi.com\/article\/1311626.html?from=tab_57","url1":"https:\/\/api.dongqiudi.com\/article\/1311626.html?from=tab_57","scheme":"dongqiudi:\/\/\/news\/1311626","is_video":false,"new_video_detail":null,"collection_type":null,"add_to_tab":"0","is_redirect_h5":false,"ignore":"","template":"https://www.dongqiudi.com/api/app/tabs/web/news.html","show_comments":true,"published_at":"2020-01-04 04:27:33","sort_timestamp":1578083253,"channel":"article","changetop":0,"lasttime":1578092406,"relate_type":"0","click_from":"tab_57","show_time":1578083253,"stat_data":{"stat_from":"tab_57","stat_type":"article"}},{"id":1311623,"title":"\u5fb7\u8f6c\u571f\u8d85\u66f4\u65b0\uff1a\u7279\u62c9\u5e03\u5b97\u4f53\u80b2\u4e2d\u573a\u5c45\u9996\uff0c\u6069\u5b97\u9f50\u6392\u5728\u7b2c2","share_title":"\u5fb7\u8f6c\u571f\u8d85\u66f4\u65b0\uff1a\u7279\u62c9\u5e03\u5b97\u4f53\u80b2\u4e2d\u573a\u5c45\u9996\uff0c\u6069\u5b97\u9f50\u6392\u5728\u7b2c2","description":"","b_description":"","comments_total":5,"share":"https:\/\/www.dongqiudi.com\/article\/1311623","thumb":"https:\/\/bdimg1.qunliao.info\/tos-cn-i-j5hyufq5o6\/fastdfs4\/M00\/F9\/58\/ChMf8F4PnPuAK0b3AACUDc0IRjg381.jpg~tplv-j5hyufq5o6-crop:280:210.jpeg","top":false,"top_color":"","url":"https:\/\/api.dongqiudi.com\/article\/1311623.html?from=tab_57","url1":"https:\/\/api.dongqiudi.com\/article\/1311623.html?from=tab_57","scheme":"dongqiudi:\/\/\/news\/1311623","is_video":false,"new_video_detail":null,"collection_type":null,"add_to_tab":"0","is_redirect_h5":false,"ignore":"","template":"https://www.dongqiudi.com/api/app/tabs/web/news.html","show_comments":true,"published_at":"2020-01-04 04:02:01","sort_timestamp":1578081721,"channel":"article","changetop":0,"lasttime":1578088208,"relate_type":"0","click_from":"tab_57","show_time":1578081721,"stat_data":{"stat_from":"tab_57","stat_type":"article"}},{"id":1311618,"title":"\u54c0\u60bc\uff0c\u7518\u518823\u5c81\u524d\u950b\u5c24\u5170\u56e0\u8f66\u7978\u4e0d\u5e78\u79bb\u4e16","share_title":"\u54c0\u60bc\uff0c\u7518\u518823\u5c81\u524d\u950b\u5c24\u5170\u56e0\u8f66\u7978\u4e0d\u5e78\u79bb\u4e16","description":"","b_description":"","comments_total":403,"share":"https:\/\/www.dongqiudi.com\/article\/1311618","thumb":"https:\/\/bdimg1.qunliao.info\/tos-cn-i-j5hyufq5o6\/fastdfs4\/M00\/F9\/56\/ChNLkl4PmHGARB5gAAHT8FEom_0800.jpg~tplv-j5hyufq5o6-crop:280:210.jpeg","top":false,"top_color":"","url":"https:\/\/api.dongqiudi.com\/article\/1311618.html?from=tab_57","url1":"https:\/\/api.dongqiudi.com\/article\/1311618.html?from=tab_57","scheme":"dongqiudi:\/\/\/news\/1311618","is_video":false,"new_video_detail":null,"collection_type":null,"add_to_tab":"0","is_redirect_h5":false,"ignore":"","template":"https://www.dongqiudi.com/api/app/tabs/web/news.html","show_comments":true,"published_at":"2020-01-04 03:40:42","sort_timestamp":1578080442,"channel":"article","changetop":0,"lasttime":1578105113,"relate_type":"0","click_from":"tab_57","show_time":1578080442,"stat_data":{"stat_from":"tab_57","stat_type":"article"}},{"id":1311611,"title":"\u90fd\u4f53\uff1a\u63d0\u9ad8\u62a5\u4ef7\uff0c\u56fd\u9645\u7c73\u5170\u4f9d\u7136\u60f3\u8981\u963f\u5e93\u5c3c\u4e9a","share_title":"\u90fd\u4f53\uff1a\u63d0\u9ad8\u62a5\u4ef7\uff0c\u56fd\u9645\u7c73\u5170\u4f9d\u7136\u60f3\u8981\u963f\u5e93\u5c3c\u4e9a","description":"","b_description":"","comments_total":56,"share":"https:\/\/www.dongqiudi.com\/article\/1311611","thumb":"https:\/\/csimg2.qunliao.info\/fastdfs4\/M00\/F9\/55\/280x210\/crop\/-\/ChNLkl4PjJ6AN-gWAAB52VphPRU696.jpg","top":false,"top_color":"","url":"https:\/\/api.dongqiudi.com\/article\/1311611.html?from=tab_57","url1":"https:\/\/api.dongqiudi.com\/article\/1311611.html?from=tab_57","scheme":"dongqiudi:\/\/\/news\/1311611","is_video":false,"new_video_detail":null,"collection_type":null,"add_to_tab":"0","is_redirect_h5":false,"ignore":"","template":"https://www.dongqiudi.com/api/app/tabs/web/news.html","show_comments":true,"published_at":"2020-01-04 02:51:39","sort_timestamp":1578077499,"channel":"article","changetop":0,"lasttime":1578085507,"relate_type":"0","click_from":"tab_57","show_time":1578077499,"stat_data":{"stat_from":"tab_57","stat_type":"article"}},{"id":1311601,"title":"\u7c73\u4f53\u8bb0\u8005\uff1a\u4f0a\u6717\u5fb7\u9ed1\u5170\u72ec\u7acb\u60f3\u8981\u5df4\u897f\u524d\u56fd\u811a\u7f57\u6bd4\u5c3c\u5965","share_title":"\u7c73\u4f53\u8bb0\u8005\uff1a\u4f0a\u6717\u5fb7\u9ed1\u5170\u72ec\u7acb\u60f3\u8981\u5df4\u897f\u524d\u56fd\u811a\u7f57\u6bd4\u5c3c\u5965","description":"","b_description":"","comments_total":75,"share":"https:\/\/www.dongqiudi.com\/article\/1311601","thumb":"https:\/\/bdimg1.qunliao.info\/tos-cn-i-j5hyufq5o6\/fastdfs4\/M00\/F9\/55\/ChNLkl4PhxWARqoTAACHIhD1PhA108.jpg~tplv-j5hyufq5o6-crop:280:210.jpeg","top":false,"top_color":"","url":"https:\/\/api.dongqiudi.com\/article\/1311601.html?from=tab_57","url1":"https:\/\/api.dongqiudi.com\/article\/1311601.html?from=tab_57","scheme":"dongqiudi:\/\/\/news\/1311601","is_video":false,"new_video_detail":null,"collection_type":null,"add_to_tab":"0","is_redirect_h5":false,"ignore":"","template":"https://www.dongqiudi.com/api/app/tabs/web/news.html","show_comments":true,"published_at":"2020-01-04 02:27:39","sort_timestamp":1578076059,"channel":"article","changetop":0,"lasttime":1578098984,"relate_type":"0","click_from":"tab_57","show_time":1578076059,"stat_data":{"stat_from":"tab_57","stat_type":"article"}},{"id":1311573,"title":"\u73af\u7403\u4f53\u80b2\uff1a3500\u4e07\u6b27\u5143\uff0c\u7687\u9a6c\u63a5\u8fd1\u7b7e\u4e0b\u96f7\u5c3c\u5c14","share_title":"\u73af\u7403\u4f53\u80b2\uff1a3500\u4e07\u6b27\u5143\uff0c\u7687\u9a6c\u63a5\u8fd1\u7b7e\u4e0b\u96f7\u5c3c\u5c14","description":"","b_description":"","comments_total":425,"share":"https:\/\/www.dongqiudi.com\/article\/1311573","thumb":"https:\/\/bdimg1.qunliao.info\/tos-cn-i-j5hyufq5o6\/fastdfs4\/M00\/F9\/53\/ChMf8F4PayOANhiCAABewFQVSV0210.jpg~tplv-j5hyufq5o6-crop:280:210.jpeg","top":false,"top_color":"","url":"https:\/\/api.dongqiudi.com\/article\/1311573.html?from=tab_57","url1":"https:\/\/api.dongqiudi.com\/article\/1311573.html?from=tab_57","scheme":"dongqiudi:\/\/\/news\/1311573","is_video":false,"new_video_detail":null,"collection_type":null,"add_to_tab":"0","is_redirect_h5":false,"ignore":"","template":"https://www.dongqiudi.com/api/app/tabs/web/news.html","show_comments":true,"published_at":"2020-01-04 00:27:42","sort_timestamp":1578068862,"channel":"article","changetop":0,"lasttime":1578111933,"relate_type":"0","click_from":"tab_57","show_time":1578068862,"stat_data":{"stat_from":"tab_57","stat_type":"article"}},{"id":1311560,"title":"\u8d39\u8036\u8bfa\u5fb7\u5b98\u65b9\uff1a\u4f53\u80fd\u6559\u7ec3\u79bb\u961f\uff0c\u5c06\u8ddf\u968f\u8303\u5e03\u9686\u514b\u970d\u65af\u7279\u52a0\u76df\u5bcc\u529b","share_title":"\u8d39\u8036\u8bfa\u5fb7\u5b98\u65b9\uff1a\u4f53\u80fd\u6559\u7ec3\u79bb\u961f\uff0c\u5c06\u8ddf\u968f\u8303\u5e03\u9686\u514b\u970d\u65af\u7279\u52a0\u76df\u5bcc\u529b","description":"","b_description":"","comments_total":81,"share":"https:\/\/www.dongqiudi.com\/article\/1311560","thumb":"https:\/\/csimg2.qunliao.info\/fastdfs4\/M00\/F9\/50\/280x210\/crop\/-\/ChNLkl4PZvKAPjCcABab46ogOqg621.jpg","top":false,"top_color":"","url":"https:\/\/api.dongqiudi.com\/article\/1311560.html?from=tab_57","url1":"https:\/\/api.dongqiudi.com\/article\/1311560.html?from=tab_57","scheme":"dongqiudi:\/\/\/news\/1311560","is_video":false,"new_video_detail":null,"collection_type":null,"add_to_tab":"0","is_redirect_h5":false,"ignore":"","template":"https://www.dongqiudi.com/api/app/tabs/web/news.html","show_comments":true,"published_at":"2020-01-04 00:09:28","sort_timestamp":1578067768,"channel":"article","changetop":0,"lasttime":1578111232,"relate_type":"0","click_from":"tab_57","show_time":1578067768,"stat_data":{"stat_from":"tab_57","stat_type":"article"}},{"id":1311538,"title":"\u5b98\u65b9\uff1a\u6469\u7eb3\u54e5\u6b63\u5f0f\u7b7e\u4e0b\u8d1d\u5c14\u683c\u83b1\u5fb7\u6e38\u51fb\u961f\u540e\u536b\u5e15\u592b\u6d1b\u7ef4\u5947","share_title":"\u5b98\u65b9\uff1a\u6469\u7eb3\u54e5\u6b63\u5f0f\u7b7e\u4e0b\u8d1d\u5c14\u683c\u83b1\u5fb7\u6e38\u51fb\u961f\u540e\u536b\u5e15\u592b\u6d1b\u7ef4\u5947","description":"","b_description":"","comments_total":10,"share":"https:\/\/www.dongqiudi.com\/article\/1311538","thumb":"https:\/\/bdimg1.qunliao.info\/tos-cn-i-j5hyufq5o6\/fastdfs4\/M00\/F9\/51\/ChMf8F4PWz2AOcIXAAGyzXrylnY415.jpg~tplv-j5hyufq5o6-crop:280:210.jpeg","top":false,"top_color":"","url":"https:\/\/api.dongqiudi.com\/article\/1311538.html?from=tab_57","url1":"https:\/\/api.dongqiudi.com\/article\/1311538.html?from=tab_57","scheme":"dongqiudi:\/\/\/news\/1311538","is_video":false,"new_video_detail":null,"collection_type":null,"add_to_tab":"0","is_redirect_h5":false,"ignore":"","template":"https://www.dongqiudi.com/api/app/tabs/web/news.html","show_comments":true,"published_at":"2020-01-03 23:20:08","sort_timestamp":1578064808,"channel":"article","changetop":0,"lasttime":1578067215,"relate_type":"0","click_from":"tab_57","show_time":1578064808,"stat_data":{"stat_from":"tab_57","stat_type":"article"}}]}