{"id":6,"label":"\u5fb7\u7532","prev":"https:\/\/api.dongqiudi.com\/app\/tabs\/web\/6.json?before=1578113319","fresh":"https:\/\/api.dongqiudi.com\/app\/tabs\/web\/6.json?action=fresh","next":"https:\/\/api.dongqiudi.com\/app\/tabs\/web\/6.json?after=1578083252&page=2","max":1578113319,"min":1578083252,"page":1,"url":"https:\/\/api.dongqiudi.com\/app\/tabs\/web\/6.json?","articles":[{"id":1311765,"title":"\u867e\u4ec1\u732a\u5fc3\uff01\u73a9\u6e38\u620f\u83b7\u80dc\uff0c\u963f\u62c9\u5df4\u6492\u76d0\u5e86\u795d\u5632\u8bbd\u683c\u7eb3\u5e03\u91cc","share_title":"\u867e\u4ec1\u732a\u5fc3\uff01\u73a9\u6e38\u620f\u83b7\u80dc\uff0c\u963f\u62c9\u5df4\u6492\u76d0\u5e86\u795d\u5632\u8bbd\u683c\u7eb3\u5e03\u91cc","b_description":"","comments_total":13,"share":"https:\/\/www.dongqiudi.com\/article\/1311765","thumb":"https:\/\/csimg2.qunliao.info\/fastdfs4\/M00\/F9\/61\/280x210\/crop\/-\/ChNLkl4QGC6ARuibAAGS6oj6nJ0963.png","top":false,"top_color":"","url":"https:\/\/api.dongqiudi.com\/article\/1311765.html?from=tab_6","url1":"https:\/\/api.dongqiudi.com\/article\/1311765.html?from=tab_6","scheme":"dongqiudi:\/\/\/video_detail\/1311765","is_video":true,"new_video_detail":1,"collection_type":null,"add_to_tab":null,"is_redirect_h5":false,"ignore":"","video_info":{"video_src":"https:\/\/img.qunliao.info\/RaDiLVWn_6482118751.mp4","video_hash":"6775b01bcfb356b8fb075afd70fadef9","video_time":"00:21","video_mode":"player","video_width":288,"video_height":368,"visit_total":73199,"vertical_screen":0,"size":2,"video_scheme":"dongqiudi:\/\/v1\/videoFullscreen\/article\/1311765","video_image":"https:\/\/img.qunliao.info\/RaDiLVWn_6482118751.mp4?vframe\/jpg\/offset\/1","vid":"v02840190000bo81ib3rh3pa3ucjk6kg","vid_token":"https:\/\/vod.bytedanceapi.com\/?Action=GetPlayInfo&Version=2019-03-15&video_id=v02840190000bo81ib3rh3pa3ucjk6kg&X-Amz-Expires=31622400&X-Amz-Date=20200104T045042Z&X-Amz-Algorithm=AWS4-HMAC-SHA256&X-Amz-Credential=AKLTZTI4ZjVjYzJjYTVmNDc2Yzg1ZjIxNmI2YzViYTcxODI%2F20200104%2Fcn-north-1%2Fvod%2Faws4_request&X-Amz-SignedHeaders=&X-Amz-SignedQueries=Action%3BVersion%3BX-Amz-Algorithm%3BX-Amz-Credential%3BX-Amz-Date%3BX-Amz-Expires%3BX-Amz-SignedHeaders%3Bvideo_id&X-Amz-Signature=838d8019424658e0e583062ed094dfeb7ca9cda2b96c1e4b24f6a3ce4ca181b5"},"cover":{"pic":"https:\/\/img1.qunliao.info\/fastdfs4\/M00\/F9\/61\/640x400\/-\/-\/ChNLkl4QGC6ARuibAAGS6oj6nJ0963.png"},"template":"https://www.dongqiudi.com/api/app/tabs/web/top.html","show_comments":true,"published_at":"2020-01-04 12:48:39","sort_timestamp":1578113319,"channel":"video","extend":["cover"],"changetop":0,"lasttime":1578114903,"relate_type":"0","description":"","click_from":"tab_6","show_time":1578113319,"stat_data":{"stat_from":"tab_6","stat_type":"video"}},{"id":1311763,"title":"\u4f50\u5c14\u514b\uff1a\u4e0d\u5e0c\u671b\u4eba\u4eec\u7ed9\u54c8\u5170\u5fb7\u80cc\u4e0a\u5305\u88b1\uff0c\u4f46\u4e0d\u6392\u9664\u4f1a\u6709\u7403\u5458\u79bb\u5f00","share_title":"\u4f50\u5c14\u514b\uff1a\u4e0d\u5e0c\u671b\u4eba\u4eec\u7ed9\u54c8\u5170\u5fb7\u80cc\u4e0a\u5305\u88b1\uff0c\u4f46\u4e0d\u6392\u9664\u4f1a\u6709\u7403\u5458\u79bb\u5f00","description":"","b_description":"","comments_total":10,"share":"https:\/\/www.dongqiudi.com\/article\/1311763","thumb":"https:\/\/bdimg1.qunliao.info\/tos-cn-i-j5hyufq5o6\/fastdfs4\/M00\/F9\/62\/ChNLkl4QG7eAUpg-AAKlKnbR1vI964.jpg~tplv-j5hyufq5o6-crop:280:210.jpeg","top":false,"top_color":"","url":"https:\/\/api.dongqiudi.com\/article\/1311763.html?from=tab_6","url1":"https:\/\/api.dongqiudi.com\/article\/1311763.html?from=tab_6","scheme":"dongqiudi:\/\/\/news\/1311763","is_video":false,"new_video_detail":null,"collection_type":null,"add_to_tab":"0","is_redirect_h5":false,"ignore":"","template":"https://www.dongqiudi.com/api/app/tabs/web/news.html","show_comments":true,"published_at":"2020-01-04 12:44:00","sort_timestamp":1578113040,"channel":"article","changetop":0,"lasttime":1578114908,"relate_type":"0","click_from":"tab_6","show_time":1578113040,"stat_data":{"stat_from":"tab_6","stat_type":"article"}},{"id":1311750,"title":"\u4f50\u5c14\u514b\uff1a\u53ea\u6709\u5f53\u6d88\u606f\u66f4\u5177\u4f53\u65f6\u624d\u4f1a\u8003\u8651\u5e15\u79d1\u7684\u8f6c\u4f1a","share_title":"\u4f50\u5c14\u514b\uff1a\u53ea\u6709\u5f53\u6d88\u606f\u66f4\u5177\u4f53\u65f6\u624d\u4f1a\u8003\u8651\u5e15\u79d1\u7684\u8f6c\u4f1a","description":"","b_description":"","comments_total":11,"share":"https:\/\/www.dongqiudi.com\/article\/1311750","thumb":"https:\/\/bdimg1.qunliao.info\/tos-cn-i-j5hyufq5o6\/fastdfs4\/M00\/DF\/6D\/ChNLkl2AjDOAPLtZAALWpYIiSXw391.jpg~tplv-j5hyufq5o6-crop:280:210.jpeg","top":false,"top_color":"","url":"https:\/\/api.dongqiudi.com\/article\/1311750.html?from=tab_6","url1":"https:\/\/api.dongqiudi.com\/article\/1311750.html?from=tab_6","scheme":"dongqiudi:\/\/\/news\/1311750","is_video":false,"new_video_detail":null,"collection_type":null,"add_to_tab":"0","is_redirect_h5":false,"ignore":"","template":"https://www.dongqiudi.com/api/app/tabs/web/news.html","show_comments":true,"published_at":"2020-01-04 12:16:12","sort_timestamp":1578111372,"channel":"article","changetop":0,"lasttime":1578114608,"relate_type":"0","click_from":"tab_6","show_time":1578111372,"stat_data":{"stat_from":"tab_6","stat_type":"article"}},{"id":1311748,"title":"\u5fb7\u5a92\u8bc4\u95e8\u5174\u8fc7\u53bb\u5341\u5e74\u6700\u4f73\u9635\u5bb9\uff1a\u7f57\u4f0a\u65af\u548c\u7279\u5c14\u65bd\u7279\u6839\u9886\u8854","share_title":"\u5fb7\u5a92\u8bc4\u95e8\u5174\u8fc7\u53bb\u5341\u5e74\u6700\u4f73\u9635\u5bb9\uff1a\u7f57\u4f0a\u65af\u548c\u7279\u5c14\u65bd\u7279\u6839\u9886\u8854","description":"","b_description":"","comments_total":14,"share":"https:\/\/www.dongqiudi.com\/article\/1311748","thumb":"https:\/\/csimg2.qunliao.info\/fastdfs4\/M00\/F9\/60\/280x210\/crop\/-\/ChNLkl4QEPmAaFMtAAEvTdIsORY084.jpg","top":false,"top_color":"","url":"https:\/\/api.dongqiudi.com\/article\/1311748.html?from=tab_6","url1":"https:\/\/api.dongqiudi.com\/article\/1311748.html?from=tab_6","scheme":"dongqiudi:\/\/\/news\/1311748","is_video":false,"new_video_detail":null,"collection_type":null,"add_to_tab":"0","is_redirect_h5":false,"ignore":"","template":"https://www.dongqiudi.com/api/app/tabs/web/news.html","show_comments":true,"published_at":"2020-01-04 12:15:34","sort_timestamp":1578111334,"channel":"article","changetop":0,"lasttime":1578114609,"relate_type":"0","click_from":"tab_6","show_time":1578111334,"stat_data":{"stat_from":"tab_6","stat_type":"article"}},{"id":1311734,"title":"\u5fb7\u5a92\u8bc4\u6c99\u5c14\u514b\u8fc7\u53bb\u5341\u5e74\u6700\u4f73\u9635\u5bb9\uff1a\u4ea8\u7279\u62c9\u5c14\u548c\u52b3\u5c14\u9886\u8854","share_title":"\u5fb7\u5a92\u8bc4\u6c99\u5c14\u514b\u8fc7\u53bb\u5341\u5e74\u6700\u4f73\u9635\u5bb9\uff1a\u4ea8\u7279\u62c9\u5c14\u548c\u52b3\u5c14\u9886\u8854","description":"","b_description":"","comments_total":81,"share":"https:\/\/www.dongqiudi.com\/article\/1311734","thumb":"https:\/\/bdimg1.qunliao.info\/tos-cn-i-j5hyufq5o6\/fastdfs4\/M00\/F9\/61\/ChMf8F4QB9mAJdi6AAFDQrdXBkM173.jpg~tplv-j5hyufq5o6-crop:280:210.jpeg","top":false,"top_color":"","url":"https:\/\/api.dongqiudi.com\/article\/1311734.html?from=tab_6","url1":"https:\/\/api.dongqiudi.com\/article\/1311734.html?from=tab_6","scheme":"dongqiudi:\/\/\/news\/1311734","is_video":false,"new_video_detail":null,"collection_type":null,"add_to_tab":"0","is_redirect_h5":false,"ignore":"","template":"https://www.dongqiudi.com/api/app/tabs/web/news.html","show_comments":true,"published_at":"2020-01-04 11:38:52","sort_timestamp":1578109132,"channel":"article","changetop":0,"lasttime":1578114912,"relate_type":"0","click_from":"tab_6","show_time":1578109132,"stat_data":{"stat_from":"tab_6","stat_type":"article"}},{"id":1311720,"title":"BR\u8db3\u7403\uff1a\u70ed\u523a\u548c\u5c24\u6587\u6709\u610f\u535a\u963f\u6ed5\uff0c\u9886\u5148\u963f\u68ee\u7eb3","share_title":"BR\u8db3\u7403\uff1a\u70ed\u523a\u548c\u5c24\u6587\u6709\u610f\u535a\u963f\u6ed5\uff0c\u9886\u5148\u963f\u68ee\u7eb3","description":"","b_description":"","comments_total":119,"share":"https:\/\/www.dongqiudi.com\/article\/1311720","thumb":"https:\/\/csimg2.qunliao.info\/fastdfs4\/M00\/F9\/5F\/280x210\/crop\/-\/ChMf8F4QAlSABKmhAAGWPEi0w2g905.jpg","top":false,"top_color":"","url":"https:\/\/api.dongqiudi.com\/article\/1311720.html?from=tab_6","url1":"https:\/\/api.dongqiudi.com\/article\/1311720.html?from=tab_6","scheme":"dongqiudi:\/\/\/news\/1311720","is_video":false,"new_video_detail":null,"collection_type":null,"add_to_tab":"0","is_redirect_h5":false,"ignore":"","template":"https://www.dongqiudi.com/api/app/tabs/web/news.html","show_comments":true,"published_at":"2020-01-04 11:12:30","sort_timestamp":1578107550,"channel":"article","changetop":0,"lasttime":1578111310,"relate_type":"0","click_from":"tab_6","show_time":1578107550,"stat_data":{"stat_from":"tab_6","stat_type":"article"}},{"id":1311709,"title":"\u8e22\u7403\u8005\uff1a\u6c83\u5c14\u592b\u65af\u5821\u6709\u610f\u7687\u9a6c\u5916\u79df\u540e\u536b\u5df4\u5217\u970d","share_title":"\u8e22\u7403\u8005\uff1a\u6c83\u5c14\u592b\u65af\u5821\u6709\u610f\u7687\u9a6c\u5916\u79df\u540e\u536b\u5df4\u5217\u970d","description":"","b_description":"","comments_total":26,"share":"https:\/\/www.dongqiudi.com\/article\/1311709","thumb":"https:\/\/bdimg1.qunliao.info\/tos-cn-i-j5hyufq5o6\/fastdfs4\/M00\/F9\/5F\/ChMf8F4P_32AbeLTAADN6Wx3AYg170.jpg~tplv-j5hyufq5o6-crop:280:210.jpeg","top":false,"top_color":"","url":"https:\/\/api.dongqiudi.com\/article\/1311709.html?from=tab_6","url1":"https:\/\/api.dongqiudi.com\/article\/1311709.html?from=tab_6","scheme":"dongqiudi:\/\/\/news\/1311709","is_video":false,"new_video_detail":null,"collection_type":null,"add_to_tab":"0","is_redirect_h5":false,"ignore":"","template":"https://www.dongqiudi.com/api/app/tabs/web/news.html","show_comments":true,"published_at":"2020-01-04 11:00:25","sort_timestamp":1578106825,"channel":"article","changetop":0,"lasttime":1578108907,"relate_type":"0","click_from":"tab_6","show_time":1578106825,"stat_data":{"stat_from":"tab_6","stat_type":"article"}},{"id":1311707,"title":"\u9b4f\u683c\u5c14\uff1a\u611f\u8c22\u4e0e\u591a\u7279\u5927\u5bb6\u5ead\u5171\u540c\u5ea6\u8fc7\u7684\u7f8e\u597d\u65f6\u5149","share_title":"\u9b4f\u683c\u5c14\uff1a\u611f\u8c22\u4e0e\u591a\u7279\u5927\u5bb6\u5ead\u5171\u540c\u5ea6\u8fc7\u7684\u7f8e\u597d\u65f6\u5149","description":"","b_description":"","comments_total":17,"share":"https:\/\/www.dongqiudi.com\/article\/1311707","thumb":"https:\/\/bdimg1.qunliao.info\/tos-cn-i-j5hyufq5o6\/fastdfs4\/M00\/F9\/5D\/ChNLkl4QADuAGECoAAE6ehRbXi0267.jpg~tplv-j5hyufq5o6-crop:280:210.jpeg","top":false,"top_color":"","url":"https:\/\/api.dongqiudi.com\/article\/1311707.html?from=tab_6","url1":"https:\/\/api.dongqiudi.com\/article\/1311707.html?from=tab_6","scheme":"dongqiudi:\/\/\/news\/1311707","is_video":false,"new_video_detail":null,"collection_type":null,"add_to_tab":"0","is_redirect_h5":false,"ignore":"","template":"https://www.dongqiudi.com/api/app/tabs/web/news.html","show_comments":true,"published_at":"2020-01-04 10:56:17","sort_timestamp":1578106577,"channel":"article","changetop":0,"lasttime":1578108308,"relate_type":"0","click_from":"tab_6","show_time":1578106577,"stat_data":{"stat_from":"tab_6","stat_type":"article"}},{"id":1311705,"title":"\u6062\u590d\u4e0d\u987a\u5229\uff0c\u6c99\u5c14\u514b\u540e\u9632\u5927\u5c06\u65af\u5766\u5e03\u5229\u65e0\u7f18\u51ac\u8bad\u8425","share_title":"\u6062\u590d\u4e0d\u987a\u5229\uff0c\u6c99\u5c14\u514b\u540e\u9632\u5927\u5c06\u65af\u5766\u5e03\u5229\u65e0\u7f18\u51ac\u8bad\u8425","description":"","b_description":"","comments_total":12,"share":"https:\/\/www.dongqiudi.com\/article\/1311705","thumb":"https:\/\/bdimg1.qunliao.info\/tos-cn-i-j5hyufq5o6\/fastdfs4\/M00\/F9\/5F\/ChMf8F4P_dGAE7IhAAD3oDKUtqI682.jpg~tplv-j5hyufq5o6-crop:280:210.jpeg","top":false,"top_color":"","url":"https:\/\/api.dongqiudi.com\/article\/1311705.html?from=tab_6","url1":"https:\/\/api.dongqiudi.com\/article\/1311705.html?from=tab_6","scheme":"dongqiudi:\/\/\/news\/1311705","is_video":false,"new_video_detail":null,"collection_type":null,"add_to_tab":"0","is_redirect_h5":false,"ignore":"","template":"https://www.dongqiudi.com/api/app/tabs/web/news.html","show_comments":true,"published_at":"2020-01-04 10:53:15","sort_timestamp":1578106395,"channel":"article","changetop":0,"lasttime":1578107408,"relate_type":"0","click_from":"tab_6","show_time":1578106395,"stat_data":{"stat_from":"tab_6","stat_type":"article"}},{"id":1311701,"title":"\u7403\u5458\u6ce8\u610f\u4e86\uff0c\u67cf\u6797\u8d6b\u5854\u51ac\u8bad\u8425\u9644\u8fd1\u6709\u9cc4\u9c7c\u51fa\u6ca1","share_title":"\u7403\u5458\u6ce8\u610f\u4e86\uff0c\u67cf\u6797\u8d6b\u5854\u51ac\u8bad\u8425\u9644\u8fd1\u6709\u9cc4\u9c7c\u51fa\u6ca1","description":"","b_description":"","comments_total":137,"share":"https:\/\/www.dongqiudi.com\/article\/1311701","thumb":"https:\/\/bdimg1.qunliao.info\/tos-cn-i-j5hyufq5o6\/fastdfs4\/M00\/F9\/5E\/ChMf8F4P-2OAZMePAAJ-8DB1_eA472.jpg~tplv-j5hyufq5o6-crop:280:210.jpeg","top":false,"top_color":"","url":"https:\/\/api.dongqiudi.com\/article\/1311701.html?from=tab_6","url1":"https:\/\/api.dongqiudi.com\/article\/1311701.html?from=tab_6","scheme":"dongqiudi:\/\/\/news\/1311701","is_video":false,"new_video_detail":null,"collection_type":null,"add_to_tab":"0","is_redirect_h5":false,"ignore":"","template":"https://www.dongqiudi.com/api/app/tabs/web/news.html","show_comments":true,"published_at":"2020-01-04 10:42:47","sort_timestamp":1578105767,"channel":"article","changetop":0,"lasttime":1578109212,"relate_type":"0","click_from":"tab_6","show_time":1578105767,"stat_data":{"stat_from":"tab_6","stat_type":"article"}},{"id":1311699,"title":"\u6bcf\u65e5\u90ae\u62a5\uff1a\u66fc\u8054\u6b64\u524d\u8bd5\u56fe\u7ed5\u5f00\u62c9\u4f0a\u5965\u62c9\u7b7e\u4e0b\u54c8\u5170\u5fb7","share_title":"\u6bcf\u65e5\u90ae\u62a5\uff1a\u66fc\u8054\u6b64\u524d\u8bd5\u56fe\u7ed5\u5f00\u62c9\u4f0a\u5965\u62c9\u7b7e\u4e0b\u54c8\u5170\u5fb7","description":"","b_description":"","comments_total":190,"share":"https:\/\/www.dongqiudi.com\/article\/1311699","thumb":"https:\/\/csimg2.qunliao.info\/fastdfs4\/M00\/F8\/4A\/280x210\/crop\/-\/ChMf8F4IxbqABwVgAAJg8nNRIN0948.jpg","top":false,"top_color":"","url":"https:\/\/api.dongqiudi.com\/article\/1311699.html?from=tab_6","url1":"https:\/\/api.dongqiudi.com\/article\/1311699.html?from=tab_6","scheme":"dongqiudi:\/\/\/news\/1311699","is_video":false,"new_video_detail":null,"collection_type":null,"add_to_tab":"0","is_redirect_h5":false,"ignore":"","template":"https://www.dongqiudi.com/api/app/tabs/web/news.html","show_comments":true,"published_at":"2020-01-04 10:36:39","sort_timestamp":1578105399,"channel":"article","changetop":0,"lasttime":1578108912,"relate_type":"0","click_from":"tab_6","show_time":1578105399,"stat_data":{"stat_from":"tab_6","stat_type":"article"},"hot_comments":[{"id":"168343703","up":"1232","rank":15781056167464.002,"created_at":"2020-01-04 10:40:16","user_id":"1666991","attributes":"0","checked":"1","recommend":true,"content":"\u53ef\u60dc\u592a\u80d6\u7ed5\u4e0d\u8fc7","content_old":"\u53ef\u60dc\u592a\u80d6\u7ed5\u4e0d\u8fc7","reply_total":"17","show_time":1578105616,"god_comment":0,"scheme":"dongqiudi:\/\/v1\/article\/commentlist\/1311699?type=news","author":{"id":"1666991","username":"\u4e1c\u65b9\u6b63\u4eae","avatar":"https:\/\/bdimg2.qunliao.info\/tos-cn-i-j5hyufq5o6\/fastdfs3\/M00\/CA\/4E\/ChONol1be1-AKtLEAAC65KWE6dE346.jpg~tplv-j5hyufq5o6-scaleimage:100:0.image","medal_id":0,"medal_desc":"","medal_url":"","creted_at":"2016-02-16 22:56:53","team_id":"2017","team_icon":"https:\/\/sd.qunliao.info\/fastdfs3\/M00\/B5\/7E\/ChOxM1xC2RyAO0y3AAAVIBAG1T0205.png","is_admin":0,"is_root":false,"personal_pendant":[],"pendant":[{"url":"https:\/\/sd.qunliao.info\/fastdfs3\/M00\/B5\/7E\/ChOxM1xC2RyAO0y3AAAVIBAG1T0205.png","title":"","type":"fav","width":48,"height":48,"scheme":"","level":2}],"newpendant":[{"url":"https:\/\/sd.qunliao.info\/fastdfs3\/M00\/B5\/7E\/ChOxM1xC2RyAO0y3AAAVIBAG1T0205.png","title":"","type":"fav","width":42,"height":42,"scheme":"","level":2,"from":"hometeam"}],"identintro":null}}]},{"id":1311698,"title":"\u7f8e\u56fd\u5a92\u4f53\uff1a\u54c8\u5170\u5fb7\u5408\u540c\u4e2d\u5305\u542b\u4e70\u65ad\u6761\u6b3e\uff0c\u8d85\u8fc75000\u4e07\u82f1\u9551","share_title":"\u7f8e\u56fd\u5a92\u4f53\uff1a\u54c8\u5170\u5fb7\u5408\u540c\u4e2d\u5305\u542b\u4e70\u65ad\u6761\u6b3e\uff0c\u8d85\u8fc75000\u4e07\u82f1\u9551","description":"","b_description":"","comments_total":125,"share":"https:\/\/www.dongqiudi.com\/article\/1311698","thumb":"https:\/\/bdimg1.qunliao.info\/tos-cn-i-j5hyufq5o6\/fastdfs4\/M00\/F9\/5C\/ChNLkl4P-P-ARSV6AAEUnVNurfI482.jpg~tplv-j5hyufq5o6-crop:280:210.jpeg","top":false,"top_color":"","url":"https:\/\/api.dongqiudi.com\/article\/1311698.html?from=tab_6","url1":"https:\/\/api.dongqiudi.com\/article\/1311698.html?from=tab_6","scheme":"dongqiudi:\/\/\/news\/1311698","is_video":false,"new_video_detail":null,"collection_type":null,"add_to_tab":"0","is_redirect_h5":false,"ignore":"","template":"https://www.dongqiudi.com/api/app/tabs/web/news.html","show_comments":true,"published_at":"2020-01-04 10:33:37","sort_timestamp":1578105217,"channel":"article","changetop":0,"lasttime":1578108315,"relate_type":"0","click_from":"tab_6","show_time":1578105217,"stat_data":{"stat_from":"tab_6","stat_type":"article"}},{"id":1311690,"title":"\u591a\u7279\u7403\u63a2\uff1a2016\u5e74\u5c31\u5173\u6ce8\u54c8\u5170\u5fb7\uff0c\u5fb7\u83b1\u5c3c\u901a\u8fc7\u624b\u673a\u529d\u8bf4\u4ed6\u52a0\u76df","share_title":"\u591a\u7279\u7403\u63a2\uff1a2016\u5e74\u5c31\u5173\u6ce8\u54c8\u5170\u5fb7\uff0c\u5fb7\u83b1\u5c3c\u901a\u8fc7\u624b\u673a\u529d\u8bf4\u4ed6\u52a0\u76df","description":"","b_description":"","comments_total":67,"share":"https:\/\/www.dongqiudi.com\/article\/1311690","thumb":"https:\/\/csimg2.qunliao.info\/fastdfs4\/M00\/F9\/5E\/280x210\/crop\/-\/ChMf8F4P9uiABWVkAAJn9FTf3QM868.jpg","top":false,"top_color":"","url":"https:\/\/api.dongqiudi.com\/article\/1311690.html?from=tab_6","url1":"https:\/\/api.dongqiudi.com\/article\/1311690.html?from=tab_6","scheme":"dongqiudi:\/\/\/news\/1311690","is_video":false,"new_video_detail":null,"collection_type":null,"add_to_tab":"0","is_redirect_h5":false,"ignore":"","template":"https://www.dongqiudi.com/api/app/tabs/web/news.html","show_comments":true,"published_at":"2020-01-04 10:23:57","sort_timestamp":1578104637,"channel":"article","changetop":0,"lasttime":1578107406,"relate_type":"0","click_from":"tab_6","show_time":1578104637,"stat_data":{"stat_from":"tab_6","stat_type":"article"}},{"id":1311681,"title":"\u5fb7\u5a92\uff1a\u62dc\u4ec1\u5e0c\u671b\u51ac\u7a97\u5f15\u5165\u540e\u9632\u591a\u9762\u624b\uff0c\u80fd\u591f\u62c5\u4efb\u8fb9\u536b\u548c\u4e2d\u536b","share_title":"\u5fb7\u5a92\uff1a\u62dc\u4ec1\u5e0c\u671b\u51ac\u7a97\u5f15\u5165\u540e\u9632\u591a\u9762\u624b\uff0c\u80fd\u591f\u62c5\u4efb\u8fb9\u536b\u548c\u4e2d\u536b","description":"","b_description":"","comments_total":88,"share":"https:\/\/www.dongqiudi.com\/article\/1311681","thumb":"https:\/\/bdimg1.qunliao.info\/tos-cn-i-j5hyufq5o6\/fastdfs4\/M00\/F9\/5D\/ChMf8F4P9KOAFnOeAACmBRQ5AyI013.jpg~tplv-j5hyufq5o6-crop:280:210.jpeg","top":false,"top_color":"","url":"https:\/\/api.dongqiudi.com\/article\/1311681.html?from=tab_6","url1":"https:\/\/api.dongqiudi.com\/article\/1311681.html?from=tab_6","scheme":"dongqiudi:\/\/\/news\/1311681","is_video":false,"new_video_detail":null,"collection_type":null,"add_to_tab":"0","is_redirect_h5":false,"ignore":"","template":"https://www.dongqiudi.com/api/app/tabs/web/news.html","show_comments":true,"published_at":"2020-01-04 10:15:03","sort_timestamp":1578104103,"channel":"article","changetop":0,"lasttime":1578106207,"relate_type":"0","click_from":"tab_6","show_time":1578104103,"stat_data":{"stat_from":"tab_6","stat_type":"article"}},{"id":1311675,"title":"\u5fb7\u5a92\uff1a\u5f17\u91cc\u514b\u4f1a\u5728\u51ac\u8bad\u8425\u5c1d\u8bd5\u65b0\u6218\u672f\uff0c\u8981\u6c42\u66f4\u591a\u538b\u8feb","share_title":"\u5fb7\u5a92\uff1a\u5f17\u91cc\u514b\u4f1a\u5728\u51ac\u8bad\u8425\u5c1d\u8bd5\u65b0\u6218\u672f\uff0c\u8981\u6c42\u66f4\u591a\u538b\u8feb","description":"","b_description":"","comments_total":37,"share":"https:\/\/www.dongqiudi.com\/article\/1311675","thumb":"https:\/\/bdimg1.qunliao.info\/tos-cn-i-j5hyufq5o6\/fastdfs4\/M00\/F9\/5D\/ChMf8F4P8kCAcuwMAADSvvV5QCA660.jpg~tplv-j5hyufq5o6-crop:280:210.jpeg","top":false,"top_color":"","url":"https:\/\/api.dongqiudi.com\/article\/1311675.html?from=tab_6","url1":"https:\/\/api.dongqiudi.com\/article\/1311675.html?from=tab_6","scheme":"dongqiudi:\/\/\/news\/1311675","is_video":false,"new_video_detail":null,"collection_type":null,"add_to_tab":"0","is_redirect_h5":false,"ignore":"","template":"https://www.dongqiudi.com/api/app/tabs/web/news.html","show_comments":true,"published_at":"2020-01-04 10:04:43","sort_timestamp":1578103483,"channel":"article","changetop":0,"lasttime":1578105308,"relate_type":"0","click_from":"tab_6","show_time":1578103483,"stat_data":{"stat_from":"tab_6","stat_type":"article"}},{"id":1311674,"title":"\u5fb7\u5a92\uff1a\u591a\u7279\u8499\u5fb7\u548c\u5df4\u8428\u5c06\u7ade\u4e89\u83b1\u6bd4\u9521\u540e\u536b\u514b\u6d1b\u65af\u7279\u66fc","share_title":"\u5fb7\u5a92\uff1a\u591a\u7279\u8499\u5fb7\u548c\u5df4\u8428\u5c06\u7ade\u4e89\u83b1\u6bd4\u9521\u540e\u536b\u514b\u6d1b\u65af\u7279\u66fc","description":"","b_description":"","comments_total":164,"share":"https:\/\/www.dongqiudi.com\/article\/1311674","thumb":"https:\/\/csimg2.qunliao.info\/fastdfs4\/M00\/F9\/5B\/280x210\/crop\/-\/ChNLkl4P8KuAbds4AADBxT4ZPAg890.jpg","top":false,"top_color":"","url":"https:\/\/api.dongqiudi.com\/article\/1311674.html?from=tab_6","url1":"https:\/\/api.dongqiudi.com\/article\/1311674.html?from=tab_6","scheme":"dongqiudi:\/\/\/news\/1311674","is_video":false,"new_video_detail":null,"collection_type":null,"add_to_tab":"0","is_redirect_h5":false,"ignore":"","template":"https://www.dongqiudi.com/api/app/tabs/web/news.html","show_comments":true,"published_at":"2020-01-04 09:57:30","sort_timestamp":1578103050,"channel":"article","changetop":0,"lasttime":1578107393,"relate_type":"0","click_from":"tab_6","show_time":1578103050,"stat_data":{"stat_from":"tab_6","stat_type":"article"}},{"id":1311631,"title":"\u8fea\u9a6c\u6d4e\u5965\uff1a\u83b1\u65af\u7279\u57ce\u548c\u591a\u7279\u62a5\u4ef7\u5fb7\u7c73\u62c9\u5c14\uff0c\u88ab\u5c24\u6587\u62d2\u7edd","share_title":"\u8fea\u9a6c\u6d4e\u5965\uff1a\u83b1\u65af\u7279\u57ce\u548c\u591a\u7279\u62a5\u4ef7\u5fb7\u7c73\u62c9\u5c14\uff0c\u88ab\u5c24\u6587\u62d2\u7edd","description":"","b_description":"","comments_total":127,"share":"https:\/\/www.dongqiudi.com\/article\/1311631","thumb":"https:\/\/bdimg1.qunliao.info\/tos-cn-i-j5hyufq5o6\/fastdfs4\/M00\/EB\/1A\/ChNLkl3Cd7eAbjWcAAIV-XW7SKc411.jpg~tplv-j5hyufq5o6-crop:280:210.jpeg","top":false,"top_color":"","url":"https:\/\/api.dongqiudi.com\/article\/1311631.html?from=tab_6","url1":"https:\/\/api.dongqiudi.com\/article\/1311631.html?from=tab_6","scheme":"dongqiudi:\/\/\/news\/1311631","is_video":false,"new_video_detail":null,"collection_type":null,"add_to_tab":"0","is_redirect_h5":false,"ignore":"","template":"https://www.dongqiudi.com/api/app/tabs/web/news.html","show_comments":true,"published_at":"2020-01-04 05:09:54","sort_timestamp":1578085794,"channel":"article","changetop":0,"lasttime":1578099006,"relate_type":"0","click_from":"tab_6","show_time":1578085794,"stat_data":{"stat_from":"tab_6","stat_type":"article"}},{"id":1311628,"title":"\u53ca\u65f6\u590d\u51fa\uff0c\u6cd5\u5c14\u514b\u786e\u8ba4\u79d1\u66fc\u53ef\u4ee5\u51fa\u6218\u67cf\u6797\u8d6b\u5854","share_title":"\u53ca\u65f6\u590d\u51fa\uff0c\u6cd5\u5c14\u514b\u786e\u8ba4\u79d1\u66fc\u53ef\u4ee5\u51fa\u6218\u67cf\u6797\u8d6b\u5854","description":"","b_description":"","comments_total":19,"share":"https:\/\/www.dongqiudi.com\/article\/1311628","thumb":"https:\/\/bdimg1.qunliao.info\/tos-cn-i-j5hyufq5o6\/fastdfs4\/M00\/F9\/58\/ChMf8F4PpwuALVpcAAGkdOdJ2Po570.jpg~tplv-j5hyufq5o6-crop:280:210.jpeg","top":false,"top_color":"","url":"https:\/\/api.dongqiudi.com\/article\/1311628.html?from=tab_6","url1":"https:\/\/api.dongqiudi.com\/article\/1311628.html?from=tab_6","scheme":"dongqiudi:\/\/\/news\/1311628","is_video":false,"new_video_detail":null,"collection_type":null,"add_to_tab":"0","is_redirect_h5":false,"ignore":"","template":"https://www.dongqiudi.com/api/app/tabs/web/news.html","show_comments":true,"published_at":"2020-01-04 04:45:02","sort_timestamp":1578084302,"channel":"article","changetop":0,"lasttime":1578093306,"relate_type":"0","click_from":"tab_6","show_time":1578084302,"stat_data":{"stat_from":"tab_6","stat_type":"article"}},{"id":1311627,"title":"\u8428\u5229\u5c06\u5c3d\u529b\u4e3a\u62dc\u4ec1\u5f15\u8fdb\u5fb7\u56fd\u5e74\u8f7b\u7403\u5458\uff0c\u8428\u5185\u3001\u54c8\u5f17\u8328\u662f\u5f15\u63f4\u76ee\u6807","share_title":"\u8428\u5229\u5c06\u5c3d\u529b\u4e3a\u62dc\u4ec1\u5f15\u8fdb\u5fb7\u56fd\u5e74\u8f7b\u7403\u5458\uff0c\u8428\u5185\u3001\u54c8\u5f17\u8328\u662f\u5f15\u63f4\u76ee\u6807","description":"","b_description":"","comments_total":167,"share":"https:\/\/www.dongqiudi.com\/article\/1311627","thumb":"https:\/\/bdimg1.qunliao.info\/tos-cn-i-j5hyufq5o6\/fastdfs4\/M00\/F9\/56\/ChNLkl4Po36AYqoSAAGWGrw-Ds8609.jpg~tplv-j5hyufq5o6-crop:280:210.jpeg","top":false,"top_color":"","url":"https:\/\/api.dongqiudi.com\/article\/1311627.html?from=tab_6","url1":"https:\/\/api.dongqiudi.com\/article\/1311627.html?from=tab_6","scheme":"dongqiudi:\/\/\/news\/1311627","is_video":false,"new_video_detail":null,"collection_type":null,"add_to_tab":"0","is_redirect_h5":false,"ignore":"","template":"https://www.dongqiudi.com/api/app/tabs/web/news.html","show_comments":true,"published_at":"2020-01-04 04:28:36","sort_timestamp":1578083316,"channel":"article","changetop":0,"lasttime":1578099287,"relate_type":"0","click_from":"tab_6","show_time":1578083316,"stat_data":{"stat_from":"tab_6","stat_type":"article"}},{"id":1311626,"title":"\u52a0\u62c9\u5854\u8428\u96f7\u5b98\u65b9\uff1a\u7403\u961f\u5728\u8fdb\u884c\u83b1\u6bd4\u9521\u540e\u536b\u8428\u62c9\u57fa\u7684\u8f6c\u4f1a\u8c08\u5224","share_title":"\u52a0\u62c9\u5854\u8428\u96f7\u5b98\u65b9\uff1a\u7403\u961f\u5728\u8fdb\u884c\u83b1\u6bd4\u9521\u540e\u536b\u8428\u62c9\u57fa\u7684\u8f6c\u4f1a\u8c08\u5224","description":"","b_description":"","comments_total":3,"share":"https:\/\/www.dongqiudi.com\/article\/1311626","thumb":"https:\/\/bdimg1.qunliao.info\/tos-cn-i-j5hyufq5o6\/fastdfs4\/M00\/F9\/58\/ChMf8F4Po1iAbWSbAABw-SPkgPo116.jpg~tplv-j5hyufq5o6-crop:280:210.jpeg","top":false,"top_color":"","url":"https:\/\/api.dongqiudi.com\/article\/1311626.html?from=tab_6","url1":"https:\/\/api.dongqiudi.com\/article\/1311626.html?from=tab_6","scheme":"dongqiudi:\/\/\/news\/1311626","is_video":false,"new_video_detail":null,"collection_type":null,"add_to_tab":"0","is_redirect_h5":false,"ignore":"","template":"https://www.dongqiudi.com/api/app/tabs/web/news.html","show_comments":true,"published_at":"2020-01-04 04:27:33","sort_timestamp":1578083253,"channel":"article","changetop":0,"lasttime":1578092406,"relate_type":"0","click_from":"tab_6","show_time":1578083253,"stat_data":{"stat_from":"tab_6","stat_type":"article"}}]}